-- phpMyAdmin SQL Dump
-- version 6.0.0-dev+20250705.aa083f168f
-- https://www.phpmyadmin.net/
--
-- Host: localhost
-- Generation Time: Dec 02, 2025 at 08:01 AM
-- Server version: 9.1.0
-- PHP Version: 8.4.10

SET SQL_MODE = "NO_AUTO_VALUE_ON_ZERO";
START TRANSACTION;
SET time_zone = "+00:00";


/*!40101 SET @OLD_CHARACTER_SET_CLIENT=@@CHARACTER_SET_CLIENT */;
/*!40101 SET @OLD_CHARACTER_SET_RESULTS=@@CHARACTER_SET_RESULTS */;
/*!40101 SET @OLD_COLLATION_CONNECTION=@@COLLATION_CONNECTION */;
/*!40101 SET NAMES utf8mb4 */;

--
-- Database: `db_pos_enhanced`
--

-- --------------------------------------------------------

--
-- Table structure for table `accounts`
--

CREATE TABLE `accounts` (
  `id` bigint UNSIGNED NOT NULL,
  `account_name` varchar(255) CHARACTER SET utf8mb4 COLLATE utf8mb4_unicode_ci NOT NULL,
  `balance` decimal(12,2) NOT NULL DEFAULT '0.00',
  `image` varchar(255) CHARACTER SET utf8mb4 COLLATE utf8mb4_unicode_ci DEFAULT NULL,
  `created_at` timestamp NULL DEFAULT NULL,
  `updated_at` timestamp NULL DEFAULT NULL
) ENGINE=InnoDB DEFAULT CHARSET=utf8mb4 COLLATE=utf8mb4_unicode_ci;

--
-- Dumping data for table `accounts`
--

INSERT INTO `accounts` (`id`, `account_name`, `balance`, `image`, `created_at`, `updated_at`) VALUES
(1, 'BRI', 6882034.00, 'accounts/mRlSUPZ39Q3abRpkKZ0tEkIniCeP4yMELKh8CTd4.png', '2025-08-20 14:12:19', '2025-09-07 04:56:49'),
(2, 'Gopay', 10392755.00, 'accounts/DULQbkLhjxNtzDpxx6f1jZfYfUAsnjjXFSDbdUw8.png', '2025-08-20 14:15:22', '2025-09-10 05:07:49'),
(3, 'Mandiri', 3240824.00, 'accounts/wszutkPrU5sqdLVNnKU2wDkPYbt3A0g91taMTSIM.png', '2025-08-20 14:15:59', '2025-09-10 05:07:21'),
(4, 'Seabank', 1835162.00, 'accounts/fcHJze7JZhgYVr5zQrwuaOrmXgPgVCUQfyK6JJnu.png', '2025-08-20 14:16:24', '2025-09-07 04:58:05'),
(5, 'Dana(Bisnis)', 4533000.00, 'accounts/zAnOSO4YSzBDL8zOxTCJaAKYpdqtvNwos7rjExW0.png', '2025-08-20 14:17:37', '2025-09-09 16:14:25'),
(6, 'Dana(Julia)', 1673961.00, 'accounts/6zw3MaBmPnzJBY1D3GLrTjuA6zIWZDAoKXMKnJ1K.png', '2025-08-20 14:18:58', '2025-09-06 16:45:34'),
(7, 'Dana(Firdaus)', 255630.00, 'accounts/9qIwzpovuXYLvvA4eWRzO6FAFbAI5Va944zSZSVf.png', '2025-08-20 14:19:58', '2025-09-09 15:41:51'),
(8, 'Gopay(QRIS)', 10.00, 'accounts/2IgdsrUV4zX26GMZwxjHhMk54adnlPxYokNUgTpY.png', '2025-08-20 14:22:43', '2025-09-03 23:59:41'),
(9, 'BNI', 3448939.00, 'accounts/5vTwwv6RruWuynGIw2C4H8vqmd5VFHGhlFwIGRjj.png', '2025-08-20 14:23:43', '2025-09-06 16:58:43'),
(10, 'Dana(Hanim)', 296948.00, 'accounts/dlZnIzK5bxfCVKgU8jGfA1NxXY5JTVwo2ev7iCvQ.png', '2025-08-23 14:50:17', '2025-09-06 17:01:09');

-- --------------------------------------------------------

--
-- Table structure for table `account_mutations`
--

CREATE TABLE `account_mutations` (
  `id` bigint UNSIGNED NOT NULL,
  `account_id` bigint UNSIGNED NOT NULL,
  `mutation_type` enum('in','out') CHARACTER SET utf8mb4 COLLATE utf8mb4_unicode_ci NOT NULL,
  `amount` decimal(12,2) NOT NULL,
  `created_at` timestamp NULL DEFAULT NULL,
  `updated_at` timestamp NULL DEFAULT NULL
) ENGINE=InnoDB DEFAULT CHARSET=utf8mb4 COLLATE=utf8mb4_unicode_ci;

--
-- Dumping data for table `account_mutations`
--

INSERT INTO `account_mutations` (`id`, `account_id`, `mutation_type`, `amount`, `created_at`, `updated_at`) VALUES
(1, 5, 'in', 37000.00, '2025-08-20 15:19:32', '2025-08-20 15:19:32'),
(6, 5, 'out', 1958000.00, '2025-08-20 15:21:26', '2025-08-20 15:21:26'),
(7, 4, 'in', 1958000.00, '2025-08-20 15:22:02', '2025-08-20 15:22:02'),
(8, 4, 'out', 419000.00, '2025-08-20 15:22:16', '2025-08-20 15:22:16'),
(9, 6, 'in', 154000.00, '2025-08-20 15:23:14', '2025-08-20 15:23:14'),
(10, 6, 'out', 33000.00, '2025-08-20 15:23:30', '2025-08-20 15:23:30'),
(11, 6, 'out', 202000.00, '2025-08-20 15:23:52', '2025-08-20 15:23:52'),
(12, 6, 'out', 15000.00, '2025-08-20 15:24:17', '2025-08-20 15:24:17'),
(13, 3, 'in', 511000.00, '2025-08-20 15:24:57', '2025-08-20 15:24:57'),
(14, 7, 'out', 15000.00, '2025-08-22 13:43:40', '2025-08-22 13:43:40'),
(15, 7, 'out', 50000.00, '2025-08-22 13:47:14', '2025-08-22 13:47:14'),
(16, 8, 'in', 40000.00, '2025-08-22 13:49:07', '2025-08-22 13:49:07'),
(17, 7, 'out', 33000.00, '2025-08-22 13:49:25', '2025-08-22 13:49:25'),
(18, 7, 'out', 20000.00, '2025-08-22 13:51:07', '2025-08-22 13:51:07'),
(23, 2, 'out', 50000.00, '2025-08-22 14:00:44', '2025-08-22 14:00:44'),
(24, 2, 'out', 50000.00, '2025-08-22 14:00:58', '2025-08-22 14:00:58'),
(25, 7, 'out', 26000.00, '2025-08-22 14:01:17', '2025-08-22 14:01:17'),
(26, 7, 'out', 48000.00, '2025-08-22 14:01:24', '2025-08-22 14:01:24'),
(27, 1, 'in', 100000.00, '2025-08-22 14:01:33', '2025-08-22 14:01:33'),
(28, 2, 'out', 50000.00, '2025-08-22 14:05:00', '2025-08-22 14:05:00'),
(29, 7, 'out', 30000.00, '2025-08-22 14:06:21', '2025-08-22 14:06:21'),
(31, 7, 'out', 100000.00, '2025-08-22 14:22:33', '2025-08-22 14:22:33'),
(38, 1, 'in', 17000.00, '2025-08-22 14:25:35', '2025-08-22 14:25:35'),
(39, 7, 'out', 48000.00, '2025-08-22 14:36:35', '2025-08-22 14:36:35'),
(40, 5, 'in', 82000.00, '2025-08-22 14:55:41', '2025-08-22 14:55:41'),
(41, 2, 'out', 50000.00, '2025-08-22 14:56:37', '2025-08-22 14:56:37'),
(42, 7, 'out', 70000.00, '2025-08-22 14:57:48', '2025-08-22 14:57:48'),
(43, 2, 'out', 30000.00, '2025-08-22 14:59:05', '2025-08-22 14:59:05'),
(44, 2, 'out', 16000.00, '2025-08-23 03:03:11', '2025-08-23 03:03:11'),
(45, 5, 'in', 475000.00, '2025-08-23 03:07:31', '2025-08-23 03:07:31'),
(46, 7, 'out', 23000.00, '2025-08-23 03:09:47', '2025-08-23 03:09:47'),
(47, 7, 'out', 268000.00, '2025-08-23 03:10:18', '2025-08-23 03:10:18'),
(48, 7, 'out', 202000.00, '2025-08-23 03:19:16', '2025-08-23 03:19:16'),
(49, 1, 'out', 65500.00, '2025-08-23 04:07:37', '2025-08-23 04:07:37'),
(50, 4, 'out', 36321.00, '2025-08-23 04:25:29', '2025-08-23 04:25:29'),
(51, 7, 'out', 48000.00, '2025-08-23 04:43:43', '2025-08-23 04:43:43'),
(52, 1, 'out', 2003000.00, '2025-08-23 05:32:07', '2025-08-23 05:32:07'),
(53, 7, 'out', 48000.00, '2025-08-23 05:32:17', '2025-08-23 05:32:17'),
(54, 7, 'out', 23000.00, '2025-08-23 05:40:14', '2025-08-23 05:40:14'),
(55, 2, 'out', 20000.00, '2025-08-23 06:06:40', '2025-08-23 06:06:40'),
(56, 7, 'out', 13000.00, '2025-08-23 06:07:21', '2025-08-23 06:07:21'),
(57, 6, 'in', 45000.00, '2025-08-23 06:12:28', '2025-08-23 06:12:28'),
(58, 7, 'in', 500000.00, '2025-08-23 06:25:35', '2025-08-23 06:25:35'),
(59, 7, 'out', 400000.00, '2025-08-23 06:25:49', '2025-08-23 06:25:49'),
(60, 7, 'out', 147000.00, '2025-08-23 06:26:12', '2025-08-23 06:26:12'),
(61, 1, 'in', 11750.00, '2025-08-23 08:04:55', '2025-08-23 08:04:55'),
(62, 1, 'in', 2005000.00, '2025-08-23 08:05:36', '2025-08-23 08:05:36'),
(63, 7, 'out', 35000.00, '2025-08-23 08:06:16', '2025-08-23 08:06:16'),
(64, 7, 'out', 149000.00, '2025-08-23 08:06:28', '2025-08-23 08:06:28'),
(65, 2, 'out', 25000.00, '2025-08-23 08:07:11', '2025-08-23 08:07:11'),
(66, 6, 'out', 23000.00, '2025-08-23 08:08:02', '2025-08-23 08:08:02'),
(67, 6, 'out', 20000.00, '2025-08-23 08:08:10', '2025-08-23 08:08:10'),
(68, 6, 'in', 2000.00, '2025-08-23 08:08:23', '2025-08-23 08:08:23'),
(69, 5, 'out', 500000.00, '2025-08-23 08:08:55', '2025-08-23 08:08:55'),
(70, 5, 'in', 343000.00, '2025-08-23 08:09:11', '2025-08-23 08:09:11'),
(71, 5, 'in', 100000.00, '2025-08-23 08:09:26', '2025-08-23 08:09:26'),
(72, 4, 'out', 122000.00, '2025-08-23 08:10:09', '2025-08-23 08:10:09'),
(73, 4, 'in', 86.00, '2025-08-23 08:10:28', '2025-08-23 08:10:28'),
(74, 2, 'in', 298000.00, '2025-08-23 08:33:57', '2025-08-23 08:33:57'),
(75, 2, 'out', 20000.00, '2025-08-23 08:34:03', '2025-08-23 08:34:03'),
(76, 6, 'out', 40000.00, '2025-08-23 08:34:33', '2025-08-23 08:34:33'),
(77, 6, 'out', 100000.00, '2025-08-23 08:35:02', '2025-08-23 08:35:02'),
(78, 6, 'out', 70000.00, '2025-08-23 08:35:11', '2025-08-23 08:35:11'),
(79, 6, 'out', 23000.00, '2025-08-23 08:44:14', '2025-08-23 08:44:14'),
(80, 2, 'out', 23000.00, '2025-08-23 08:57:49', '2025-08-23 08:57:49'),
(81, 6, 'out', 48000.00, '2025-08-23 09:14:20', '2025-08-23 09:14:20'),
(82, 6, 'out', 27000.00, '2025-08-23 09:46:08', '2025-08-23 09:46:08'),
(83, 2, 'out', 49490.00, '2025-08-23 09:57:03', '2025-08-23 09:57:03'),
(84, 1, 'out', 43326.00, '2025-08-23 10:30:49', '2025-08-23 10:30:49'),
(85, 1, 'out', 19093.00, '2025-08-23 10:31:22', '2025-08-23 10:31:22'),
(86, 1, 'in', 343000.00, '2025-08-23 10:31:47', '2025-08-23 10:31:47'),
(87, 7, 'out', 50000.00, '2025-08-23 10:32:22', '2025-08-23 10:32:22'),
(88, 2, 'out', 16000.00, '2025-08-23 10:33:03', '2025-08-23 10:33:03'),
(89, 1, 'out', 23000.00, '2025-08-23 10:34:43', '2025-08-23 10:34:43'),
(90, 5, 'out', 500000.00, '2025-08-23 10:39:21', '2025-08-23 10:39:21'),
(91, 7, 'in', 500000.00, '2025-08-23 10:39:30', '2025-08-23 10:39:30'),
(92, 7, 'out', 100000.00, '2025-08-23 10:39:44', '2025-08-23 10:39:44'),
(93, 7, 'out', 163000.00, '2025-08-23 10:50:50', '2025-08-23 10:50:50'),
(94, 2, 'out', 20000.00, '2025-08-23 10:59:54', '2025-08-23 10:59:54'),
(95, 2, 'out', 30000.00, '2025-08-23 11:02:09', '2025-08-23 11:02:09'),
(96, 1, 'out', 62117.00, '2025-08-23 12:33:45', '2025-08-23 12:33:45'),
(97, 1, 'out', 1003168.00, '2025-08-23 12:34:29', '2025-08-23 12:34:29'),
(98, 5, 'in', 40000.00, '2025-08-23 12:34:58', '2025-08-23 12:34:58'),
(99, 4, 'in', 40000.00, '2025-08-23 12:35:36', '2025-08-23 12:35:36'),
(100, 1, 'out', 1001500.00, '2025-08-23 12:45:45', '2025-08-23 12:45:45'),
(101, 6, 'in', 1000000.00, '2025-08-23 12:46:54', '2025-08-23 12:46:54'),
(102, 6, 'out', 510000.00, '2025-08-23 12:47:06', '2025-08-23 12:47:06'),
(103, 6, 'out', 400000.00, '2025-08-23 12:50:11', '2025-08-23 12:50:11'),
(104, 6, 'out', 20000.00, '2025-08-23 12:52:29', '2025-08-23 12:52:29'),
(105, 8, 'out', 40000.00, '2025-08-23 12:56:51', '2025-08-23 12:56:51'),
(106, 6, 'out', 48000.00, '2025-08-23 13:08:58', '2025-08-23 13:08:58'),
(107, 6, 'out', 62000.00, '2025-08-23 13:10:51', '2025-08-23 13:10:51'),
(108, 4, 'in', 584000.00, '2025-08-23 13:16:00', '2025-08-23 13:16:00'),
(109, 4, 'out', 202000.00, '2025-08-23 13:17:07', '2025-08-23 13:17:07'),
(110, 5, 'in', 150000.00, '2025-08-23 13:17:18', '2025-08-23 13:17:18'),
(111, 5, 'out', 584000.00, '2025-08-23 13:17:34', '2025-08-23 13:17:34'),
(112, 2, 'out', 15000.00, '2025-08-23 13:22:41', '2025-08-23 13:22:41'),
(113, 7, 'out', 42000.00, '2025-08-23 13:38:00', '2025-08-23 13:38:00'),
(114, 5, 'in', 1180000.00, '2025-08-23 13:45:26', '2025-08-23 13:45:26'),
(115, 1, 'in', 253000.00, '2025-08-23 13:45:41', '2025-08-23 13:45:41'),
(116, 7, 'out', 40000.00, '2025-08-23 13:52:46', '2025-08-23 13:52:46'),
(117, 3, 'in', 55000.00, '2025-08-23 13:53:33', '2025-08-23 13:53:33'),
(118, 7, 'out', 30000.00, '2025-08-23 14:11:50', '2025-08-23 14:11:50'),
(119, 7, 'out', 48000.00, '2025-08-23 14:12:01', '2025-08-23 14:12:01'),
(120, 2, 'out', 13000.00, '2025-08-23 14:12:11', '2025-08-23 14:12:11'),
(121, 7, 'out', 10000.00, '2025-08-23 14:12:22', '2025-08-23 14:12:22'),
(122, 1, 'in', 210000.00, '2025-08-23 14:21:00', '2025-08-23 14:21:00'),
(123, 2, 'out', 30000.00, '2025-08-23 14:21:06', '2025-08-23 14:21:06'),
(124, 2, 'out', 30000.00, '2025-08-23 14:21:19', '2025-08-23 14:21:19'),
(125, 7, 'out', 50000.00, '2025-08-23 14:45:39', '2025-08-23 14:45:39'),
(126, 6, 'out', 30000.00, '2025-08-23 14:47:00', '2025-08-23 14:47:00'),
(127, 10, 'in', 1000000.00, '2025-08-23 14:52:12', '2025-08-23 14:52:12'),
(128, 1, 'out', 1001500.00, '2025-08-23 14:52:23', '2025-08-23 14:52:23'),
(129, 1, 'out', 403000.00, '2025-08-23 15:02:24', '2025-08-23 15:02:24'),
(130, 10, 'out', 52000.00, '2025-08-23 15:05:58', '2025-08-23 15:05:58'),
(131, 2, 'out', 16000.00, '2025-08-23 15:18:36', '2025-08-23 15:18:36'),
(132, 10, 'out', 98000.00, '2025-08-23 15:18:45', '2025-08-23 15:18:45'),
(133, 10, 'out', 201000.00, '2025-08-23 15:19:05', '2025-08-23 15:19:05'),
(134, 6, 'in', 80000.00, '2025-08-23 15:22:09', '2025-08-23 15:22:09'),
(135, 5, 'in', 42000.00, '2025-08-23 16:10:19', '2025-08-23 16:10:19'),
(136, 2, 'in', 82000.00, '2025-08-24 04:24:12', '2025-08-24 04:24:12'),
(137, 1, 'out', 78438.00, '2025-08-24 04:24:56', '2025-08-24 04:24:56'),
(138, 1, 'in', 2005000.00, '2025-08-24 04:25:53', '2025-08-24 04:25:53'),
(139, 10, 'out', 48000.00, '2025-08-24 04:26:52', '2025-08-24 04:26:52'),
(140, 4, 'out', 50000.00, '2025-08-24 04:27:20', '2025-08-24 04:27:20'),
(141, 4, 'in', 101.00, '2025-08-24 04:27:38', '2025-08-24 04:27:38'),
(142, 3, 'in', 30000.00, '2025-08-24 04:45:05', '2025-08-24 04:45:05'),
(143, 3, 'in', 650000.00, '2025-08-24 04:45:17', '2025-08-24 04:45:17'),
(144, 2, 'out', 100000.00, '2025-08-24 05:01:32', '2025-08-24 05:01:32'),
(145, 10, 'out', 97000.00, '2025-08-24 05:26:33', '2025-08-24 05:26:33'),
(146, 5, 'in', 705000.00, '2025-08-24 05:34:21', '2025-08-24 05:34:21'),
(147, 10, 'out', 20000.00, '2025-08-24 06:15:55', '2025-08-24 06:15:55'),
(148, 10, 'out', 30000.00, '2025-08-24 06:16:26', '2025-08-24 06:16:26'),
(149, 5, 'in', 123000.00, '2025-08-24 06:19:56', '2025-08-24 06:19:56'),
(150, 1, 'in', 15556.00, '2025-08-24 06:20:17', '2025-08-24 06:20:17'),
(151, 1, 'in', 1000000.00, '2025-08-24 06:20:34', '2025-08-24 06:20:34'),
(152, 1, 'out', 2003000.00, '2025-08-24 06:25:19', '2025-08-24 06:25:19'),
(153, 10, 'out', 152000.00, '2025-08-24 06:25:28', '2025-08-24 06:25:28'),
(154, 10, 'out', 50000.00, '2025-08-24 07:16:40', '2025-08-24 07:16:40'),
(155, 2, 'out', 20000.00, '2025-08-24 07:16:46', '2025-08-24 07:16:46'),
(156, 10, 'out', 100000.00, '2025-08-24 07:43:47', '2025-08-24 07:43:47'),
(157, 1, 'in', 1005000.00, '2025-08-24 07:51:25', '2025-08-24 07:51:25'),
(158, 4, 'out', 150000.00, '2025-08-24 08:44:37', '2025-08-24 08:44:37'),
(159, 5, 'out', 1000000.00, '2025-08-24 08:44:51', '2025-08-24 08:44:51'),
(160, 7, 'in', 1000000.00, '2025-08-24 08:45:00', '2025-08-24 08:45:00'),
(161, 1, 'in', 1150000.00, '2025-08-24 08:45:39', '2025-08-24 08:45:39'),
(162, 2, 'out', 20000.00, '2025-08-24 08:46:10', '2025-08-24 08:46:10'),
(163, 2, 'out', 10000.00, '2025-08-24 08:46:23', '2025-08-24 08:46:23'),
(164, 2, 'in', 20000.00, '2025-08-24 08:47:08', '2025-08-24 08:47:08'),
(165, 6, 'out', 33000.00, '2025-08-24 08:47:28', '2025-08-24 08:47:28'),
(166, 7, 'out', 42000.00, '2025-08-24 08:47:51', '2025-08-24 08:47:51'),
(167, 7, 'out', 50000.00, '2025-08-24 12:54:34', '2025-08-24 12:54:34'),
(168, 7, 'out', 98000.00, '2025-08-24 12:54:43', '2025-08-24 12:54:43'),
(169, 7, 'out', 25000.00, '2025-08-24 12:54:51', '2025-08-24 12:54:51'),
(170, 7, 'out', 48000.00, '2025-08-24 12:55:02', '2025-08-24 12:55:02'),
(171, 7, 'out', 100000.00, '2025-08-24 12:55:18', '2025-08-24 12:55:18'),
(172, 7, 'out', 35000.00, '2025-08-24 12:55:32', '2025-08-24 12:55:32'),
(173, 7, 'out', 68000.00, '2025-08-24 12:55:57', '2025-08-24 12:55:57'),
(174, 7, 'out', 107000.00, '2025-08-24 12:56:06', '2025-08-24 12:56:06'),
(175, 7, 'out', 30000.00, '2025-08-24 12:56:15', '2025-08-24 12:56:15'),
(176, 7, 'out', 20000.00, '2025-08-24 12:56:25', '2025-08-24 12:56:25'),
(177, 7, 'out', 30000.00, '2025-08-24 12:56:34', '2025-08-24 12:56:34'),
(178, 7, 'out', 50000.00, '2025-08-24 12:56:45', '2025-08-24 12:56:45'),
(179, 7, 'in', 2000.00, '2025-08-24 12:57:00', '2025-08-24 12:57:00'),
(180, 2, 'out', 10000.00, '2025-08-24 12:58:44', '2025-08-24 12:58:44'),
(181, 2, 'out', 50000.00, '2025-08-24 12:58:52', '2025-08-24 12:58:52'),
(182, 2, 'out', 20000.00, '2025-08-24 12:59:09', '2025-08-24 12:59:09'),
(183, 2, 'out', 13000.00, '2025-08-24 12:59:16', '2025-08-24 12:59:16'),
(184, 2, 'out', 10000.00, '2025-08-24 12:59:23', '2025-08-24 12:59:23'),
(185, 4, 'out', 1000.00, '2025-08-24 12:59:46', '2025-08-24 12:59:46'),
(186, 3, 'in', 705000.00, '2025-08-24 13:00:48', '2025-08-24 13:00:48'),
(187, 5, 'in', 100000.00, '2025-08-24 13:01:38', '2025-08-24 13:01:38'),
(188, 5, 'in', 79000.00, '2025-08-24 13:01:46', '2025-08-24 13:01:46'),
(189, 5, 'in', 50000.00, '2025-08-24 13:01:54', '2025-08-24 13:01:54'),
(190, 5, 'in', 500000.00, '2025-08-24 13:02:01', '2025-08-24 13:02:01'),
(191, 2, 'out', 20000.00, '2025-08-24 13:16:44', '2025-08-24 13:16:44'),
(192, 7, 'out', 100000.00, '2025-08-24 13:16:53', '2025-08-24 13:16:53'),
(193, 4, 'out', 400000.00, '2025-08-24 13:30:12', '2025-08-24 13:30:12'),
(194, 6, 'out', 28000.00, '2025-08-24 13:49:01', '2025-08-24 13:49:01'),
(195, 7, 'out', 100000.00, '2025-08-24 13:49:08', '2025-08-24 13:49:08'),
(196, 7, 'out', 48000.00, '2025-08-24 13:49:18', '2025-08-24 13:49:18'),
(197, 7, 'out', 63000.00, '2025-08-24 13:49:52', '2025-08-24 13:49:52'),
(198, 7, 'out', 20000.00, '2025-08-24 13:50:00', '2025-08-24 13:50:00'),
(199, 4, 'out', 35000.00, '2025-08-24 13:50:18', '2025-08-24 13:50:18'),
(200, 4, 'out', 310000.00, '2025-08-24 13:50:28', '2025-08-24 13:50:28'),
(201, 1, 'out', 5001500.00, '2025-08-24 13:51:22', '2025-08-24 13:51:22'),
(202, 1, 'in', 215000.00, '2025-08-24 13:51:37', '2025-08-24 13:51:37'),
(203, 10, 'out', 20000.00, '2025-08-24 13:54:16', '2025-08-24 13:54:16'),
(204, 4, 'out', 202000.00, '2025-08-24 14:06:58', '2025-08-24 14:06:58'),
(205, 4, 'out', 88000.00, '2025-08-24 14:17:14', '2025-08-24 14:17:14'),
(206, 2, 'out', 30000.00, '2025-08-24 14:17:28', '2025-08-24 14:17:28'),
(207, 1, 'in', 300000.00, '2025-08-24 14:17:58', '2025-08-24 14:17:58'),
(208, 4, 'out', 51000.00, '2025-08-24 14:39:14', '2025-08-24 14:39:14'),
(209, 4, 'out', 50000.00, '2025-08-24 14:39:29', '2025-08-24 14:39:29'),
(210, 4, 'out', 147000.00, '2025-08-24 14:47:13', '2025-08-24 14:47:13'),
(211, 7, 'in', 779000.00, '2025-08-24 14:47:27', '2025-08-24 14:47:27'),
(212, 5, 'out', 779000.00, '2025-08-24 14:47:35', '2025-08-24 14:47:35'),
(213, 7, 'out', 48000.00, '2025-08-24 14:47:42', '2025-08-24 14:47:42'),
(214, 7, 'out', 50000.00, '2025-08-24 15:01:22', '2025-08-24 15:01:22'),
(215, 7, 'out', 20000.00, '2025-08-24 15:01:51', '2025-08-24 15:01:51'),
(216, 7, 'out', 60000.00, '2025-08-25 09:56:02', '2025-08-25 09:56:02'),
(217, 5, 'in', 62000.00, '2025-08-25 09:56:43', '2025-08-25 09:56:43'),
(218, 1, 'in', 62000.00, '2025-08-25 09:57:03', '2025-08-25 09:57:03'),
(219, 5, 'out', 1000000.00, '2025-08-25 10:16:53', '2025-08-25 10:16:53'),
(220, 5, 'out', 62000.00, '2025-08-25 10:17:14', '2025-08-25 10:17:14'),
(221, 7, 'out', 150000.00, '2025-08-25 10:46:32', '2025-08-25 10:46:32'),
(222, 4, 'out', 14000.00, '2025-08-25 11:05:13', '2025-08-25 11:05:13'),
(223, 3, 'in', 5505000.00, '2025-08-25 11:05:30', '2025-08-25 11:05:30'),
(224, 4, 'in', 110000.00, '2025-08-25 11:18:45', '2025-08-25 11:18:45'),
(225, 7, 'out', 15000.00, '2025-08-25 11:27:06', '2025-08-25 11:27:06'),
(226, 7, 'out', 30000.00, '2025-08-25 11:34:58', '2025-08-25 11:34:58'),
(227, 7, 'out', 14000.00, '2025-08-25 13:03:10', '2025-08-25 13:03:10'),
(228, 7, 'out', 20000.00, '2025-08-25 13:03:43', '2025-08-25 13:03:43'),
(229, 7, 'out', 10000.00, '2025-08-25 13:03:55', '2025-08-25 13:03:55'),
(230, 7, 'out', 50000.00, '2025-08-25 13:13:28', '2025-08-25 13:13:28'),
(231, 7, 'out', 30000.00, '2025-08-25 13:29:22', '2025-08-25 13:29:22'),
(232, 5, 'out', 62000.00, '2025-08-25 13:31:02', '2025-08-25 13:31:02'),
(233, 5, 'in', 124000.00, '2025-08-25 13:31:23', '2025-08-25 13:31:23'),
(234, 5, 'in', 400000.00, '2025-08-25 13:31:34', '2025-08-25 13:31:34'),
(235, 1, 'in', 1000000.00, '2025-08-25 13:33:22', '2025-08-25 13:33:22'),
(236, 1, 'in', 7000.00, '2025-08-25 13:33:35', '2025-08-25 13:33:35'),
(237, 2, 'out', 50000.00, '2025-08-25 13:33:59', '2025-08-25 13:33:59'),
(238, 5, 'in', 12000.00, '2025-08-25 13:36:58', '2025-08-25 13:36:58'),
(239, 7, 'out', 20000.00, '2025-08-25 13:45:03', '2025-08-25 13:45:03'),
(240, 7, 'out', 50000.00, '2025-08-25 13:45:11', '2025-08-25 13:45:11'),
(241, 6, 'in', 37000.00, '2025-08-25 13:49:46', '2025-08-25 13:49:46'),
(242, 7, 'out', 48000.00, '2025-08-25 13:53:16', '2025-08-25 13:53:16'),
(243, 7, 'out', 48000.00, '2025-08-25 13:54:49', '2025-08-25 13:54:49'),
(244, 7, 'out', 45000.00, '2025-08-25 14:11:17', '2025-08-25 14:11:17'),
(245, 7, 'out', 48000.00, '2025-08-25 14:11:25', '2025-08-25 14:11:25'),
(246, 5, 'in', 153000.00, '2025-08-25 14:12:28', '2025-08-25 14:12:28'),
(247, 5, 'in', 505000.00, '2025-08-25 14:12:37', '2025-08-25 14:12:37'),
(248, 10, 'out', 50000.00, '2025-08-25 14:16:47', '2025-08-25 14:16:47'),
(249, 10, 'out', 50000.00, '2025-08-25 14:21:31', '2025-08-25 14:21:31'),
(250, 4, 'out', 60000.00, '2025-08-25 14:21:46', '2025-08-25 14:21:46'),
(251, 6, 'out', 30000.00, '2025-08-26 11:38:59', '2025-08-26 11:38:59'),
(252, 6, 'out', 41000.00, '2025-08-26 11:39:14', '2025-08-26 11:39:14'),
(253, 4, 'in', 1104000.00, '2025-08-26 11:39:56', '2025-08-26 11:39:56'),
(254, 4, 'out', 200000.00, '2025-08-26 11:40:05', '2025-08-26 11:40:05'),
(255, 4, 'in', 503067.00, '2025-08-26 11:40:21', '2025-08-26 11:40:21'),
(256, 4, 'out', 60000.00, '2025-08-26 11:40:47', '2025-08-26 11:40:47'),
(257, 10, 'in', 2500000.00, '2025-08-26 11:41:56', '2025-08-26 11:41:56'),
(258, 10, 'out', 2013100.00, '2025-08-26 11:42:21', '2025-08-26 11:42:21'),
(259, 10, 'out', 30000.00, '2025-08-26 11:42:30', '2025-08-26 11:42:30'),
(260, 1, 'out', 2501500.00, '2025-08-26 11:43:31', '2025-08-26 11:43:31'),
(261, 1, 'in', 1500.00, '2025-08-26 11:43:56', '2025-08-26 11:43:56'),
(262, 5, 'out', 1104000.00, '2025-08-26 11:44:54', '2025-08-26 11:44:54'),
(263, 7, 'out', 10000.00, '2025-08-26 11:45:24', '2025-08-26 11:45:24'),
(264, 1, 'out', 201500.00, '2025-08-26 13:45:23', '2025-08-26 13:45:23'),
(265, 1, 'in', 600000.00, '2025-08-26 13:45:32', '2025-08-26 13:45:32'),
(266, 2, 'in', 132500.00, '2025-08-26 13:46:02', '2025-08-26 13:46:02'),
(267, 2, 'in', 200000.00, '2025-08-26 13:46:11', '2025-08-26 13:46:11'),
(268, 2, 'out', 30000.00, '2025-08-26 13:46:19', '2025-08-26 13:46:19'),
(269, 2, 'out', 500.00, '2025-08-26 13:46:56', '2025-08-26 13:46:56'),
(270, 2, 'in', 220.00, '2025-08-26 13:47:25', '2025-08-26 13:47:25'),
(271, 4, 'out', 300000.00, '2025-08-26 13:48:28', '2025-08-26 13:48:28'),
(272, 5, 'in', 108000.00, '2025-08-26 13:53:36', '2025-08-26 13:53:36'),
(273, 2, 'out', 25000.00, '2025-08-26 13:59:42', '2025-08-26 13:59:42'),
(274, 1, 'out', 1001500.00, '2025-08-26 14:07:20', '2025-08-26 14:07:20'),
(275, 1, 'out', 1001500.00, '2025-08-26 14:07:20', '2025-08-26 14:07:20'),
(276, 1, 'in', 1001500.00, '2025-08-26 14:13:06', '2025-08-26 14:13:06'),
(277, 10, 'out', 10000.00, '2025-08-26 14:13:59', '2025-08-26 14:13:59'),
(278, 10, 'out', 100000.00, '2025-08-26 14:14:15', '2025-08-26 14:14:15'),
(279, 10, 'out', 20000.00, '2025-08-26 14:14:25', '2025-08-26 14:14:25'),
(280, 10, 'out', 197000.00, '2025-08-26 14:14:52', '2025-08-26 14:14:52'),
(281, 10, 'out', 28000.00, '2025-08-26 14:15:04', '2025-08-26 14:15:04'),
(282, 10, 'out', 150000.00, '2025-08-26 14:15:13', '2025-08-26 14:15:13'),
(283, 10, 'in', 1000000.00, '2025-08-26 14:15:38', '2025-08-26 14:15:38'),
(284, 10, 'out', 100000.00, '2025-08-26 14:15:50', '2025-08-26 14:15:50'),
(285, 10, 'out', 30000.00, '2025-08-26 14:16:16', '2025-08-26 14:16:16'),
(286, 10, 'out', 20000.00, '2025-08-26 14:16:23', '2025-08-26 14:16:23'),
(287, 10, 'out', 58000.00, '2025-08-26 14:16:34', '2025-08-26 14:16:34'),
(288, 10, 'out', 30000.00, '2025-08-26 14:16:43', '2025-08-26 14:16:43'),
(289, 10, 'out', 53000.00, '2025-08-26 14:56:45', '2025-08-26 14:56:45'),
(290, 10, 'out', 20000.00, '2025-08-26 14:57:04', '2025-08-26 14:57:04'),
(291, 10, 'out', 40000.00, '2025-08-26 15:02:42', '2025-08-26 15:02:42'),
(292, 10, 'in', 1000000.00, '2025-08-27 03:25:36', '2025-08-27 03:25:36'),
(293, 10, 'out', 800000.00, '2025-08-27 03:25:45', '2025-08-27 03:25:45'),
(294, 3, 'out', 1002500.00, '2025-08-27 03:25:57', '2025-08-27 03:25:57'),
(295, 3, 'in', 825000.00, '2025-08-27 03:26:09', '2025-08-27 03:26:09'),
(296, 10, 'out', 20000.00, '2025-08-27 03:27:03', '2025-08-27 03:27:03'),
(297, 3, 'out', 9000000.00, '2025-08-27 03:27:16', '2025-08-27 03:27:16'),
(298, 4, 'in', 30000.00, '2025-08-27 03:27:36', '2025-08-27 03:27:36'),
(299, 4, 'out', 151000.00, '2025-08-27 03:27:44', '2025-08-27 03:27:44'),
(300, 1, 'in', 1960000.00, '2025-08-27 03:28:13', '2025-08-27 03:28:13'),
(301, 1, 'out', 505220.00, '2025-08-27 03:28:37', '2025-08-27 03:28:37'),
(302, 1, 'out', 1002500.00, '2025-08-27 03:28:52', '2025-08-27 03:28:52'),
(303, 9, 'out', 150000.00, '2025-08-27 03:29:11', '2025-08-27 03:29:11'),
(304, 1, 'in', 5000000.00, '2025-08-27 03:34:07', '2025-08-27 03:34:07'),
(305, 10, 'out', 48000.00, '2025-08-27 03:37:19', '2025-08-27 03:37:19'),
(306, 10, 'out', 197000.00, '2025-08-27 03:48:51', '2025-08-27 03:48:51'),
(307, 10, 'out', 98000.00, '2025-08-27 03:48:58', '2025-08-27 03:48:58'),
(308, 10, 'out', 197000.00, '2025-08-27 04:25:26', '2025-08-27 04:25:26'),
(309, 10, 'out', 38000.00, '2025-08-27 05:37:01', '2025-08-27 05:37:01'),
(310, 10, 'out', 48000.00, '2025-08-27 05:37:22', '2025-08-27 05:37:22'),
(311, 1, 'out', 1004569.00, '2025-08-27 05:39:16', '2025-08-27 05:39:16'),
(312, 10, 'out', 20000.00, '2025-08-27 05:48:06', '2025-08-27 05:48:06'),
(313, 1, 'out', 1001500.00, '2025-08-27 06:00:54', '2025-08-27 06:00:54'),
(314, 10, 'in', 1000000.00, '2025-08-27 06:08:51', '2025-08-27 06:08:51'),
(315, 10, 'out', 340000.00, '2025-08-27 06:11:04', '2025-08-27 06:11:04'),
(316, 10, 'out', 28000.00, '2025-08-27 06:11:31', '2025-08-27 06:11:31'),
(317, 1, 'in', 2000000.00, '2025-08-27 06:20:28', '2025-08-27 06:20:28'),
(318, 1, 'out', 547000.00, '2025-08-27 06:33:28', '2025-08-27 06:33:28'),
(319, 10, 'out', 102000.00, '2025-08-27 06:36:43', '2025-08-27 06:36:43'),
(320, 10, 'out', 100000.00, '2025-08-27 06:58:46', '2025-08-27 06:58:46'),
(321, 10, 'in', 150000.00, '2025-08-27 07:19:36', '2025-08-27 07:19:36'),
(322, 10, 'out', 18000.00, '2025-08-27 07:31:34', '2025-08-27 07:31:34'),
(323, 10, 'in', 400000.00, '2025-08-27 07:33:08', '2025-08-27 07:33:08'),
(324, 1, 'in', 3750.00, '2025-08-27 07:33:23', '2025-08-27 07:33:23'),
(325, 10, 'out', 50000.00, '2025-08-27 07:58:11', '2025-08-27 07:58:11'),
(326, 4, 'out', 101000.00, '2025-08-27 08:01:21', '2025-08-27 08:01:21'),
(327, 4, 'out', 98000.00, '2025-08-27 08:01:38', '2025-08-27 08:01:38'),
(328, 10, 'out', 50000.00, '2025-08-27 08:47:43', '2025-08-27 08:47:43'),
(329, 1, 'in', 100000.00, '2025-08-27 09:33:00', '2025-08-27 09:33:00'),
(330, 8, 'in', 100000.00, '2025-08-27 09:33:32', '2025-08-27 09:33:32'),
(331, 10, 'out', 58000.00, '2025-08-27 09:39:48', '2025-08-27 09:39:48'),
(332, 10, 'out', 18000.00, '2025-08-27 09:50:33', '2025-08-27 09:50:33'),
(333, 10, 'in', 605000.00, '2025-08-27 09:57:42', '2025-08-27 09:57:42'),
(334, 4, 'out', 700000.00, '2025-08-27 10:17:53', '2025-08-27 10:17:53'),
(335, 10, 'out', 200000.00, '2025-08-27 10:19:44', '2025-08-27 10:19:44'),
(336, 1, 'in', 1850000.00, '2025-08-27 10:53:41', '2025-08-27 10:53:41'),
(337, 10, 'out', 147000.00, '2025-08-27 10:54:11', '2025-08-27 10:54:11'),
(338, 10, 'out', 21000.00, '2025-08-27 10:54:56', '2025-08-27 10:54:56'),
(339, 1, 'out', 10000000.00, '2025-08-27 11:15:25', '2025-08-27 11:15:25'),
(340, 1, 'in', 10000000.00, '2025-08-27 11:15:55', '2025-08-27 11:15:55'),
(341, 1, 'out', 518000.00, '2025-08-27 11:17:08', '2025-08-27 11:17:08'),
(342, 1, 'out', 730000.00, '2025-08-27 11:18:14', '2025-08-27 11:18:14'),
(343, 1, 'in', 3000.00, '2025-08-27 11:18:33', '2025-08-27 11:18:33'),
(344, 8, 'out', 45000.00, '2025-08-27 11:34:50', '2025-08-27 11:34:50'),
(345, 1, 'in', 200000.00, '2025-08-27 12:39:07', '2025-08-27 12:39:07'),
(346, 1, 'out', 2753000.00, '2025-08-27 12:39:17', '2025-08-27 12:39:17'),
(347, 1, 'out', 1500000.00, '2025-08-27 12:39:50', '2025-08-27 12:39:50'),
(348, 1, 'out', 3000.00, '2025-08-27 12:40:03', '2025-08-27 12:40:03'),
(349, 2, 'out', 45000.00, '2025-08-27 12:41:00', '2025-08-27 12:41:00'),
(350, 10, 'out', 20000.00, '2025-08-27 12:46:34', '2025-08-27 12:46:34'),
(351, 10, 'out', 20000.00, '2025-08-27 12:46:42', '2025-08-27 12:46:42'),
(352, 10, 'out', 30000.00, '2025-08-27 12:46:54', '2025-08-27 12:46:54'),
(353, 10, 'out', 48000.00, '2025-08-27 13:32:12', '2025-08-27 13:32:12'),
(354, 10, 'out', 100000.00, '2025-08-27 13:39:19', '2025-08-27 13:39:19'),
(355, 2, 'out', 18000.00, '2025-08-27 13:46:46', '2025-08-27 13:46:46'),
(356, 10, 'out', 50000.00, '2025-08-27 14:29:03', '2025-08-27 14:29:03'),
(357, 10, 'out', 146000.00, '2025-08-27 14:29:13', '2025-08-27 14:29:13'),
(358, 10, 'in', 1000000.00, '2025-08-27 14:29:20', '2025-08-27 14:29:20'),
(359, 10, 'out', 60000.00, '2025-08-27 14:29:32', '2025-08-27 14:29:32'),
(360, 10, 'out', 161000.00, '2025-08-27 14:29:40', '2025-08-27 14:29:40'),
(361, 10, 'out', 30000.00, '2025-08-27 14:29:57', '2025-08-27 14:29:57'),
(362, 10, 'out', 50000.00, '2025-08-27 14:30:36', '2025-08-27 14:30:36'),
(363, 10, 'out', 68000.00, '2025-08-27 14:30:47', '2025-08-27 14:30:47'),
(364, 10, 'out', 350000.00, '2025-08-27 14:31:06', '2025-08-27 14:31:06'),
(365, 10, 'out', 50000.00, '2025-08-27 14:31:39', '2025-08-27 14:31:39'),
(366, 10, 'out', 105000.00, '2025-08-27 14:32:19', '2025-08-27 14:32:19'),
(367, 10, 'out', 50000.00, '2025-08-27 14:33:03', '2025-08-27 14:33:03'),
(368, 10, 'out', 25000.00, '2025-08-27 14:33:22', '2025-08-27 14:33:22'),
(369, 10, 'out', 13000.00, '2025-08-27 14:34:39', '2025-08-27 14:34:39'),
(370, 3, 'in', 2555000.00, '2025-08-27 14:37:41', '2025-08-27 14:37:41'),
(371, 3, 'out', 10002500.00, '2025-08-27 14:38:12', '2025-08-27 14:38:12'),
(372, 3, 'in', 500000.00, '2025-08-27 14:38:23', '2025-08-27 14:38:23'),
(374, 2, 'in', 18000.00, '2025-08-27 14:41:03', '2025-08-27 14:41:03'),
(375, 1, 'in', 805000.00, '2025-08-27 14:43:07', '2025-08-27 14:43:07'),
(376, 1, 'out', 1001500.00, '2025-08-27 14:44:04', '2025-08-27 14:44:04'),
(377, 5, 'in', 305000.00, '2025-08-27 14:45:24', '2025-08-27 14:45:24'),
(378, 5, 'in', 905000.00, '2025-08-27 14:45:37', '2025-08-27 14:45:37'),
(379, 5, 'in', 50000.00, '2025-08-27 14:45:48', '2025-08-27 14:45:48'),
(380, 5, 'in', 208000.00, '2025-08-27 14:45:59', '2025-08-27 14:45:59'),
(381, 7, 'in', 100000.00, '2025-08-27 14:46:26', '2025-08-27 14:46:26'),
(382, 10, 'out', 20000.00, '2025-08-27 15:39:35', '2025-08-27 15:39:35'),
(383, 10, 'out', 25000.00, '2025-08-27 15:39:44', '2025-08-27 15:39:44'),
(384, 5, 'in', 72000.00, '2025-08-28 14:28:00', '2025-08-28 14:28:00'),
(385, 5, 'in', 50000.00, '2025-08-28 14:28:08', '2025-08-28 14:28:08'),
(386, 5, 'in', 700000.00, '2025-08-28 14:28:23', '2025-08-28 14:28:23'),
(387, 5, 'in', 40000.00, '2025-08-28 14:28:33', '2025-08-28 14:28:33'),
(388, 5, 'in', 233000.00, '2025-08-28 14:28:50', '2025-08-28 14:28:50'),
(389, 5, 'in', 32000.00, '2025-08-28 14:29:02', '2025-08-28 14:29:02'),
(390, 5, 'in', 113000.00, '2025-08-28 14:29:26', '2025-08-28 14:29:26'),
(391, 5, 'in', 100000.00, '2025-08-28 14:29:34', '2025-08-28 14:29:34'),
(392, 10, 'out', 20000.00, '2025-08-28 14:30:27', '2025-08-28 14:30:27'),
(393, 10, 'in', 200000.00, '2025-08-28 14:30:40', '2025-08-28 14:30:40'),
(394, 10, 'out', 92000.00, '2025-08-28 14:30:51', '2025-08-28 14:30:51'),
(395, 10, 'out', 102000.00, '2025-08-28 14:31:07', '2025-08-28 14:31:07'),
(396, 10, 'out', 48000.00, '2025-08-28 14:31:16', '2025-08-28 14:31:16'),
(397, 10, 'out', 63000.00, '2025-08-28 14:31:28', '2025-08-28 14:31:28'),
(398, 10, 'out', 50000.00, '2025-08-28 14:31:47', '2025-08-28 14:31:47'),
(399, 10, 'out', 58000.00, '2025-08-28 14:32:05', '2025-08-28 14:32:05'),
(400, 10, 'out', 197000.00, '2025-08-28 14:32:27', '2025-08-28 14:32:27'),
(401, 10, 'out', 152000.00, '2025-08-28 14:32:43', '2025-08-28 14:32:43'),
(402, 10, 'out', 34000.00, '2025-08-28 14:33:46', '2025-08-28 14:33:46'),
(403, 10, 'out', 48000.00, '2025-08-28 14:33:56', '2025-08-28 14:33:56'),
(404, 10, 'in', 1000000.00, '2025-08-28 14:34:11', '2025-08-28 14:34:11'),
(405, 10, 'out', 20000.00, '2025-08-28 14:34:19', '2025-08-28 14:34:19'),
(406, 10, 'out', 50000.00, '2025-08-28 14:35:24', '2025-08-28 14:35:24'),
(407, 10, 'out', 20000.00, '2025-08-28 14:35:33', '2025-08-28 14:35:33'),
(408, 10, 'out', 30000.00, '2025-08-28 14:35:59', '2025-08-28 14:35:59'),
(409, 10, 'out', 50000.00, '2025-08-28 14:36:12', '2025-08-28 14:36:12'),
(410, 10, 'out', 50000.00, '2025-08-28 14:36:19', '2025-08-28 14:36:19'),
(411, 10, 'out', 150000.00, '2025-08-28 14:36:33', '2025-08-28 14:36:33'),
(412, 10, 'out', 18000.00, '2025-08-28 14:36:40', '2025-08-28 14:36:40'),
(413, 10, 'out', 20000.00, '2025-08-28 14:36:51', '2025-08-28 14:36:51'),
(414, 10, 'out', 25000.00, '2025-08-28 14:37:08', '2025-08-28 14:37:08'),
(415, 10, 'in', 540000.00, '2025-08-28 14:37:29', '2025-08-28 14:37:29'),
(416, 10, 'out', 86000.00, '2025-08-28 14:37:41', '2025-08-28 14:37:41'),
(417, 10, 'out', 10000.00, '2025-08-28 14:37:51', '2025-08-28 14:37:51'),
(418, 10, 'out', 16000.00, '2025-08-28 14:38:05', '2025-08-28 14:38:05'),
(419, 10, 'out', 110000.00, '2025-08-28 14:38:14', '2025-08-28 14:38:14'),
(420, 10, 'out', 48000.00, '2025-08-28 14:38:25', '2025-08-28 14:38:25'),
(421, 10, 'in', 100000.00, '2025-08-28 14:38:38', '2025-08-28 14:38:38'),
(422, 10, 'out', 10000.00, '2025-08-28 14:38:54', '2025-08-28 14:38:54'),
(423, 10, 'out', 100000.00, '2025-08-28 14:39:06', '2025-08-28 14:39:06'),
(424, 10, 'out', 58000.00, '2025-08-28 14:56:42', '2025-08-28 14:56:42'),
(425, 10, 'in', 51000.00, '2025-08-28 14:56:52', '2025-08-28 14:56:52'),
(426, 10, 'in', 10000.00, '2025-08-28 14:57:24', '2025-08-28 14:57:24'),
(427, 10, 'out', 20000.00, '2025-08-28 14:57:46', '2025-08-28 14:57:46'),
(428, 10, 'out', 50000.00, '2025-08-28 14:58:25', '2025-08-28 14:58:25'),
(429, 10, 'out', 171000.00, '2025-08-28 14:58:50', '2025-08-28 14:58:50'),
(430, 10, 'out', 15000.00, '2025-08-28 14:59:03', '2025-08-28 14:59:03'),
(431, 10, 'in', 173000.00, '2025-08-28 14:59:23', '2025-08-28 14:59:23'),
(432, 10, 'out', 30000.00, '2025-08-28 14:59:32', '2025-08-28 14:59:32'),
(433, 10, 'out', 250000.00, '2025-08-28 14:59:47', '2025-08-28 14:59:47'),
(434, 10, 'in', 500000.00, '2025-08-28 15:00:35', '2025-08-28 15:00:35'),
(435, 10, 'out', 270000.00, '2025-08-28 15:00:49', '2025-08-28 15:00:49'),
(436, 10, 'out', 150000.00, '2025-08-28 15:01:00', '2025-08-28 15:01:00'),
(437, 10, 'out', 50300.00, '2025-08-28 15:02:18', '2025-08-28 15:02:18'),
(438, 10, 'out', 40000.00, '2025-08-28 15:04:41', '2025-08-28 15:04:41'),
(439, 10, 'out', 150000.00, '2025-08-28 15:05:16', '2025-08-28 15:05:16'),
(440, 3, 'in', 230000.00, '2025-08-28 15:06:47', '2025-08-28 15:06:47'),
(441, 3, 'in', 70000.00, '2025-08-28 15:06:55', '2025-08-28 15:06:55'),
(442, 10, 'out', 30000.00, '2025-08-28 15:10:20', '2025-08-28 15:10:20'),
(443, 10, 'out', 205000.00, '2025-08-28 15:10:28', '2025-08-28 15:10:28'),
(444, 10, 'out', 50000.00, '2025-08-28 15:10:38', '2025-08-28 15:10:38'),
(445, 2, 'in', 82000.00, '2025-08-28 15:12:19', '2025-08-28 15:12:19'),
(446, 2, 'in', 403000.00, '2025-08-28 15:12:29', '2025-08-28 15:12:29'),
(447, 2, 'out', 50000.00, '2025-08-28 15:12:42', '2025-08-28 15:12:42'),
(448, 2, 'out', 58000.00, '2025-08-28 15:12:51', '2025-08-28 15:12:51'),
(449, 2, 'out', 20000.00, '2025-08-28 15:13:03', '2025-08-28 15:13:03'),
(450, 2, 'in', 100000.00, '2025-08-28 15:13:10', '2025-08-28 15:13:10'),
(451, 2, 'in', 22000.00, '2025-08-28 15:13:20', '2025-08-28 15:13:20'),
(452, 10, 'in', 1000000.00, '2025-08-28 15:17:46', '2025-08-28 15:17:46'),
(453, 10, 'out', 400000.00, '2025-08-28 15:18:06', '2025-08-28 15:18:06'),
(454, 10, 'out', 20000.00, '2025-08-28 15:20:56', '2025-08-28 15:20:56'),
(455, 3, 'in', 357105.00, '2025-08-28 15:23:51', '2025-08-28 15:23:51'),
(456, 2, 'out', 18000.00, '2025-08-28 15:24:18', '2025-08-28 15:24:18'),
(457, 4, 'in', 1037000.00, '2025-08-28 15:26:31', '2025-08-28 15:26:31'),
(458, 2, 'in', 255000.00, '2025-08-28 15:26:38', '2025-08-28 15:26:38'),
(459, 1, 'out', 2710000.00, '2025-08-28 15:27:52', '2025-08-28 15:27:52'),
(460, 1, 'in', 6500000.00, '2025-08-28 15:28:13', '2025-08-28 15:28:13'),
(461, 1, 'out', 1001500.00, '2025-08-28 15:28:29', '2025-08-28 15:28:29'),
(462, 1, 'in', 18000.00, '2025-08-28 15:28:43', '2025-08-28 15:28:43'),
(463, 1, 'in', 2005000.00, '2025-08-28 15:29:01', '2025-08-28 15:29:01'),
(464, 1, 'out', 2003000.00, '2025-08-28 15:29:19', '2025-08-28 15:29:19'),
(465, 1, 'in', 910000.00, '2025-08-28 15:29:32', '2025-08-28 15:29:32'),
(466, 1, 'in', 505000.00, '2025-08-28 15:29:43', '2025-08-28 15:29:43'),
(467, 1, 'in', 300000.00, '2025-08-28 15:29:53', '2025-08-28 15:29:53'),
(468, 1, 'in', 1505000.00, '2025-08-28 15:30:03', '2025-08-28 15:30:03'),
(469, 1, 'out', 153000.00, '2025-08-28 15:30:23', '2025-08-28 15:30:23'),
(470, 1, 'out', 502316.00, '2025-08-28 15:30:34', '2025-08-28 15:30:34'),
(471, 1, 'out', 3000.00, '2025-08-28 15:30:42', '2025-08-28 15:30:42'),
(472, 1, 'in', 1000000.00, '2025-08-28 15:30:53', '2025-08-28 15:30:53'),
(473, 1, 'out', 1001500.00, '2025-08-28 15:31:06', '2025-08-28 15:31:06'),
(474, 1, 'in', 400000.00, '2025-08-28 15:31:13', '2025-08-28 15:31:13'),
(475, 10, 'out', 50000.00, '2025-08-28 15:34:50', '2025-08-28 15:34:50'),
(476, 10, 'out', 23000.00, '2025-08-28 15:36:40', '2025-08-28 15:36:40'),
(477, 10, 'out', 79000.00, '2025-08-28 15:38:04', '2025-08-28 15:38:04'),
(478, 10, 'out', 30000.00, '2025-08-30 05:45:54', '2025-08-30 05:45:54'),
(479, 10, 'out', 20000.00, '2025-08-30 05:46:12', '2025-08-30 05:46:12'),
(480, 10, 'out', 20000.00, '2025-08-30 05:46:23', '2025-08-30 05:46:23'),
(481, 10, 'in', 560000.00, '2025-08-30 05:47:45', '2025-08-30 05:47:45'),
(482, 10, 'out', 98000.00, '2025-08-30 05:48:41', '2025-08-30 05:48:41'),
(483, 10, 'out', 30000.00, '2025-08-30 05:48:49', '2025-08-30 05:48:49'),
(485, 10, 'out', 100000.00, '2025-08-30 05:49:08', '2025-08-30 05:49:08'),
(486, 1, 'in', 2005000.00, '2025-08-30 05:51:59', '2025-08-30 05:51:59'),
(487, 1, 'out', 200000.00, '2025-08-30 05:52:31', '2025-08-30 05:52:31'),
(488, 4, 'out', 300000.00, '2025-08-30 05:53:35', '2025-08-30 05:53:35'),
(489, 1, 'out', 2200000.00, '2025-08-30 05:56:43', '2025-08-30 05:56:43'),
(490, 7, 'out', 20000.00, '2025-08-30 05:57:13', '2025-08-30 05:57:13'),
(491, 7, 'out', 53000.00, '2025-08-30 05:57:22', '2025-08-30 05:57:22'),
(492, 5, 'in', 300000.00, '2025-08-30 05:57:41', '2025-08-30 05:57:41'),
(493, 1, 'out', 280000.00, '2025-08-30 06:01:38', '2025-08-30 06:01:38'),
(494, 2, 'out', 88000.00, '2025-08-30 06:03:02', '2025-08-30 06:03:02'),
(495, 2, 'out', 10000.00, '2025-08-30 06:03:14', '2025-08-30 06:03:14'),
(496, 9, 'out', 183000.00, '2025-08-30 06:03:40', '2025-08-30 06:03:40'),
(497, 10, 'out', 30000.00, '2025-08-30 08:33:35', '2025-08-30 08:33:35'),
(498, 10, 'in', 1000000.00, '2025-08-30 08:33:54', '2025-08-30 08:33:54'),
(499, 10, 'out', 150000.00, '2025-08-30 08:34:12', '2025-08-30 08:34:12'),
(500, 5, 'in', 82000.00, '2025-08-30 08:34:37', '2025-08-30 08:34:37'),
(501, 10, 'out', 98000.00, '2025-08-30 10:16:55', '2025-08-30 10:16:55'),
(502, 10, 'out', 98000.00, '2025-08-30 10:17:04', '2025-08-30 10:17:04'),
(503, 10, 'out', 117000.00, '2025-08-30 10:17:17', '2025-08-30 10:17:17'),
(504, 10, 'out', 80000.00, '2025-08-30 10:17:24', '2025-08-30 10:17:24'),
(505, 10, 'out', 48000.00, '2025-08-30 10:17:33', '2025-08-30 10:17:33'),
(506, 2, 'out', 84000.00, '2025-08-30 10:20:07', '2025-08-30 10:20:07'),
(507, 4, 'out', 18000.00, '2025-08-30 10:20:32', '2025-08-30 10:20:32'),
(508, 1, 'out', 502500.00, '2025-08-30 10:21:22', '2025-08-30 10:21:22'),
(509, 1, 'out', 283000.00, '2025-08-30 10:21:36', '2025-08-30 10:21:36'),
(510, 1, 'in', 758000.00, '2025-08-30 10:21:49', '2025-08-30 10:21:49'),
(511, 1, 'in', 1000000.00, '2025-08-30 10:22:01', '2025-08-30 10:22:01'),
(512, 1, 'in', 500000.00, '2025-08-30 10:22:11', '2025-08-30 10:22:11'),
(513, 1, 'out', 121424.00, '2025-08-30 10:22:47', '2025-08-30 10:22:47'),
(514, 3, 'in', 5000000.00, '2025-08-30 10:24:41', '2025-08-30 10:24:41'),
(515, 10, 'out', 30000.00, '2025-08-30 10:27:53', '2025-08-30 10:27:53'),
(516, 3, 'in', 2705000.00, '2025-08-30 12:34:26', '2025-08-30 12:34:26'),
(517, 1, 'in', 500000.00, '2025-08-30 12:35:18', '2025-08-30 12:35:18'),
(518, 1, 'in', 103000.00, '2025-08-30 12:35:47', '2025-08-30 12:35:47'),
(519, 1, 'in', 705000.00, '2025-08-30 12:35:59', '2025-08-30 12:35:59'),
(520, 1, 'in', 400000.00, '2025-08-30 12:36:09', '2025-08-30 12:36:09'),
(521, 1, 'out', 500000.00, '2025-08-30 12:36:34', '2025-08-30 12:36:34'),
(522, 10, 'out', 48000.00, '2025-08-30 12:37:08', '2025-08-30 12:37:08'),
(523, 10, 'out', 20000.00, '2025-08-30 12:38:25', '2025-08-30 12:38:25'),
(524, 10, 'out', 300000.00, '2025-08-30 12:38:34', '2025-08-30 12:38:34'),
(525, 10, 'out', 50000.00, '2025-08-30 12:38:47', '2025-08-30 12:38:47'),
(526, 10, 'out', 30000.00, '2025-08-30 12:39:00', '2025-08-30 12:39:00'),
(527, 10, 'out', 42000.00, '2025-08-30 13:25:37', '2025-08-30 13:25:37'),
(528, 10, 'out', 100000.00, '2025-08-30 13:25:48', '2025-08-30 13:25:48'),
(529, 10, 'out', 98000.00, '2025-08-30 13:26:08', '2025-08-30 13:26:08'),
(530, 10, 'out', 207000.00, '2025-08-30 13:26:17', '2025-08-30 13:26:17'),
(531, 10, 'out', 50000.00, '2025-08-30 13:26:30', '2025-08-30 13:26:30'),
(532, 10, 'out', 200000.00, '2025-08-30 13:26:45', '2025-08-30 13:26:45'),
(533, 10, 'in', 505000.00, '2025-08-30 13:26:59', '2025-08-30 13:26:59'),
(534, 3, 'out', 10001500.00, '2025-08-30 13:29:31', '2025-08-30 13:29:31'),
(535, 10, 'out', 31000.00, '2025-08-30 13:29:47', '2025-08-30 13:29:47'),
(536, 2, 'out', 20000.00, '2025-08-30 13:33:38', '2025-08-30 13:33:38'),
(537, 2, 'out', 10000.00, '2025-08-30 13:33:43', '2025-08-30 13:33:43'),
(538, 1, 'out', 310000.00, '2025-08-30 13:34:17', '2025-08-30 13:34:17'),
(539, 1, 'in', 103000.00, '2025-08-30 13:34:30', '2025-08-30 13:34:30'),
(540, 1, 'in', 1700000.00, '2025-08-30 13:34:39', '2025-08-30 13:34:39'),
(541, 1, 'out', 5440000.00, '2025-08-30 13:36:46', '2025-08-30 13:36:46'),
(542, 10, 'out', 20000.00, '2025-08-30 13:37:16', '2025-08-30 13:37:16'),
(543, 5, 'in', 103000.00, '2025-08-30 13:37:43', '2025-08-30 13:37:43'),
(544, 3, 'out', 1000.00, '2025-08-30 13:38:14', '2025-08-30 13:38:14'),
(545, 5, 'in', 97000.00, '2025-08-30 13:39:30', '2025-08-30 13:39:30'),
(546, 10, 'out', 30000.00, '2025-08-30 13:43:20', '2025-08-30 13:43:20'),
(547, 2, 'out', 45000.00, '2025-08-30 13:45:56', '2025-08-30 13:45:56'),
(548, 10, 'out', 100000.00, '2025-08-30 13:46:06', '2025-08-30 13:46:06'),
(549, 10, 'out', 274000.00, '2025-08-30 13:50:25', '2025-08-30 13:50:25'),
(550, 2, 'out', 58000.00, '2025-08-30 13:51:46', '2025-08-30 13:51:46'),
(551, 10, 'out', 23000.00, '2025-08-30 13:54:10', '2025-08-30 13:54:10'),
(552, 3, 'out', 1001057.00, '2025-08-30 13:55:17', '2025-08-30 13:55:17'),
(553, 10, 'out', 82000.00, '2025-08-30 14:30:58', '2025-08-30 14:30:58'),
(554, 10, 'in', 164000.00, '2025-08-30 14:31:20', '2025-08-30 14:31:20'),
(555, 10, 'out', 30000.00, '2025-08-30 14:35:46', '2025-08-30 14:35:46'),
(556, 10, 'out', 62000.00, '2025-08-30 15:08:50', '2025-08-30 15:08:50'),
(557, 10, 'out', 23000.00, '2025-08-30 15:09:04', '2025-08-30 15:09:04'),
(558, 10, 'out', 20000.00, '2025-08-30 15:09:14', '2025-08-30 15:09:14'),
(559, 10, 'out', 31000.00, '2025-08-30 15:29:56', '2025-08-30 15:29:56'),
(560, 10, 'out', 152000.00, '2025-08-30 16:24:06', '2025-08-30 16:24:06'),
(561, 10, 'out', 23000.00, '2025-08-30 16:24:15', '2025-08-30 16:24:15'),
(562, 10, 'out', 48000.00, '2025-08-31 04:43:20', '2025-08-31 04:43:20'),
(563, 10, 'out', 250000.00, '2025-08-31 04:43:28', '2025-08-31 04:43:28'),
(564, 10, 'out', 25000.00, '2025-08-31 04:43:38', '2025-08-31 04:43:38'),
(565, 10, 'out', 40000.00, '2025-08-31 04:43:46', '2025-08-31 04:43:46'),
(566, 10, 'out', 50000.00, '2025-08-31 04:43:57', '2025-08-31 04:43:57'),
(567, 10, 'out', 28000.00, '2025-08-31 04:44:07', '2025-08-31 04:44:07'),
(568, 10, 'in', 605000.00, '2025-08-31 04:44:19', '2025-08-31 04:44:19'),
(569, 10, 'out', 20000.00, '2025-08-31 04:44:29', '2025-08-31 04:44:29'),
(570, 10, 'out', 104000.00, '2025-08-31 04:46:19', '2025-08-31 04:46:19'),
(571, 10, 'out', 48000.00, '2025-08-31 04:46:27', '2025-08-31 04:46:27'),
(572, 10, 'in', 800000.00, '2025-08-31 04:46:35', '2025-08-31 04:46:35'),
(573, 1, 'in', 950000.00, '2025-08-31 04:47:08', '2025-08-31 04:47:08'),
(574, 5, 'in', 90000.00, '2025-08-31 04:47:51', '2025-08-31 04:47:51'),
(575, 2, 'out', 60000.00, '2025-08-31 04:48:07', '2025-08-31 04:48:07'),
(576, 3, 'in', 719530.00, '2025-08-31 04:48:45', '2025-08-31 04:48:45'),
(577, 10, 'out', 48000.00, '2025-08-31 06:12:12', '2025-08-31 06:12:12'),
(578, 10, 'in', 1005000.00, '2025-08-31 06:12:23', '2025-08-31 06:12:23'),
(579, 10, 'out', 15000.00, '2025-08-31 06:12:31', '2025-08-31 06:12:31'),
(580, 2, 'out', 60000.00, '2025-08-31 06:12:49', '2025-08-31 06:12:49'),
(581, 1, 'in', 435000.00, '2025-08-31 06:13:20', '2025-08-31 06:13:20'),
(582, 1, 'out', 2003000.00, '2025-08-31 06:13:37', '2025-08-31 06:13:37'),
(583, 1, 'in', 16500.00, '2025-08-31 06:13:48', '2025-08-31 06:13:48'),
(584, 5, 'in', 100000.00, '2025-08-31 06:14:55', '2025-08-31 06:14:55'),
(585, 10, 'in', 1005000.00, '2025-08-31 06:24:25', '2025-08-31 06:24:25'),
(586, 5, 'in', 50000.00, '2025-08-31 06:29:29', '2025-08-31 06:29:29'),
(587, 10, 'out', 50000.00, '2025-08-31 13:16:14', '2025-08-31 13:16:14'),
(588, 10, 'out', 30000.00, '2025-08-31 13:16:37', '2025-08-31 13:16:37'),
(589, 10, 'in', 1005000.00, '2025-08-31 13:16:45', '2025-08-31 13:16:45'),
(590, 10, 'out', 20000.00, '2025-08-31 13:16:53', '2025-08-31 13:16:53'),
(591, 10, 'out', 500000.00, '2025-08-31 13:17:29', '2025-08-31 13:17:29'),
(592, 10, 'out', 13000.00, '2025-08-31 13:17:40', '2025-08-31 13:17:40'),
(593, 10, 'out', 70000.00, '2025-08-31 13:17:46', '2025-08-31 13:17:46'),
(594, 10, 'out', 20000.00, '2025-08-31 13:18:02', '2025-08-31 13:18:02'),
(595, 10, 'out', 18000.00, '2025-08-31 13:18:08', '2025-08-31 13:18:08'),
(596, 10, 'out', 50000.00, '2025-08-31 13:18:21', '2025-08-31 13:18:21'),
(597, 10, 'out', 20000.00, '2025-08-31 13:18:29', '2025-08-31 13:18:29'),
(598, 10, 'out', 40000.00, '2025-08-31 13:18:38', '2025-08-31 13:18:38'),
(599, 10, 'out', 20000.00, '2025-08-31 13:18:48', '2025-08-31 13:18:48'),
(600, 10, 'out', 500500.00, '2025-08-31 13:19:00', '2025-08-31 13:19:00'),
(601, 10, 'out', 23000.00, '2025-08-31 13:19:08', '2025-08-31 13:19:08'),
(602, 10, 'out', 20000.00, '2025-08-31 13:19:17', '2025-08-31 13:19:17'),
(603, 10, 'out', 100000.00, '2025-08-31 13:19:26', '2025-08-31 13:19:26'),
(604, 10, 'out', 20000.00, '2025-08-31 13:19:39', '2025-08-31 13:19:39'),
(605, 2, 'out', 58000.00, '2025-08-31 13:20:18', '2025-08-31 13:20:18'),
(606, 2, 'out', 31000.00, '2025-08-31 13:20:26', '2025-08-31 13:20:26'),
(607, 2, 'out', 28000.00, '2025-08-31 13:20:35', '2025-08-31 13:20:35'),
(608, 2, 'in', 200000.00, '2025-08-31 13:20:43', '2025-08-31 13:20:43'),
(609, 2, 'out', 30000.00, '2025-08-31 13:20:52', '2025-08-31 13:20:52'),
(610, 2, 'out', 10000.00, '2025-08-31 13:21:03', '2025-08-31 13:21:03'),
(611, 4, 'out', 50000.00, '2025-08-31 13:21:58', '2025-08-31 13:21:58'),
(612, 4, 'out', 50000.00, '2025-08-31 13:22:04', '2025-08-31 13:22:04'),
(613, 4, 'out', 201500.00, '2025-08-31 13:22:15', '2025-08-31 13:22:15'),
(614, 4, 'in', 500000.00, '2025-08-31 13:22:24', '2025-08-31 13:22:24'),
(615, 4, 'out', 600000.00, '2025-08-31 13:22:31', '2025-08-31 13:22:31'),
(616, 1, 'in', 5000000.00, '2025-08-31 13:23:09', '2025-08-31 13:23:09'),
(617, 1, 'out', 253000.00, '2025-08-31 13:23:19', '2025-08-31 13:23:19'),
(618, 1, 'in', 250000.00, '2025-08-31 13:23:27', '2025-08-31 13:23:27'),
(619, 1, 'in', 453000.00, '2025-08-31 13:23:43', '2025-08-31 13:23:43'),
(620, 1, 'in', 5000000.00, '2025-08-31 13:23:52', '2025-08-31 13:23:52'),
(621, 1, 'in', 133000.00, '2025-08-31 13:24:02', '2025-08-31 13:24:02'),
(622, 1, 'out', 10010000.00, '2025-08-31 13:24:23', '2025-08-31 13:24:23'),
(623, 1, 'in', 4000000.00, '2025-08-31 13:24:39', '2025-08-31 13:24:39'),
(624, 1, 'in', 100000.00, '2025-08-31 13:24:54', '2025-08-31 13:24:54'),
(625, 3, 'out', 1000123.00, '2025-08-31 13:25:49', '2025-08-31 13:25:49'),
(626, 3, 'in', 1500000.00, '2025-08-31 13:26:00', '2025-08-31 13:26:00'),
(627, 5, 'in', 55000.00, '2025-08-31 13:26:24', '2025-08-31 13:26:24'),
(628, 10, 'in', 57000.00, '2025-08-31 13:35:44', '2025-08-31 13:35:44'),
(629, 10, 'out', 50000.00, '2025-08-31 13:36:08', '2025-08-31 13:36:08'),
(630, 2, 'out', 70000.00, '2025-08-31 13:37:40', '2025-08-31 13:37:40'),
(631, 2, 'out', 48000.00, '2025-08-31 13:40:30', '2025-08-31 13:40:30'),
(632, 2, 'out', 40000.00, '2025-09-01 13:41:34', '2025-09-01 13:41:34'),
(633, 2, 'in', 153000.00, '2025-09-01 13:43:14', '2025-09-01 13:43:14'),
(634, 2, 'out', 13000.00, '2025-09-01 13:43:37', '2025-09-01 13:43:37'),
(635, 2, 'out', 10000.00, '2025-09-01 13:44:08', '2025-09-01 13:44:08'),
(636, 2, 'out', 10000.00, '2025-09-01 13:44:22', '2025-09-01 13:44:22'),
(637, 10, 'out', 200000.00, '2025-09-01 13:47:38', '2025-09-01 13:47:38'),
(638, 10, 'out', 23000.00, '2025-09-01 15:38:10', '2025-09-01 15:38:10'),
(639, 10, 'out', 50000.00, '2025-09-01 15:38:20', '2025-09-01 15:38:20'),
(640, 10, 'out', 202000.00, '2025-09-01 15:38:32', '2025-09-01 15:38:32'),
(641, 10, 'out', 13000.00, '2025-09-01 15:38:43', '2025-09-01 15:38:43'),
(642, 10, 'out', 100000.00, '2025-09-01 15:39:24', '2025-09-01 15:39:24'),
(643, 10, 'out', 600000.00, '2025-09-01 15:39:37', '2025-09-01 15:39:37'),
(644, 10, 'out', 33000.00, '2025-09-01 15:40:12', '2025-09-01 15:40:12'),
(645, 10, 'out', 50000.00, '2025-09-01 15:40:28', '2025-09-01 15:40:28'),
(646, 10, 'out', 28000.00, '2025-09-01 15:40:48', '2025-09-01 15:40:48'),
(647, 10, 'out', 162000.00, '2025-09-01 15:41:23', '2025-09-01 15:41:23'),
(648, 10, 'out', 68000.00, '2025-09-01 15:41:37', '2025-09-01 15:41:37'),
(649, 10, 'out', 40000.00, '2025-09-01 15:41:45', '2025-09-01 15:41:45'),
(650, 10, 'out', 58000.00, '2025-09-01 15:42:01', '2025-09-01 15:42:01'),
(651, 6, 'in', 250000.00, '2025-09-01 15:42:32', '2025-09-01 15:42:32'),
(652, 6, 'in', 2300000.00, '2025-09-01 15:42:40', '2025-09-01 15:42:40'),
(653, 6, 'in', 199000.00, '2025-09-01 15:42:47', '2025-09-01 15:42:47'),
(654, 6, 'out', 20000.00, '2025-09-01 15:42:54', '2025-09-01 15:42:54'),
(655, 6, 'out', 100000.00, '2025-09-01 15:43:03', '2025-09-01 15:43:03'),
(656, 6, 'out', 100000.00, '2025-09-01 15:43:09', '2025-09-01 15:43:09'),
(657, 6, 'out', 20000.00, '2025-09-01 15:43:55', '2025-09-01 15:43:55'),
(658, 6, 'out', 98000.00, '2025-09-01 15:44:10', '2025-09-01 15:44:10'),
(659, 6, 'out', 20000.00, '2025-09-01 15:44:21', '2025-09-01 15:44:21'),
(660, 6, 'out', 21000.00, '2025-09-01 15:44:27', '2025-09-01 15:44:27'),
(661, 5, 'out', 1000000.00, '2025-09-01 15:45:31', '2025-09-01 15:45:31'),
(662, 5, 'in', 80000.00, '2025-09-01 15:45:47', '2025-09-01 15:45:47'),
(663, 5, 'in', 154000.00, '2025-09-01 15:45:55', '2025-09-01 15:45:55'),
(664, 5, 'in', 153000.00, '2025-09-01 15:46:11', '2025-09-01 15:46:11'),
(665, 5, 'in', 50000.00, '2025-09-01 15:46:20', '2025-09-01 15:46:20'),
(666, 5, 'in', 1355000.00, '2025-09-01 15:46:35', '2025-09-01 15:46:35'),
(667, 5, 'out', 2731000.00, '2025-09-01 15:46:48', '2025-09-01 15:46:48'),
(668, 5, 'in', 303000.00, '2025-09-01 15:46:58', '2025-09-01 15:46:58'),
(669, 5, 'in', 123000.00, '2025-09-01 15:47:06', '2025-09-01 15:47:06'),
(670, 5, 'in', 52000.00, '2025-09-01 15:47:14', '2025-09-01 15:47:14'),
(671, 5, 'in', 52000.00, '2025-09-01 15:47:22', '2025-09-01 15:47:22'),
(672, 5, 'in', 50000.00, '2025-09-01 15:47:33', '2025-09-01 15:47:33'),
(673, 5, 'in', 15000.00, '2025-09-01 15:47:43', '2025-09-01 15:47:43'),
(674, 5, 'in', 52000.00, '2025-09-01 15:47:57', '2025-09-01 15:47:57'),
(675, 6, 'out', 70000.00, '2025-09-01 15:51:14', '2025-09-01 15:51:14'),
(676, 6, 'out', 71000.00, '2025-09-01 15:51:21', '2025-09-01 15:51:21'),
(677, 3, 'in', 22000.00, '2025-09-01 15:52:01', '2025-09-01 15:52:01'),
(678, 3, 'in', 150000.00, '2025-09-01 15:52:09', '2025-09-01 15:52:09'),
(679, 3, 'in', 97500.00, '2025-09-01 15:52:18', '2025-09-01 15:52:18'),
(680, 1, 'in', 163000.00, '2025-09-01 15:54:57', '2025-09-01 15:54:57'),
(681, 1, 'out', 103000.00, '2025-09-01 15:55:27', '2025-09-01 15:55:27'),
(682, 1, 'in', 610000.00, '2025-09-01 15:55:39', '2025-09-01 15:55:39'),
(683, 1, 'out', 504720.00, '2025-09-01 15:56:34', '2025-09-01 15:56:34'),
(684, 1, 'out', 303000.00, '2025-09-01 15:56:49', '2025-09-01 15:56:49'),
(685, 1, 'in', 2350000.00, '2025-09-01 15:57:12', '2025-09-01 15:57:12'),
(686, 1, 'in', 775000.00, '2025-09-01 15:57:20', '2025-09-01 15:57:20'),
(687, 1, 'out', 2003000.00, '2025-09-01 15:57:33', '2025-09-01 15:57:33'),
(688, 1, 'in', 3980000.00, '2025-09-01 15:57:50', '2025-09-01 15:57:50'),
(689, 1, 'in', 500000.00, '2025-09-01 15:58:02', '2025-09-01 15:58:02'),
(690, 1, 'in', 3000000.00, '2025-09-01 15:58:51', '2025-09-01 15:58:51'),
(691, 1, 'out', 10010000.00, '2025-09-01 15:59:07', '2025-09-01 15:59:07'),
(692, 1, 'out', 182500.00, '2025-09-01 15:59:25', '2025-09-01 15:59:25'),
(693, 1, 'in', 13250.00, '2025-09-01 15:59:37', '2025-09-01 15:59:37'),
(694, 1, 'in', 2000000.00, '2025-09-01 15:59:52', '2025-09-01 15:59:52'),
(695, 1, 'out', 1013000.00, '2025-09-01 16:00:12', '2025-09-01 16:00:12'),
(696, 1, 'in', 5000.00, '2025-09-01 16:01:47', '2025-09-01 16:01:47'),
(697, 1, 'in', 2000.00, '2025-09-01 16:01:54', '2025-09-01 16:01:54'),
(698, 4, 'out', 50000.00, '2025-09-01 16:02:27', '2025-09-01 16:02:27'),
(699, 4, 'out', 24000.00, '2025-09-01 16:02:35', '2025-09-01 16:02:35'),
(700, 4, 'out', 101000.00, '2025-09-01 16:02:46', '2025-09-01 16:02:46'),
(701, 1, 'out', 82000.00, '2025-09-01 16:02:54', '2025-09-01 16:02:54'),
(702, 4, 'out', 82.00, '2025-09-01 16:03:22', '2025-09-01 16:03:22'),
(703, 4, 'out', 82000.00, '2025-09-01 16:03:34', '2025-09-01 16:03:34'),
(704, 1, 'in', 164000.00, '2025-09-01 16:03:51', '2025-09-01 16:03:51'),
(705, 7, 'in', 1000000.00, '2025-09-01 16:06:32', '2025-09-01 16:06:32'),
(706, 7, 'in', 70000.00, '2025-09-01 16:06:40', '2025-09-01 16:06:40'),
(707, 7, 'out', 140000.00, '2025-09-01 16:06:46', '2025-09-01 16:06:46'),
(708, 7, 'out', 40000.00, '2025-09-01 16:06:55', '2025-09-01 16:06:55'),
(709, 7, 'out', 98000.00, '2025-09-01 16:07:01', '2025-09-01 16:07:01'),
(710, 7, 'out', 98000.00, '2025-09-01 16:07:10', '2025-09-01 16:07:10'),
(711, 7, 'out', 43000.00, '2025-09-01 16:07:20', '2025-09-01 16:07:20'),
(712, 7, 'out', 200000.00, '2025-09-01 16:07:40', '2025-09-01 16:07:40'),
(713, 7, 'out', 100000.00, '2025-09-01 16:07:46', '2025-09-01 16:07:46'),
(714, 7, 'out', 43000.00, '2025-09-01 16:07:56', '2025-09-01 16:07:56'),
(715, 7, 'out', 15000.00, '2025-09-01 16:08:02', '2025-09-01 16:08:02');
INSERT INTO `account_mutations` (`id`, `account_id`, `mutation_type`, `amount`, `created_at`, `updated_at`) VALUES
(716, 7, 'out', 18000.00, '2025-09-01 16:08:11', '2025-09-01 16:08:11'),
(717, 7, 'in', 70000.00, '2025-09-01 16:08:55', '2025-09-01 16:08:55'),
(718, 7, 'in', 33000.00, '2025-09-01 16:09:29', '2025-09-01 16:09:29'),
(719, 7, 'out', 5000.00, '2025-09-01 16:09:44', '2025-09-01 16:09:44'),
(720, 6, 'out', 50000.00, '2025-09-02 14:58:52', '2025-09-02 14:58:52'),
(721, 7, 'out', 50000.00, '2025-09-02 14:59:15', '2025-09-02 14:59:15'),
(722, 7, 'out', 61000.00, '2025-09-02 14:59:22', '2025-09-02 14:59:22'),
(723, 7, 'out', 42000.00, '2025-09-02 14:59:30', '2025-09-02 14:59:30'),
(724, 7, 'out', 41000.00, '2025-09-02 14:59:37', '2025-09-02 14:59:37'),
(725, 7, 'out', 73000.00, '2025-09-02 14:59:56', '2025-09-02 14:59:56'),
(726, 7, 'out', 23000.00, '2025-09-02 15:00:07', '2025-09-02 15:00:07'),
(727, 7, 'out', 58000.00, '2025-09-02 15:00:18', '2025-09-02 15:00:18'),
(728, 7, 'in', 155000.00, '2025-09-02 15:00:26', '2025-09-02 15:00:26'),
(729, 7, 'out', 10000.00, '2025-09-02 15:00:33', '2025-09-02 15:00:33'),
(730, 7, 'out', 50000.00, '2025-09-02 15:00:42', '2025-09-02 15:00:42'),
(731, 7, 'out', 16000.00, '2025-09-02 15:00:49', '2025-09-02 15:00:49'),
(732, 7, 'out', 40000.00, '2025-09-02 15:00:57', '2025-09-02 15:00:57'),
(733, 7, 'out', 98000.00, '2025-09-02 15:01:04', '2025-09-02 15:01:04'),
(734, 7, 'in', 1000000.00, '2025-09-02 15:01:13', '2025-09-02 15:01:13'),
(735, 7, 'out', 400000.00, '2025-09-02 15:01:40', '2025-09-02 15:01:40'),
(736, 7, 'out', 98000.00, '2025-09-02 15:01:47', '2025-09-02 15:01:47'),
(737, 7, 'in', 1100000.00, '2025-09-02 15:01:59', '2025-09-02 15:01:59'),
(738, 7, 'out', 450000.00, '2025-09-02 15:02:28', '2025-09-02 15:02:28'),
(739, 7, 'in', 100000.00, '2025-09-02 15:03:02', '2025-09-02 15:03:02'),
(740, 7, 'out', 48000.00, '2025-09-02 15:03:10', '2025-09-02 15:03:10'),
(741, 7, 'out', 70000.00, '2025-09-02 15:03:16', '2025-09-02 15:03:16'),
(742, 7, 'out', 20000.00, '2025-09-02 15:03:24', '2025-09-02 15:03:24'),
(743, 7, 'out', 270000.00, '2025-09-02 15:03:44', '2025-09-02 15:03:44'),
(744, 7, 'out', 15000.00, '2025-09-02 15:03:57', '2025-09-02 15:03:57'),
(745, 7, 'out', 80000.00, '2025-09-02 15:04:03', '2025-09-02 15:04:03'),
(746, 7, 'out', 500500.00, '2025-09-02 15:04:13', '2025-09-02 15:04:13'),
(747, 7, 'out', 100000.00, '2025-09-02 15:04:22', '2025-09-02 15:04:22'),
(748, 7, 'in', 1249000.00, '2025-09-02 15:04:48', '2025-09-02 15:04:48'),
(749, 7, 'out', 393000.00, '2025-09-02 15:05:11', '2025-09-02 15:05:11'),
(750, 6, 'out', 102000.00, '2025-09-02 15:05:59', '2025-09-02 15:05:59'),
(751, 6, 'in', 50000.00, '2025-09-02 15:06:12', '2025-09-02 15:06:12'),
(752, 6, 'out', 60000.00, '2025-09-02 15:06:21', '2025-09-02 15:06:21'),
(753, 6, 'in', 70000.00, '2025-09-02 15:06:26', '2025-09-02 15:06:26'),
(754, 6, 'out', 150000.00, '2025-09-02 15:06:35', '2025-09-02 15:06:35'),
(755, 6, 'out', 18000.00, '2025-09-02 15:06:46', '2025-09-02 15:06:46'),
(756, 6, 'out', 300000.00, '2025-09-02 15:06:52', '2025-09-02 15:06:52'),
(757, 6, 'out', 23000.00, '2025-09-02 15:07:01', '2025-09-02 15:07:01'),
(758, 6, 'in', 93000.00, '2025-09-02 15:07:11', '2025-09-02 15:07:11'),
(759, 6, 'out', 200000.00, '2025-09-02 15:07:24', '2025-09-02 15:07:24'),
(760, 6, 'out', 100000.00, '2025-09-02 15:07:33', '2025-09-02 15:07:33'),
(761, 6, 'out', 104000.00, '2025-09-02 15:07:41', '2025-09-02 15:07:41'),
(762, 6, 'out', 102000.00, '2025-09-02 15:07:50', '2025-09-02 15:07:50'),
(763, 6, 'out', 127000.00, '2025-09-02 15:07:59', '2025-09-02 15:07:59'),
(764, 6, 'out', 68000.00, '2025-09-02 15:08:06', '2025-09-02 15:08:06'),
(765, 6, 'out', 200000.00, '2025-09-02 15:08:15', '2025-09-02 15:08:15'),
(766, 6, 'out', 152000.00, '2025-09-02 15:08:21', '2025-09-02 15:08:21'),
(767, 6, 'out', 40000.00, '2025-09-02 15:08:30', '2025-09-02 15:08:30'),
(768, 6, 'out', 55000.00, '2025-09-02 15:08:38', '2025-09-02 15:08:38'),
(769, 6, 'out', 18000.00, '2025-09-02 15:08:46', '2025-09-02 15:08:46'),
(770, 6, 'in', 58000.00, '2025-09-02 15:08:54', '2025-09-02 15:08:54'),
(771, 6, 'out', 18000.00, '2025-09-02 15:09:01', '2025-09-02 15:09:01'),
(772, 6, 'out', 70000.00, '2025-09-02 15:09:17', '2025-09-02 15:09:17'),
(773, 6, 'out', 28000.00, '2025-09-02 15:09:23', '2025-09-02 15:09:23'),
(774, 6, 'out', 30000.00, '2025-09-02 15:09:31', '2025-09-02 15:09:31'),
(775, 6, 'out', 34000.00, '2025-09-02 15:09:53', '2025-09-02 15:09:53'),
(776, 6, 'out', 48000.00, '2025-09-02 15:10:01', '2025-09-02 15:10:01'),
(777, 6, 'out', 28000.00, '2025-09-02 15:10:07', '2025-09-02 15:10:07'),
(778, 6, 'out', 150000.00, '2025-09-02 15:10:21', '2025-09-02 15:10:21'),
(779, 6, 'out', 20000.00, '2025-09-02 15:10:31', '2025-09-02 15:10:31'),
(780, 6, 'out', 30000.00, '2025-09-02 15:10:41', '2025-09-02 15:10:41'),
(781, 6, 'out', 38000.00, '2025-09-02 15:10:53', '2025-09-02 15:10:53'),
(782, 6, 'out', 50000.00, '2025-09-02 15:11:01', '2025-09-02 15:11:01'),
(783, 6, 'out', 50000.00, '2025-09-02 15:11:07', '2025-09-02 15:11:07'),
(784, 6, 'out', 25000.00, '2025-09-02 15:11:13', '2025-09-02 15:11:13'),
(785, 2, 'out', 20000.00, '2025-09-02 15:11:59', '2025-09-02 15:11:59'),
(786, 2, 'in', 97500.00, '2025-09-02 15:12:06', '2025-09-02 15:12:06'),
(787, 2, 'out', 10000.00, '2025-09-02 15:12:13', '2025-09-02 15:12:13'),
(788, 2, 'out', 40000.00, '2025-09-02 15:12:21', '2025-09-02 15:12:21'),
(789, 2, 'out', 100000.00, '2025-09-02 15:12:29', '2025-09-02 15:12:29'),
(790, 2, 'out', 23000.00, '2025-09-02 15:12:35', '2025-09-02 15:12:35'),
(791, 2, 'out', 10000.00, '2025-09-02 15:12:42', '2025-09-02 15:12:42'),
(792, 3, 'in', 3857000.00, '2025-09-02 15:19:46', '2025-09-02 15:19:46'),
(793, 3, 'in', 805000.00, '2025-09-02 15:19:54', '2025-09-02 15:19:54'),
(794, 1, 'in', 2005000.00, '2025-09-02 15:21:43', '2025-09-02 15:21:43'),
(795, 1, 'in', 195000.00, '2025-09-02 15:21:51', '2025-09-02 15:21:51'),
(796, 7, 'out', 27000.00, '2025-09-02 15:24:47', '2025-09-02 15:24:47'),
(797, 1, 'in', 2955000.00, '2025-09-02 15:25:05', '2025-09-02 15:25:05'),
(798, 1, 'in', 500000.00, '2025-09-02 15:25:19', '2025-09-02 15:25:19'),
(799, 1, 'in', 800000.00, '2025-09-02 15:26:42', '2025-09-02 15:26:42'),
(800, 7, 'out', 16000.00, '2025-09-02 15:26:51', '2025-09-02 15:26:51'),
(801, 1, 'out', 10010000.00, '2025-09-02 15:27:13', '2025-09-02 15:27:13'),
(802, 1, 'out', 2003000.00, '2025-09-02 15:27:26', '2025-09-02 15:27:26'),
(803, 1, 'in', 500000.00, '2025-09-02 15:27:38', '2025-09-02 15:27:38'),
(804, 1, 'in', 21000.00, '2025-09-02 15:27:48', '2025-09-02 15:27:48'),
(805, 1, 'in', 1000000.00, '2025-09-02 15:27:59', '2025-09-02 15:27:59'),
(806, 1, 'out', 5000000.00, '2025-09-02 15:28:17', '2025-09-02 15:28:17'),
(807, 1, 'in', 300000.00, '2025-09-02 15:28:29', '2025-09-02 15:28:29'),
(808, 5, 'in', 325000.00, '2025-09-02 15:29:12', '2025-09-02 15:29:12'),
(809, 5, 'in', 50000.00, '2025-09-02 15:29:20', '2025-09-02 15:29:20'),
(810, 5, 'in', 173000.00, '2025-09-02 15:29:29', '2025-09-02 15:29:29'),
(811, 5, 'in', 105000.00, '2025-09-02 15:29:38', '2025-09-02 15:29:38'),
(812, 5, 'in', 150000.00, '2025-09-02 15:29:55', '2025-09-02 15:29:55'),
(813, 5, 'in', 60000.00, '2025-09-02 15:30:06', '2025-09-02 15:30:06'),
(814, 5, 'in', 100000.00, '2025-09-02 15:30:13', '2025-09-02 15:30:13'),
(815, 5, 'out', 2610000.00, '2025-09-02 15:30:24', '2025-09-02 15:30:24'),
(816, 5, 'out', 1000000.00, '2025-09-02 15:30:34', '2025-09-02 15:30:34'),
(817, 5, 'in', 100000.00, '2025-09-02 15:30:43', '2025-09-02 15:30:43'),
(818, 5, 'out', 1100000.00, '2025-09-02 15:30:53', '2025-09-02 15:30:53'),
(819, 5, 'in', 60000.00, '2025-09-02 15:31:09', '2025-09-02 15:31:09'),
(820, 5, 'in', 450000.00, '2025-09-02 15:31:17', '2025-09-02 15:31:17'),
(821, 5, 'in', 39000.00, '2025-09-02 15:31:24', '2025-09-02 15:31:24'),
(822, 5, 'in', 700000.00, '2025-09-02 15:31:31', '2025-09-02 15:31:31'),
(823, 5, 'out', 1249000.00, '2025-09-02 15:31:40', '2025-09-02 15:31:40'),
(824, 4, 'in', 52000.00, '2025-09-02 15:32:20', '2025-09-02 15:32:20'),
(825, 4, 'out', 53000.00, '2025-09-02 15:32:37', '2025-09-02 15:32:37'),
(826, 4, 'in', 2610000.00, '2025-09-02 15:32:51', '2025-09-02 15:32:51'),
(827, 4, 'out', 1500000.00, '2025-09-02 15:33:00', '2025-09-02 15:33:00'),
(828, 4, 'out', 18000.00, '2025-09-02 15:33:12', '2025-09-02 15:33:12'),
(829, 4, 'in', 805000.00, '2025-09-02 15:33:21', '2025-09-02 15:33:21'),
(830, 4, 'in', 500000.00, '2025-09-02 15:33:30', '2025-09-02 15:33:30'),
(831, 4, 'out', 2500000.00, '2025-09-02 15:33:43', '2025-09-02 15:33:43'),
(832, 1, 'in', 2900000.00, '2025-09-03 05:15:56', '2025-09-03 05:15:56'),
(833, 1, 'out', 53000.00, '2025-09-03 05:17:26', '2025-09-03 05:17:26'),
(834, 2, 'out', 28000.00, '2025-09-03 05:17:48', '2025-09-03 05:17:48'),
(835, 3, 'out', 5000.00, '2025-09-03 05:18:34', '2025-09-03 05:18:34'),
(836, 5, 'in', 205000.00, '2025-09-03 05:19:12', '2025-09-03 05:19:12'),
(837, 5, 'in', 205000.00, '2025-09-03 05:19:21', '2025-09-03 05:19:21'),
(838, 5, 'in', 70000.00, '2025-09-03 05:19:30', '2025-09-03 05:19:30'),
(839, 6, 'in', 100000.00, '2025-09-03 05:19:54', '2025-09-03 05:19:54'),
(840, 6, 'in', 52000.00, '2025-09-03 05:20:02', '2025-09-03 05:20:02'),
(841, 6, 'in', 99000.00, '2025-09-03 05:20:10', '2025-09-03 05:20:10'),
(842, 6, 'in', 69000.00, '2025-09-03 05:20:18', '2025-09-03 05:20:18'),
(843, 6, 'out', 88000.00, '2025-09-03 05:20:24', '2025-09-03 05:20:24'),
(844, 6, 'out', 20000.00, '2025-09-03 05:20:31', '2025-09-03 05:20:31'),
(845, 7, 'out', 13000.00, '2025-09-03 05:20:53', '2025-09-03 05:20:53'),
(846, 7, 'out', 150000.00, '2025-09-03 05:21:06', '2025-09-03 05:21:06'),
(847, 7, 'out', 50000.00, '2025-09-03 05:21:13', '2025-09-03 05:21:13'),
(848, 7, 'out', 48000.00, '2025-09-03 05:21:23', '2025-09-03 05:21:23'),
(849, 7, 'out', 50000.00, '2025-09-03 05:21:32', '2025-09-03 05:21:32'),
(850, 7, 'out', 70000.00, '2025-09-03 05:21:55', '2025-09-03 05:21:55'),
(851, 7, 'out', 16000.00, '2025-09-03 05:22:06', '2025-09-03 05:22:06'),
(852, 7, 'out', 25000.00, '2025-09-03 05:22:15', '2025-09-03 05:22:15'),
(853, 7, 'out', 102000.00, '2025-09-03 05:22:26', '2025-09-03 05:22:26'),
(854, 7, 'out', 48000.00, '2025-09-03 05:22:32', '2025-09-03 05:22:32'),
(855, 9, 'in', 998500.00, '2025-09-03 05:23:23', '2025-09-03 05:23:23'),
(856, 9, 'in', 16000.00, '2025-09-03 05:23:56', '2025-09-03 05:23:56'),
(857, 5, 'in', 82000.00, '2025-09-03 05:37:27', '2025-09-03 05:37:27'),
(858, 6, 'out', 30000.00, '2025-09-03 05:46:16', '2025-09-03 05:46:16'),
(859, 5, 'in', 855000.00, '2025-09-03 05:46:24', '2025-09-03 05:46:24'),
(860, 6, 'out', 48000.00, '2025-09-03 06:53:24', '2025-09-03 06:53:24'),
(861, 6, 'out', 50000.00, '2025-09-03 06:53:30', '2025-09-03 06:53:30'),
(862, 1, 'out', 1897500.00, '2025-09-03 06:54:33', '2025-09-03 06:54:33'),
(863, 3, 'in', 1900000.00, '2025-09-03 06:54:43', '2025-09-03 06:54:43'),
(864, 1, 'in', 300000.00, '2025-09-03 06:54:51', '2025-09-03 06:54:51'),
(865, 1, 'in', 16000.00, '2025-09-03 06:55:09', '2025-09-03 06:55:09'),
(866, 3, 'in', 370000.00, '2025-09-03 07:00:27', '2025-09-03 07:00:27'),
(867, 4, 'in', 1212000.00, '2025-09-03 07:03:23', '2025-09-03 07:03:23'),
(868, 4, 'out', 360000.00, '2025-09-03 07:03:34', '2025-09-03 07:03:34'),
(869, 5, 'out', 1212000.00, '2025-09-03 07:03:42', '2025-09-03 07:03:42'),
(870, 6, 'in', 305000.00, '2025-09-03 07:37:05', '2025-09-03 07:37:05'),
(871, 6, 'out', 53000.00, '2025-09-03 07:47:38', '2025-09-03 07:47:38'),
(874, 6, 'in', 110000.00, '2025-09-03 08:42:11', '2025-09-03 08:42:11'),
(875, 6, 'out', 68000.00, '2025-09-03 09:22:19', '2025-09-03 09:22:19'),
(876, 1, 'out', 2000000.00, '2025-09-03 09:32:18', '2025-09-03 09:32:18'),
(877, 6, 'out', 20000.00, '2025-09-03 09:34:09', '2025-09-03 09:34:09'),
(878, 1, 'in', 8310000.00, '2025-09-03 09:35:00', '2025-09-03 09:35:00'),
(879, 1, 'out', 100000.00, '2025-09-03 09:53:18', '2025-09-03 09:53:18'),
(880, 6, 'out', 58000.00, '2025-09-03 10:01:16', '2025-09-03 10:01:16'),
(881, 1, 'in', 14000.00, '2025-09-03 10:05:04', '2025-09-03 10:05:04'),
(882, 1, 'out', 28000.00, '2025-09-03 10:05:16', '2025-09-03 10:05:16'),
(883, 1, 'in', 500.00, '2025-09-03 10:05:27', '2025-09-03 10:05:27'),
(884, 6, 'out', 68000.00, '2025-09-03 10:31:13', '2025-09-03 10:31:13'),
(885, 4, 'out', 400000.00, '2025-09-03 10:31:59', '2025-09-03 10:31:59'),
(886, 6, 'out', 78000.00, '2025-09-03 10:40:40', '2025-09-03 10:40:40'),
(887, 6, 'out', 20000.00, '2025-09-03 11:21:14', '2025-09-03 11:21:14'),
(888, 6, 'out', 70000.00, '2025-09-03 11:21:40', '2025-09-03 11:21:40'),
(889, 7, 'out', 202000.00, '2025-09-03 11:28:05', '2025-09-03 11:28:05'),
(890, 7, 'out', 98000.00, '2025-09-03 11:28:19', '2025-09-03 11:28:19'),
(891, 4, 'out', 26000.00, '2025-09-03 11:28:38', '2025-09-03 11:28:38'),
(892, 1, 'out', 302500.00, '2025-09-03 11:56:21', '2025-09-03 11:56:21'),
(893, 1, 'in', 1000000.00, '2025-09-03 11:57:32', '2025-09-03 11:57:32'),
(894, 5, 'in', 169000.00, '2025-09-03 11:57:45', '2025-09-03 11:57:45'),
(895, 5, 'in', 203000.00, '2025-09-03 11:58:09', '2025-09-03 11:58:09'),
(896, 4, 'out', 48000.00, '2025-09-03 11:58:44', '2025-09-03 11:58:44'),
(897, 2, 'in', 300000.00, '2025-09-03 11:58:57', '2025-09-03 11:58:57'),
(898, 2, 'out', 50000.00, '2025-09-03 11:59:07', '2025-09-03 11:59:07'),
(899, 6, 'out', 55000.00, '2025-09-03 12:02:18', '2025-09-03 12:02:18'),
(900, 1, 'in', 2003000.00, '2025-09-03 12:54:23', '2025-09-03 12:54:23'),
(901, 1, 'out', 4006000.00, '2025-09-03 12:54:42', '2025-09-03 12:54:42'),
(902, 1, 'in', 900000.00, '2025-09-03 12:54:47', '2025-09-03 12:54:47'),
(903, 3, 'out', 1000000.00, '2025-09-03 12:55:25', '2025-09-03 12:55:25'),
(904, 7, 'in', 1000000.00, '2025-09-03 12:55:35', '2025-09-03 12:55:35'),
(905, 7, 'out', 23000.00, '2025-09-03 12:55:52', '2025-09-03 12:55:52'),
(906, 7, 'out', 62000.00, '2025-09-03 12:56:04', '2025-09-03 12:56:04'),
(907, 7, 'out', 197000.00, '2025-09-03 12:56:12', '2025-09-03 12:56:12'),
(908, 7, 'out', 20000.00, '2025-09-03 12:56:28', '2025-09-03 12:56:28'),
(909, 7, 'out', 25000.00, '2025-09-03 12:56:34', '2025-09-03 12:56:34'),
(910, 7, 'out', 50000.00, '2025-09-03 12:56:41', '2025-09-03 12:56:41'),
(911, 7, 'out', 50000.00, '2025-09-03 13:02:56', '2025-09-03 13:02:56'),
(913, 7, 'out', 20000.00, '2025-09-03 13:03:13', '2025-09-03 13:03:13'),
(914, 1, 'in', 203000.00, '2025-09-03 13:19:16', '2025-09-03 13:19:16'),
(915, 7, 'out', 10000.00, '2025-09-03 13:20:22', '2025-09-03 13:20:22'),
(916, 7, 'out', 68000.00, '2025-09-03 13:25:37', '2025-09-03 13:25:37'),
(917, 7, 'out', 302000.00, '2025-09-03 13:28:37', '2025-09-03 13:28:37'),
(918, 5, 'in', 62000.00, '2025-09-03 15:28:18', '2025-09-03 15:28:18'),
(919, 6, 'in', 80000.00, '2025-09-03 15:29:01', '2025-09-03 15:29:01'),
(920, 6, 'out', 55000.00, '2025-09-03 15:29:07', '2025-09-03 15:29:07'),
(921, 10, 'out', 400000.00, '2025-09-03 15:29:29', '2025-09-03 15:29:29'),
(922, 2, 'in', 47000.00, '2025-09-03 15:29:51', '2025-09-03 15:29:51'),
(923, 2, 'out', 11000.00, '2025-09-03 15:29:59', '2025-09-03 15:29:59'),
(924, 2, 'out', 25000.00, '2025-09-03 15:30:07', '2025-09-03 15:30:07'),
(925, 8, 'in', 10.00, '2025-09-03 23:59:41', '2025-09-03 23:59:41'),
(926, 7, 'out', 28000.00, '2025-09-04 05:45:05', '2025-09-04 05:45:05'),
(927, 7, 'out', 152000.00, '2025-09-04 05:45:47', '2025-09-04 05:45:47'),
(928, 7, 'out', 30000.00, '2025-09-04 05:46:17', '2025-09-04 05:46:17'),
(929, 7, 'out', 100000.00, '2025-09-04 05:46:56', '2025-09-04 05:46:56'),
(930, 7, 'out', 98000.00, '2025-09-04 05:47:26', '2025-09-04 05:47:26'),
(931, 7, 'out', 50000.00, '2025-09-04 05:47:48', '2025-09-04 05:47:48'),
(932, 7, 'out', 58000.00, '2025-09-04 05:48:19', '2025-09-04 05:48:19'),
(933, 7, 'out', 247000.00, '2025-09-04 05:48:42', '2025-09-04 05:48:42'),
(934, 7, 'out', 650000.00, '2025-09-04 05:49:09', '2025-09-04 05:49:09'),
(935, 7, 'out', 23000.00, '2025-09-04 05:49:50', '2025-09-04 05:49:50'),
(936, 1, 'out', 4000000.00, '2025-09-04 05:56:13', '2025-09-04 05:56:13'),
(937, 5, 'in', 1205000.00, '2025-09-04 06:09:07', '2025-09-04 06:09:07'),
(938, 5, 'in', 705000.00, '2025-09-04 06:09:27', '2025-09-04 06:09:27'),
(939, 5, 'in', 45000.00, '2025-09-04 06:09:49', '2025-09-04 06:09:49'),
(940, 5, 'in', 103000.00, '2025-09-04 06:10:06', '2025-09-04 06:10:06'),
(941, 5, 'in', 505000.00, '2025-09-04 06:10:34', '2025-09-04 06:10:34'),
(942, 5, 'in', 35000.00, '2025-09-04 06:10:55', '2025-09-04 06:10:55'),
(943, 7, 'in', 152000.00, '2025-09-04 06:14:14', '2025-09-04 06:14:14'),
(944, 7, 'out', 152000.00, '2025-09-04 06:14:53', '2025-09-04 06:14:53'),
(945, 7, 'out', 207000.00, '2025-09-04 07:47:03', '2025-09-04 07:47:03'),
(946, 7, 'out', 147000.00, '2025-09-04 07:57:05', '2025-09-04 07:57:05'),
(947, 5, 'in', 52000.00, '2025-09-04 08:09:50', '2025-09-04 08:09:50'),
(948, 7, 'out', 30000.00, '2025-09-04 08:22:38', '2025-09-04 08:22:38'),
(949, 5, 'in', 900000.00, '2025-09-04 09:53:36', '2025-09-04 09:53:36'),
(950, 5, 'in', 203000.00, '2025-09-04 09:54:51', '2025-09-04 09:54:51'),
(951, 5, 'in', 70000.00, '2025-09-04 10:59:39', '2025-09-04 10:59:39'),
(952, 5, 'in', 100000.00, '2025-09-04 11:07:18', '2025-09-04 11:07:18'),
(953, 7, 'out', 38000.00, '2025-09-04 11:10:11', '2025-09-04 11:10:11'),
(954, 7, 'out', 11000.00, '2025-09-04 11:14:47', '2025-09-04 11:14:47'),
(955, 7, 'out', 70000.00, '2025-09-04 11:15:05', '2025-09-04 11:15:05'),
(956, 7, 'in', 205000.00, '2025-09-04 11:16:08', '2025-09-04 11:16:08'),
(957, 7, 'out', 20000.00, '2025-09-04 11:16:34', '2025-09-04 11:16:34'),
(958, 7, 'out', 30000.00, '2025-09-04 11:16:47', '2025-09-04 11:16:47'),
(959, 4, 'out', 101000.00, '2025-09-04 11:18:21', '2025-09-04 11:18:21'),
(960, 7, 'out', 23000.00, '2025-09-04 11:30:38', '2025-09-04 11:30:38'),
(961, 7, 'out', 45000.00, '2025-09-04 12:06:02', '2025-09-04 12:06:02'),
(962, 7, 'out', 15000.00, '2025-09-04 12:12:27', '2025-09-04 12:12:27'),
(963, 2, 'in', 103000.00, '2025-09-04 12:13:05', '2025-09-04 12:13:05'),
(964, 1, 'in', 22050.00, '2025-09-04 12:14:00', '2025-09-04 12:14:00'),
(965, 1, 'in', 250000.00, '2025-09-04 12:14:10', '2025-09-04 12:14:10'),
(966, 1, 'in', 1005000.00, '2025-09-04 12:14:25', '2025-09-04 12:14:25'),
(967, 1, 'in', 1100000.00, '2025-09-04 12:14:35', '2025-09-04 12:14:35'),
(968, 1, 'in', 103000.00, '2025-09-04 12:14:47', '2025-09-04 12:14:47'),
(969, 1, 'out', 5010000.00, '2025-09-04 12:15:06', '2025-09-04 12:15:06'),
(970, 1, 'out', 3000.00, '2025-09-04 12:15:33', '2025-09-04 12:15:33'),
(971, 7, 'out', 98000.00, '2025-09-04 12:17:11', '2025-09-04 12:17:11'),
(972, 1, 'out', 153000.00, '2025-09-04 12:21:36', '2025-09-04 12:21:36'),
(973, 4, 'in', 2050000.00, '2025-09-04 12:23:14', '2025-09-04 12:23:14'),
(974, 4, 'out', 42000.00, '2025-09-04 12:23:22', '2025-09-04 12:23:22'),
(975, 4, 'out', 150000.00, '2025-09-04 12:25:19', '2025-09-04 12:25:19'),
(976, 5, 'out', 2000000.00, '2025-09-04 12:25:52', '2025-09-04 12:25:52'),
(977, 9, 'out', 900000.00, '2025-09-04 12:26:20', '2025-09-04 12:26:20'),
(978, 4, 'out', 40000.00, '2025-09-04 12:30:15', '2025-09-04 12:30:15'),
(979, 10, 'in', 50000.00, '2025-09-04 14:00:13', '2025-09-04 14:00:13'),
(980, 5, 'in', 306000.00, '2025-09-04 14:07:19', '2025-09-04 14:07:19'),
(981, 5, 'in', 144000.00, '2025-09-04 14:07:32', '2025-09-04 14:07:32'),
(982, 5, 'in', 175000.00, '2025-09-04 14:07:46', '2025-09-04 14:07:46'),
(983, 5, 'out', 2000000.00, '2025-09-04 14:07:57', '2025-09-04 14:07:57'),
(984, 5, 'in', 505000.00, '2025-09-04 14:08:11', '2025-09-04 14:08:11'),
(985, 5, 'in', 82000.00, '2025-09-04 14:08:20', '2025-09-04 14:08:20'),
(986, 4, 'out', 282000.00, '2025-09-04 14:08:49', '2025-09-04 14:08:49'),
(987, 7, 'in', 2000000.00, '2025-09-04 14:09:55', '2025-09-04 14:09:55'),
(988, 7, 'out', 60000.00, '2025-09-04 14:10:03', '2025-09-04 14:10:03'),
(989, 7, 'out', 247000.00, '2025-09-04 14:10:20', '2025-09-04 14:10:20'),
(990, 7, 'out', 25000.00, '2025-09-04 14:10:31', '2025-09-04 14:10:31'),
(991, 7, 'out', 28000.00, '2025-09-04 14:10:42', '2025-09-04 14:10:42'),
(992, 7, 'out', 40000.00, '2025-09-04 15:08:58', '2025-09-04 15:08:58'),
(993, 7, 'out', 500000.00, '2025-09-04 15:09:25', '2025-09-04 15:09:25'),
(994, 7, 'out', 20000.00, '2025-09-04 15:09:36', '2025-09-04 15:09:36'),
(995, 7, 'out', 13000.00, '2025-09-05 04:27:06', '2025-09-05 04:27:06'),
(996, 4, 'out', 26000.00, '2025-09-05 05:18:30', '2025-09-05 05:18:30'),
(997, 5, 'in', 215000.00, '2025-09-05 05:18:51', '2025-09-05 05:18:51'),
(998, 7, 'out', 100000.00, '2025-09-05 05:32:42', '2025-09-05 05:32:42'),
(999, 3, 'out', 225000.00, '2025-09-05 06:27:18', '2025-09-05 06:27:18'),
(1000, 7, 'out', 100000.00, '2025-09-05 09:19:14', '2025-09-05 09:19:14'),
(1001, 7, 'out', 48000.00, '2025-09-05 09:20:05', '2025-09-05 09:20:05'),
(1002, 1, 'in', 1005000.00, '2025-09-05 09:22:53', '2025-09-05 09:22:53'),
(1003, 7, 'out', 20000.00, '2025-09-05 09:33:12', '2025-09-05 09:33:12'),
(1004, 3, 'in', 1405000.00, '2025-09-05 09:33:52', '2025-09-05 09:33:52'),
(1005, 1, 'out', 300000.00, '2025-09-05 09:36:08', '2025-09-05 09:36:08'),
(1006, 7, 'out', 28000.00, '2025-09-05 09:44:35', '2025-09-05 09:44:35'),
(1007, 6, 'out', 30000.00, '2025-09-05 09:49:43', '2025-09-05 09:49:43'),
(1008, 7, 'out', 28000.00, '2025-09-05 12:03:42', '2025-09-05 12:03:42'),
(1009, 7, 'out', 250000.00, '2025-09-05 12:04:05', '2025-09-05 12:04:05'),
(1010, 7, 'out', 55000.00, '2025-09-05 12:04:15', '2025-09-05 12:04:15'),
(1011, 7, 'out', 167000.00, '2025-09-05 12:04:23', '2025-09-05 12:04:23'),
(1012, 7, 'out', 10000.00, '2025-09-05 12:05:39', '2025-09-05 12:05:39'),
(1013, 7, 'out', 20000.00, '2025-09-05 12:05:48', '2025-09-05 12:05:48'),
(1014, 7, 'out', 20000.00, '2025-09-05 12:05:54', '2025-09-05 12:05:54'),
(1015, 7, 'out', 98000.00, '2025-09-05 12:06:05', '2025-09-05 12:06:05'),
(1016, 7, 'out', 50000.00, '2025-09-05 12:06:13', '2025-09-05 12:06:13'),
(1017, 7, 'out', 20000.00, '2025-09-05 12:09:55', '2025-09-05 12:09:55'),
(1018, 7, 'out', 55000.00, '2025-09-05 12:10:06', '2025-09-05 12:10:06'),
(1019, 7, 'out', 20000.00, '2025-09-05 12:10:57', '2025-09-05 12:10:57'),
(1020, 7, 'in', 1000000.00, '2025-09-05 12:11:11', '2025-09-05 12:11:11'),
(1021, 7, 'out', 98000.00, '2025-09-05 12:11:56', '2025-09-05 12:11:56'),
(1022, 7, 'out', 23000.00, '2025-09-05 12:12:05', '2025-09-05 12:12:05'),
(1023, 7, 'out', 17000.00, '2025-09-05 12:14:45', '2025-09-05 12:14:45'),
(1024, 7, 'out', 201000.00, '2025-09-05 12:14:53', '2025-09-05 12:14:53'),
(1025, 7, 'out', 8000.00, '2025-09-05 12:15:10', '2025-09-05 12:15:10'),
(1026, 1, 'in', 10750.00, '2025-09-05 12:16:22', '2025-09-05 12:16:22'),
(1027, 1, 'out', 863000.00, '2025-09-05 12:16:35', '2025-09-05 12:16:35'),
(1028, 1, 'out', 103000.00, '2025-09-05 12:17:06', '2025-09-05 12:17:06'),
(1029, 1, 'in', 200000.00, '2025-09-05 12:17:18', '2025-09-05 12:17:18'),
(1030, 1, 'out', 506680.00, '2025-09-05 12:17:44', '2025-09-05 12:17:44'),
(1031, 1, 'in', 9600000.00, '2025-09-05 12:18:00', '2025-09-05 12:18:00'),
(1032, 1, 'out', 11010000.00, '2025-09-05 12:18:16', '2025-09-05 12:18:16'),
(1033, 1, 'out', 410000.00, '2025-09-05 12:18:36', '2025-09-05 12:18:36'),
(1034, 1, 'out', 1060000.00, '2025-09-05 12:18:58', '2025-09-05 12:18:58'),
(1035, 1, 'in', 2500000.00, '2025-09-05 12:19:14', '2025-09-05 12:19:14'),
(1036, 1, 'in', 1005000.00, '2025-09-05 12:19:28', '2025-09-05 12:19:28'),
(1037, 1, 'out', 143000.00, '2025-09-05 12:19:38', '2025-09-05 12:19:38'),
(1038, 1, 'in', 200000.00, '2025-09-05 12:20:30', '2025-09-05 12:20:30'),
(1039, 2, 'out', 60000.00, '2025-09-05 12:20:58', '2025-09-05 12:20:58'),
(1040, 2, 'in', 120000.00, '2025-09-05 12:21:07', '2025-09-05 12:21:07'),
(1041, 2, 'out', 42000.00, '2025-09-05 12:21:16', '2025-09-05 12:21:16'),
(1042, 2, 'out', 93000.00, '2025-09-05 12:21:34', '2025-09-05 12:21:34'),
(1043, 2, 'out', 20000.00, '2025-09-05 12:21:42', '2025-09-05 12:21:42'),
(1044, 3, 'in', 2000000.00, '2025-09-05 12:22:22', '2025-09-05 12:22:22'),
(1045, 4, 'in', 250000.00, '2025-09-05 12:22:58', '2025-09-05 12:22:58'),
(1046, 4, 'in', 210000.00, '2025-09-05 12:23:19', '2025-09-05 12:23:19'),
(1047, 4, 'out', 40000.00, '2025-09-05 12:23:27', '2025-09-05 12:23:27'),
(1048, 4, 'out', 20000.00, '2025-09-05 12:23:34', '2025-09-05 12:23:34'),
(1049, 7, 'out', 132000.00, '2025-09-05 12:35:14', '2025-09-05 12:35:14'),
(1050, 2, 'out', 21500.00, '2025-09-05 12:36:09', '2025-09-05 12:36:09'),
(1051, 5, 'in', 300000.00, '2025-09-05 12:36:38', '2025-09-05 12:36:38'),
(1052, 5, 'in', 40000.00, '2025-09-05 12:36:46', '2025-09-05 12:36:46'),
(1053, 5, 'in', 75000.00, '2025-09-05 12:36:55', '2025-09-05 12:36:55'),
(1054, 5, 'in', 50000.00, '2025-09-05 12:37:06', '2025-09-05 12:37:06'),
(1055, 5, 'in', 1005000.00, '2025-09-05 12:37:25', '2025-09-05 12:37:25'),
(1056, 5, 'in', 100000.00, '2025-09-05 12:37:36', '2025-09-05 12:37:36'),
(1057, 5, 'in', 100000.00, '2025-09-05 12:37:43', '2025-09-05 12:37:43'),
(1058, 5, 'in', 303000.00, '2025-09-05 12:37:51', '2025-09-05 12:37:51'),
(1059, 5, 'out', 1000000.00, '2025-09-05 12:38:03', '2025-09-05 12:38:03'),
(1060, 6, 'in', 103000.00, '2025-09-05 12:39:11', '2025-09-05 12:39:11'),
(1061, 6, 'out', 73000.00, '2025-09-05 12:39:20', '2025-09-05 12:39:20'),
(1062, 6, 'out', 10000.00, '2025-09-05 12:39:35', '2025-09-05 12:39:35'),
(1063, 6, 'out', 30000.00, '2025-09-05 12:39:47', '2025-09-05 12:39:47'),
(1064, 1, 'in', 550000.00, '2025-09-05 12:40:18', '2025-09-05 12:40:18'),
(1065, 7, 'out', 28000.00, '2025-09-05 13:03:24', '2025-09-05 13:03:24'),
(1066, 7, 'out', 50000.00, '2025-09-05 13:06:07', '2025-09-05 13:06:07'),
(1067, 10, 'out', 10000.00, '2025-09-05 13:16:00', '2025-09-05 13:16:00'),
(1068, 10, 'out', 20000.00, '2025-09-05 13:16:09', '2025-09-05 13:16:09'),
(1069, 7, 'out', 13000.00, '2025-09-05 13:16:25', '2025-09-05 13:16:25'),
(1070, 6, 'in', 110000.00, '2025-09-05 13:25:22', '2025-09-05 13:25:22'),
(1071, 7, 'out', 30000.00, '2025-09-05 13:27:26', '2025-09-05 13:27:26'),
(1072, 7, 'out', 50000.00, '2025-09-05 13:27:42', '2025-09-05 13:27:42'),
(1073, 2, 'out', 50000.00, '2025-09-05 13:42:20', '2025-09-05 13:42:20'),
(1074, 2, 'out', 33000.00, '2025-09-05 13:42:53', '2025-09-05 13:42:53'),
(1075, 7, 'out', 13000.00, '2025-09-05 13:43:39', '2025-09-05 13:43:39'),
(1076, 7, 'out', 140000.00, '2025-09-05 13:52:20', '2025-09-05 13:52:20'),
(1077, 7, 'out', 50000.00, '2025-09-05 13:52:41', '2025-09-05 13:52:41'),
(1078, 1, 'in', 100000.00, '2025-09-05 13:55:24', '2025-09-05 13:55:24'),
(1079, 7, 'out', 50000.00, '2025-09-05 14:06:25', '2025-09-05 14:06:25'),
(1080, 7, 'out', 13000.00, '2025-09-05 14:17:40', '2025-09-05 14:17:40'),
(1081, 1, 'out', 204500.00, '2025-09-05 14:19:55', '2025-09-05 14:19:55'),
(1082, 3, 'in', 500000.00, '2025-09-05 14:20:42', '2025-09-05 14:20:42'),
(1083, 6, 'in', 380000.00, '2025-09-05 14:21:41', '2025-09-05 14:21:41'),
(1084, 6, 'in', 109500.00, '2025-09-05 14:21:54', '2025-09-05 14:21:54'),
(1085, 6, 'out', 110000.00, '2025-09-05 14:22:38', '2025-09-05 14:22:38'),
(1086, 7, 'out', 20000.00, '2025-09-05 15:05:06', '2025-09-05 15:05:06'),
(1087, 2, 'out', 50000.00, '2025-09-05 15:20:44', '2025-09-05 15:20:44'),
(1088, 4, 'out', 500000.00, '2025-09-05 15:45:13', '2025-09-05 15:45:13'),
(1089, 5, 'in', 160000.00, '2025-09-05 15:45:36', '2025-09-05 15:45:36'),
(1090, 10, 'out', 220000.00, '2025-09-05 15:47:36', '2025-09-05 15:47:36'),
(1091, 10, 'out', 98000.00, '2025-09-05 15:47:48', '2025-09-05 15:47:48'),
(1092, 7, 'out', 20000.00, '2025-09-05 15:48:22', '2025-09-05 15:48:22'),
(1093, 7, 'out', 13000.00, '2025-09-05 15:48:38', '2025-09-05 15:48:38'),
(1094, 7, 'out', 15000.00, '2025-09-05 15:48:49', '2025-09-05 15:48:49'),
(1095, 2, 'out', 18000.00, '2025-09-05 15:48:56', '2025-09-05 15:48:56'),
(1096, 1, 'in', 1005000.00, '2025-09-06 16:26:04', '2025-09-06 16:26:04'),
(1097, 1, 'in', 2500000.00, '2025-09-06 16:26:15', '2025-09-06 16:26:15'),
(1098, 1, 'out', 1638000.00, '2025-09-06 16:26:34', '2025-09-06 16:26:34'),
(1099, 1, 'in', 25750.00, '2025-09-06 16:26:46', '2025-09-06 16:26:46'),
(1100, 1, 'out', 1152500.00, '2025-09-06 16:27:10', '2025-09-06 16:27:10'),
(1101, 1, 'in', 200000.00, '2025-09-06 16:27:20', '2025-09-06 16:27:20'),
(1102, 1, 'out', 108000.00, '2025-09-06 16:27:31', '2025-09-06 16:27:31'),
(1103, 1, 'in', 2140000.00, '2025-09-06 16:28:42', '2025-09-06 16:28:42'),
(1104, 1, 'out', 703000.00, '2025-09-06 16:29:12', '2025-09-06 16:29:12'),
(1105, 1, 'out', 53000.00, '2025-09-06 16:29:27', '2025-09-06 16:29:27'),
(1106, 1, 'in', 50000.00, '2025-09-06 16:29:35', '2025-09-06 16:29:35'),
(1107, 1, 'in', 103000.00, '2025-09-06 16:30:04', '2025-09-06 16:30:04'),
(1108, 2, 'in', 350000.00, '2025-09-06 16:30:53', '2025-09-06 16:30:53'),
(1109, 2, 'out', 28000.00, '2025-09-06 16:31:07', '2025-09-06 16:31:07'),
(1110, 2, 'in', 220000.00, '2025-09-06 16:33:11', '2025-09-06 16:33:11'),
(1111, 2, 'in', 50000.00, '2025-09-06 16:33:33', '2025-09-06 16:33:33'),
(1112, 2, 'out', 51000.00, '2025-09-06 16:33:46', '2025-09-06 16:33:46'),
(1113, 2, 'out', 48000.00, '2025-09-06 16:33:54', '2025-09-06 16:33:54'),
(1114, 2, 'out', 48000.00, '2025-09-06 16:34:07', '2025-09-06 16:34:07'),
(1115, 2, 'out', 10000.00, '2025-09-06 16:34:20', '2025-09-06 16:34:20'),
(1116, 3, 'out', 10002500.00, '2025-09-06 16:35:22', '2025-09-06 16:35:22'),
(1117, 3, 'out', 300000.00, '2025-09-06 16:35:32', '2025-09-06 16:35:32'),
(1118, 4, 'in', 133000.00, '2025-09-06 16:36:48', '2025-09-06 16:36:48'),
(1119, 4, 'out', 48000.00, '2025-09-06 16:36:59', '2025-09-06 16:36:59'),
(1120, 4, 'out', 101000.00, '2025-09-06 16:37:10', '2025-09-06 16:37:10'),
(1121, 4, 'out', 92000.00, '2025-09-06 16:37:21', '2025-09-06 16:37:21'),
(1122, 4, 'out', 40000.00, '2025-09-06 16:37:38', '2025-09-06 16:37:38'),
(1123, 4, 'in', 205000.00, '2025-09-06 16:37:47', '2025-09-06 16:37:47'),
(1124, 4, 'out', 26000.00, '2025-09-06 16:38:25', '2025-09-06 16:38:25'),
(1125, 5, 'in', 305000.00, '2025-09-06 16:39:10', '2025-09-06 16:39:10'),
(1126, 5, 'out', 2427000.00, '2025-09-06 16:39:30', '2025-09-06 16:39:30'),
(1127, 5, 'in', 180000.00, '2025-09-06 16:39:43', '2025-09-06 16:39:43'),
(1128, 5, 'in', 457000.00, '2025-09-06 16:40:11', '2025-09-06 16:40:11'),
(1129, 5, 'in', 128000.00, '2025-09-06 16:40:19', '2025-09-06 16:40:19'),
(1130, 5, 'in', 153000.00, '2025-09-06 16:40:32', '2025-09-06 16:40:32'),
(1131, 5, 'in', 55000.00, '2025-09-06 16:40:42', '2025-09-06 16:40:42'),
(1132, 5, 'in', 700000.00, '2025-09-06 16:40:52', '2025-09-06 16:40:52'),
(1133, 5, 'in', 250000.00, '2025-09-06 16:41:00', '2025-09-06 16:41:00'),
(1134, 5, 'in', 200000.00, '2025-09-06 16:41:14', '2025-09-06 16:41:14'),
(1135, 5, 'in', 755000.00, '2025-09-06 16:41:26', '2025-09-06 16:41:26'),
(1136, 5, 'in', 163000.00, '2025-09-06 16:41:34', '2025-09-06 16:41:34'),
(1137, 6, 'in', 50000.00, '2025-09-06 16:42:17', '2025-09-06 16:42:17'),
(1138, 6, 'in', 102000.00, '2025-09-06 16:42:29', '2025-09-06 16:42:29'),
(1139, 6, 'out', 38000.00, '2025-09-06 16:43:19', '2025-09-06 16:43:19'),
(1140, 6, 'out', 10000.00, '2025-09-06 16:43:28', '2025-09-06 16:43:28'),
(1141, 6, 'out', 147000.00, '2025-09-06 16:43:46', '2025-09-06 16:43:46'),
(1142, 6, 'in', 1355000.00, '2025-09-06 16:43:59', '2025-09-06 16:43:59'),
(1143, 6, 'in', 52000.00, '2025-09-06 16:44:08', '2025-09-06 16:44:08'),
(1144, 6, 'out', 58000.00, '2025-09-06 16:44:14', '2025-09-06 16:44:14'),
(1145, 6, 'in', 155000.00, '2025-09-06 16:44:25', '2025-09-06 16:44:25'),
(1146, 6, 'out', 42000.00, '2025-09-06 16:44:41', '2025-09-06 16:44:41'),
(1147, 6, 'out', 63000.00, '2025-09-06 16:44:52', '2025-09-06 16:44:52'),
(1148, 6, 'out', 50000.00, '2025-09-06 16:44:59', '2025-09-06 16:44:59'),
(1149, 6, 'out', 50000.00, '2025-09-06 16:45:10', '2025-09-06 16:45:10'),
(1150, 6, 'out', 30000.00, '2025-09-06 16:45:25', '2025-09-06 16:45:25'),
(1151, 6, 'out', 48000.00, '2025-09-06 16:45:34', '2025-09-06 16:45:34'),
(1152, 7, 'in', 49000.00, '2025-09-06 16:46:40', '2025-09-06 16:46:40'),
(1153, 7, 'out', 20000.00, '2025-09-06 16:46:49', '2025-09-06 16:46:49'),
(1154, 7, 'in', 2427000.00, '2025-09-06 16:47:12', '2025-09-06 16:47:12'),
(1155, 7, 'out', 150000.00, '2025-09-06 16:47:26', '2025-09-06 16:47:26'),
(1156, 7, 'out', 90000.00, '2025-09-06 16:47:36', '2025-09-06 16:47:36'),
(1157, 7, 'out', 83000.00, '2025-09-06 16:47:45', '2025-09-06 16:47:45'),
(1158, 7, 'out', 152000.00, '2025-09-06 16:47:53', '2025-09-06 16:47:53'),
(1159, 7, 'out', 53000.00, '2025-09-06 16:48:00', '2025-09-06 16:48:00'),
(1160, 7, 'out', 202000.00, '2025-09-06 16:48:14', '2025-09-06 16:48:14'),
(1161, 7, 'out', 53000.00, '2025-09-06 16:48:23', '2025-09-06 16:48:23'),
(1162, 7, 'in', 800000.00, '2025-09-06 16:48:30', '2025-09-06 16:48:30'),
(1163, 7, 'out', 40000.00, '2025-09-06 16:48:39', '2025-09-06 16:48:39'),
(1164, 7, 'out', 18000.00, '2025-09-06 16:48:46', '2025-09-06 16:48:46'),
(1165, 7, 'out', 25000.00, '2025-09-06 16:49:03', '2025-09-06 16:49:03'),
(1166, 7, 'out', 43000.00, '2025-09-06 16:49:13', '2025-09-06 16:49:13'),
(1167, 7, 'out', 88000.00, '2025-09-06 16:49:30', '2025-09-06 16:49:30'),
(1168, 7, 'out', 50000.00, '2025-09-06 16:49:41', '2025-09-06 16:49:41'),
(1169, 7, 'out', 100000.00, '2025-09-06 16:49:53', '2025-09-06 16:49:53'),
(1170, 7, 'out', 52000.00, '2025-09-06 16:50:02', '2025-09-06 16:50:02'),
(1171, 7, 'out', 60000.00, '2025-09-06 16:50:14', '2025-09-06 16:50:14'),
(1172, 7, 'in', 100000.00, '2025-09-06 16:50:23', '2025-09-06 16:50:23'),
(1173, 7, 'out', 38000.00, '2025-09-06 16:50:32', '2025-09-06 16:50:32'),
(1174, 7, 'out', 98000.00, '2025-09-06 16:50:40', '2025-09-06 16:50:40'),
(1175, 7, 'out', 100000.00, '2025-09-06 16:50:53', '2025-09-06 16:50:53'),
(1176, 7, 'out', 245000.00, '2025-09-06 16:51:09', '2025-09-06 16:51:09'),
(1177, 7, 'out', 100000.00, '2025-09-06 16:51:17', '2025-09-06 16:51:17'),
(1178, 7, 'out', 24000.00, '2025-09-06 16:51:25', '2025-09-06 16:51:25'),
(1179, 7, 'out', 20000.00, '2025-09-06 16:51:34', '2025-09-06 16:51:34'),
(1180, 7, 'out', 20000.00, '2025-09-06 16:51:44', '2025-09-06 16:51:44'),
(1181, 7, 'out', 41000.00, '2025-09-06 16:52:09', '2025-09-06 16:52:09'),
(1182, 7, 'out', 15000.00, '2025-09-06 16:52:21', '2025-09-06 16:52:21'),
(1183, 7, 'out', 50000.00, '2025-09-06 16:52:30', '2025-09-06 16:52:30'),
(1184, 7, 'out', 50000.00, '2025-09-06 16:52:38', '2025-09-06 16:52:38'),
(1185, 7, 'out', 260000.00, '2025-09-06 16:52:51', '2025-09-06 16:52:51'),
(1186, 7, 'out', 30000.00, '2025-09-06 16:52:59', '2025-09-06 16:52:59'),
(1187, 7, 'in', 30000.00, '2025-09-06 16:53:07', '2025-09-06 16:53:07'),
(1188, 7, 'out', 705000.00, '2025-09-06 16:53:19', '2025-09-06 16:53:19'),
(1189, 7, 'out', 100000.00, '2025-09-06 16:53:30', '2025-09-06 16:53:30'),
(1190, 7, 'out', 18000.00, '2025-09-06 16:53:42', '2025-09-06 16:53:42'),
(1191, 7, 'out', 23000.00, '2025-09-06 16:53:51', '2025-09-06 16:53:51'),
(1192, 9, 'in', 390000.00, '2025-09-06 16:58:43', '2025-09-06 16:58:43'),
(1193, 10, 'out', 200000.00, '2025-09-06 16:59:14', '2025-09-06 16:59:14'),
(1194, 10, 'out', 220000.00, '2025-09-06 16:59:49', '2025-09-06 16:59:49'),
(1195, 10, 'in', 220000.00, '2025-09-06 17:00:37', '2025-09-06 17:00:37'),
(1196, 10, 'out', 137000.00, '2025-09-06 17:01:09', '2025-09-06 17:01:09'),
(1197, 1, 'in', 103000.00, '2025-09-07 04:53:28', '2025-09-07 04:53:28'),
(1198, 1, 'out', 503000.00, '2025-09-07 04:53:46', '2025-09-07 04:53:46'),
(1199, 1, 'in', 6922.00, '2025-09-07 04:54:06', '2025-09-07 04:54:06'),
(1200, 1, 'in', 423000.00, '2025-09-07 04:54:23', '2025-09-07 04:54:23'),
(1201, 1, 'out', 153000.00, '2025-09-07 04:54:46', '2025-09-07 04:54:46'),
(1202, 1, 'in', 400000.00, '2025-09-07 04:56:18', '2025-09-07 04:56:18'),
(1203, 1, 'in', 1005000.00, '2025-09-07 04:56:32', '2025-09-07 04:56:32'),
(1204, 1, 'out', 2003000.00, '2025-09-07 04:56:49', '2025-09-07 04:56:49'),
(1205, 2, 'out', 125000.00, '2025-09-07 04:57:11', '2025-09-07 04:57:11'),
(1206, 4, 'in', 100000.00, '2025-09-07 04:57:57', '2025-09-07 04:57:57'),
(1207, 4, 'out', 22000.00, '2025-09-07 04:58:05', '2025-09-07 04:58:05'),
(1208, 5, 'in', 42000.00, '2025-09-07 04:59:00', '2025-09-07 04:59:00'),
(1209, 5, 'in', 150000.00, '2025-09-07 04:59:08', '2025-09-07 04:59:08'),
(1210, 5, 'in', 300000.00, '2025-09-07 04:59:18', '2025-09-07 04:59:18'),
(1211, 7, 'out', 10000.00, '2025-09-07 04:59:49', '2025-09-07 04:59:49'),
(1227, 3, 'out', 20000.00, '2025-09-09 16:05:54', '2025-09-09 16:05:54'),
(1229, 2, 'out', 20000.00, '2025-09-09 16:06:19', '2025-09-09 16:06:19'),
(1237, 2, 'in', 10000000.00, '2025-09-10 05:04:06', '2025-09-10 05:04:06'),
(1238, 3, 'in', 10000000.00, '2025-09-10 05:04:13', '2025-09-10 05:04:13'),
(1239, 3, 'out', 10000000.00, '2025-09-10 05:07:21', '2025-09-10 05:07:21'),
(1240, 2, 'in', 10000000.00, '2025-09-10 05:07:34', '2025-09-10 05:07:34'),
(1241, 2, 'out', 10000000.00, '2025-09-10 05:07:49', '2025-09-10 05:07:49');

-- --------------------------------------------------------

--
-- Table structure for table `cache`
--

CREATE TABLE `cache` (
  `key` varchar(255) CHARACTER SET utf8mb4 COLLATE utf8mb4_unicode_ci NOT NULL,
  `value` mediumtext CHARACTER SET utf8mb4 COLLATE utf8mb4_unicode_ci NOT NULL,
  `expiration` int NOT NULL
) ENGINE=InnoDB DEFAULT CHARSET=utf8mb4 COLLATE=utf8mb4_unicode_ci;

-- --------------------------------------------------------

--
-- Table structure for table `cache_locks`
--

CREATE TABLE `cache_locks` (
  `key` varchar(255) CHARACTER SET utf8mb4 COLLATE utf8mb4_unicode_ci NOT NULL,
  `owner` varchar(255) CHARACTER SET utf8mb4 COLLATE utf8mb4_unicode_ci NOT NULL,
  `expiration` int NOT NULL
) ENGINE=InnoDB DEFAULT CHARSET=utf8mb4 COLLATE=utf8mb4_unicode_ci;

-- --------------------------------------------------------

--
-- Table structure for table `categories`
--

CREATE TABLE `categories` (
  `id` bigint UNSIGNED NOT NULL,
  `name` varchar(255) CHARACTER SET utf8mb4 COLLATE utf8mb4_unicode_ci NOT NULL,
  `created_at` timestamp NULL DEFAULT NULL,
  `updated_at` timestamp NULL DEFAULT NULL
) ENGINE=InnoDB DEFAULT CHARSET=utf8mb4 COLLATE=utf8mb4_unicode_ci;

--
-- Dumping data for table `categories`
--

INSERT INTO `categories` (`id`, `name`, `created_at`, `updated_at`) VALUES
(1, 'Buku', '2025-08-20 10:41:00', '2025-08-20 10:41:00'),
(2, 'Voucher', '2025-08-20 10:41:00', '2025-08-20 10:41:00'),
(3, 'Elektronik', '2025-08-20 10:41:00', '2025-08-20 10:41:00'),
(4, 'Alat Tulis', '2025-08-20 10:41:00', '2025-08-20 10:41:00'),
(5, 'Aksesoris', '2025-08-20 10:41:00', '2025-08-20 10:41:00'),
(6, 'Alat Tulis Kantor', '2025-08-20 10:41:00', '2025-08-20 10:41:00'),
(7, 'Voucher Paket', '2025-08-20 10:41:00', '2025-08-20 10:41:00'),
(8, 'Game', '2025-08-20 10:41:00', '2025-08-20 10:41:00'),
(9, 'Kategori Lainnya', '2025-08-20 10:41:00', '2025-08-20 10:41:00'),
(10, 'Listrik', '2025-08-23 12:37:19', '2025-08-23 12:37:19');

-- --------------------------------------------------------

--
-- Table structure for table `customers`
--

CREATE TABLE `customers` (
  `id` bigint UNSIGNED NOT NULL,
  `name` varchar(255) CHARACTER SET utf8mb4 COLLATE utf8mb4_unicode_ci NOT NULL,
  `phone` varchar(255) CHARACTER SET utf8mb4 COLLATE utf8mb4_unicode_ci DEFAULT NULL,
  `email` varchar(255) CHARACTER SET utf8mb4 COLLATE utf8mb4_unicode_ci DEFAULT NULL,
  `address` text CHARACTER SET utf8mb4 COLLATE utf8mb4_unicode_ci,
  `created_at` timestamp NULL DEFAULT NULL,
  `updated_at` timestamp NULL DEFAULT NULL
) ENGINE=InnoDB DEFAULT CHARSET=utf8mb4 COLLATE=utf8mb4_unicode_ci;

--
-- Dumping data for table `customers`
--

INSERT INTO `customers` (`id`, `name`, `phone`, `email`, `address`, `created_at`, `updated_at`) VALUES
(1, 'Pak Asep', '-', 'dummy@gmail.com', '-', '2025-08-24 12:52:57', '2025-08-24 12:52:57'),
(2, 'Uwak', '-', 'dummy@gmail.com', '-', '2025-08-27 08:51:07', '2025-08-27 08:51:07'),
(3, 'Bg leo', '-', 'dummy@gmail.com', '-', '2025-08-27 08:51:37', '2025-08-27 08:51:37'),
(4, 'Papah', '-', 'dummy@gmail.com', '-', '2025-08-27 14:58:36', '2025-08-27 14:58:36'),
(5, 'asep', '-', 'dummy@gmail.com', '-', '2025-08-27 15:39:58', '2025-08-27 15:39:58'),
(6, 'Cu Am', '-', 'dummy@gmail.com', '-', '2025-08-30 10:28:57', '2025-08-30 10:28:57'),
(7, 'Bg Aldi', '-', 'dummy@gmail.com', '-', '2025-11-30 06:11:45', '2025-11-30 06:11:45'),
(8, 'Bang Aji', '-', 'dummy@gmail.com', '-', '2025-11-30 06:11:59', '2025-11-30 06:11:59'),
(9, 'Bang Aji', '-', 'dummy@gmail.com', '-', '2025-11-30 06:11:59', '2025-11-30 06:11:59'),
(10, 'Yuda', '-', 'dummy@gmail.com', '-', '2025-11-30 06:12:39', '2025-11-30 06:12:39'),
(11, 'Firman', '-', 'dummy@gmail.com', '-', '2025-11-30 14:12:52', '2025-11-30 14:12:52'),
(12, 'Oom', '-', 'dummy@gmail.com', '-', '2025-11-30 14:16:21', '2025-11-30 14:16:21');

-- --------------------------------------------------------

--
-- Table structure for table `debts`
--

CREATE TABLE `debts` (
  `id` bigint UNSIGNED NOT NULL,
  `customer_id` bigint UNSIGNED DEFAULT NULL,
  `amount` decimal(12,2) NOT NULL,
  `created_at` timestamp NULL DEFAULT NULL,
  `updated_at` timestamp NULL DEFAULT NULL
) ENGINE=InnoDB DEFAULT CHARSET=utf8mb4 COLLATE=utf8mb4_unicode_ci;

--
-- Dumping data for table `debts`
--

INSERT INTO `debts` (`id`, `customer_id`, `amount`, `created_at`, `updated_at`) VALUES
(1, 1, 200000.00, '2025-08-24 12:52:57', '2025-11-30 06:11:14'),
(3, 3, 0.00, '2025-08-27 08:51:37', '2025-08-28 15:39:31'),
(4, 4, 0.00, '2025-08-27 14:58:36', '2025-08-27 15:04:03'),
(5, 5, 0.00, '2025-08-27 15:39:58', '2025-09-03 07:00:00'),
(7, 7, 1000000.00, '2025-11-30 06:11:45', '2025-11-30 06:11:45'),
(8, 8, 300000.00, '2025-11-30 06:11:59', '2025-11-30 06:11:59'),
(10, 10, 80000.00, '2025-11-30 06:12:39', '2025-11-30 06:12:39'),
(11, 11, 150000.00, '2025-11-30 14:12:52', '2025-11-30 14:12:52'),
(12, 12, 5730000.00, '2025-11-30 14:16:21', '2025-11-30 14:17:29');

-- --------------------------------------------------------

--
-- Table structure for table `expenses`
--

CREATE TABLE `expenses` (
  `id` bigint UNSIGNED NOT NULL,
  `date` date NOT NULL,
  `amount` decimal(12,2) NOT NULL,
  `category` varchar(255) CHARACTER SET utf8mb4 COLLATE utf8mb4_unicode_ci NOT NULL,
  `description` text CHARACTER SET utf8mb4 COLLATE utf8mb4_unicode_ci,
  `created_at` timestamp NULL DEFAULT NULL,
  `updated_at` timestamp NULL DEFAULT NULL
) ENGINE=InnoDB DEFAULT CHARSET=utf8mb4 COLLATE=utf8mb4_unicode_ci;

--
-- Dumping data for table `expenses`
--

INSERT INTO `expenses` (`id`, `date`, `amount`, `category`, `description`, `created_at`, `updated_at`) VALUES
(1, '2025-08-20', 3000.00, 'Transaksi Keuangan', 'Transaksi Penjualan Keuangan', '2025-08-20 15:21:26', '2025-08-20 15:21:26'),
(2, '2025-08-20', 3000.00, 'Transaksi Keuangan', 'Transaksi Penjualan Keuangan', '2025-08-20 15:22:02', '2025-08-20 15:22:02'),
(3, '2025-08-22', 0.00, 'Tf Pribadi', 'Transaksi Penjualan Keuangan', '2025-08-22 14:25:35', '2025-08-22 14:25:35'),
(4, '2025-08-23', 0.00, 'Tf Pribadi', 'Transaksi Penjualan Keuangan', '2025-08-23 06:25:36', '2025-08-23 06:25:36'),
(5, '2025-08-23', 0.00, 'Tf Pribadi', 'Transaksi Penjualan Keuangan', '2025-08-23 08:04:55', '2025-08-23 08:04:55'),
(6, '2025-08-23', 0.00, 'Tf Pribadi', 'Transaksi Penjualan Keuangan', '2025-08-23 08:08:23', '2025-08-23 08:08:23'),
(7, '2025-08-23', 0.00, 'Tf Pribadi', 'Transaksi Penjualan Keuangan', '2025-08-23 08:08:55', '2025-08-23 08:08:55'),
(8, '2025-08-23', 0.00, 'Tf Pribadi', 'Transaksi Penjualan Keuangan', '2025-08-23 08:10:28', '2025-08-23 08:10:28'),
(9, '2025-08-23', 50000.00, 'Pribadi', 'Papah AMbil Duit', '2025-08-23 08:50:21', '2025-08-23 08:50:21'),
(10, '2025-08-23', 6000.00, 'Pribadi', 'Beli Aqua', '2025-08-23 08:50:35', '2025-08-23 08:50:35'),
(11, '2025-08-23', 0.00, 'Tf Pribadi', 'Transaksi Penjualan Keuangan', '2025-08-23 10:34:43', '2025-08-23 10:34:43'),
(12, '2025-08-23', 0.00, 'Tf Pribadi', 'Transaksi Penjualan Keuangan', '2025-08-23 10:39:21', '2025-08-23 10:39:21'),
(13, '2025-08-23', 0.00, 'Tf Pribadi', 'Transaksi Penjualan Keuangan', '2025-08-23 10:39:30', '2025-08-23 10:39:30'),
(14, '2025-08-23', 0.00, 'Tf Pribadi', 'Transaksi Penjualan Keuangan', '2025-08-23 12:34:29', '2025-08-23 12:34:29'),
(15, '2025-08-23', 0.00, 'Tf Pribadi', 'Transaksi Penjualan Keuangan', '2025-08-23 12:35:36', '2025-08-23 12:35:36'),
(16, '2025-08-23', 100000.00, 'Pribadi', 'Beli Susu Adek & Minyak Motor', '2025-08-23 12:36:07', '2025-08-23 12:36:07'),
(17, '2025-08-23', 0.00, 'Tf Pribadi', 'Transaksi Penjualan Keuangan', '2025-08-23 12:45:45', '2025-08-23 12:45:45'),
(18, '2025-08-23', 0.00, 'Tf Pribadi', 'Transaksi Penjualan Keuangan', '2025-08-23 12:46:54', '2025-08-23 12:46:54'),
(19, '2025-08-23', 0.00, 'Tf Pribadi', 'Transaksi Penjualan Keuangan', '2025-08-23 12:56:51', '2025-08-23 12:56:51'),
(20, '2025-08-23', 0.00, 'Tf Pribadi', 'Transaksi Penjualan Keuangan', '2025-08-23 13:16:00', '2025-08-23 13:16:00'),
(21, '2025-08-23', 0.00, 'Tf Pribadi', 'Transaksi Penjualan Keuangan', '2025-08-23 13:17:34', '2025-08-23 13:17:34'),
(22, '2025-08-23', 6000.00, 'Pribadi', 'Beli Aqua', '2025-08-23 13:53:51', '2025-08-23 13:53:51'),
(23, '2025-08-23', 0.00, 'Tf Pribadi', 'Transaksi Penjualan Keuangan', '2025-08-23 14:52:12', '2025-08-23 14:52:12'),
(24, '2025-08-23', 0.00, 'Tf Pribadi', 'Transaksi Penjualan Keuangan', '2025-08-23 14:52:23', '2025-08-23 14:52:23'),
(25, '2025-08-24', 0.00, 'Tf Pribadi', 'Transaksi Penjualan Keuangan', '2025-08-24 04:24:56', '2025-08-24 04:24:56'),
(26, '2025-08-24', 0.00, 'Tf Pribadi', 'Transaksi Penjualan Keuangan', '2025-08-24 05:01:32', '2025-08-24 05:01:32'),
(27, '2025-08-24', 0.00, 'Tf Pribadi', 'Transaksi Penjualan Keuangan', '2025-08-24 06:20:17', '2025-08-24 06:20:17'),
(28, '2025-08-24', 0.00, 'Tf Pribadi', 'Transaksi Penjualan Keuangan', '2025-08-24 08:44:51', '2025-08-24 08:44:51'),
(29, '2025-08-24', 0.00, 'Tf Pribadi', 'Transaksi Penjualan Keuangan', '2025-08-24 08:45:00', '2025-08-24 08:45:00'),
(30, '2025-08-24', 0.00, 'Tf Pribadi', 'Transaksi Penjualan Keuangan', '2025-08-24 08:47:08', '2025-08-24 08:47:08'),
(31, '2025-08-24', 100000.00, 'Pribadi', 'Isi Paket Telkomsel Poco', '2025-08-24 08:48:37', '2025-08-24 08:48:37'),
(32, '2025-08-24', 150000.00, 'Pribadi', 'Papah Ambel kerumah saket', '2025-08-24 12:52:43', '2025-08-24 12:52:43'),
(33, '2025-08-24', 0.00, 'Tf Pribadi', 'Transaksi Penjualan Keuangan', '2025-08-24 12:57:00', '2025-08-24 12:57:00'),
(34, '2025-08-24', 0.00, 'Tf Pribadi', 'Transaksi Penjualan Keuangan', '2025-08-24 12:59:46', '2025-08-24 12:59:46'),
(35, '2025-08-24', 0.00, 'Tf Pribadi', 'Transaksi Penjualan Keuangan', '2025-08-24 14:47:27', '2025-08-24 14:47:27'),
(36, '2025-08-24', 0.00, 'Tf Pribadi', 'Transaksi Penjualan Keuangan', '2025-08-24 14:47:35', '2025-08-24 14:47:35'),
(37, '2025-08-25', 0.00, 'Tf Pribadi', 'Transaksi Penjualan Keuangan', '2025-08-25 09:56:43', '2025-08-25 09:56:43'),
(38, '2025-08-25', 0.00, 'Tf Pribadi', 'Transaksi Penjualan Keuangan', '2025-08-25 10:16:53', '2025-08-25 10:16:53'),
(39, '2025-08-25', 0.00, 'Tf Pribadi', 'Transaksi Penjualan Keuangan', '2025-08-25 10:17:14', '2025-08-25 10:17:14'),
(40, '2025-08-25', 55000.00, 'Pribadi', 'Beli MInyak', '2025-08-25 10:51:41', '2025-08-25 10:51:41'),
(41, '2025-08-25', 50000.00, 'Pribadi', 'Jajan Adek', '2025-08-25 10:51:56', '2025-08-25 10:51:56'),
(42, '2025-08-25', 23000.00, 'Pribadi', 'Beli Nasik', '2025-08-25 10:52:08', '2025-08-25 10:52:08'),
(43, '2025-08-25', 0.00, 'Tf Pribadi', 'Transaksi Penjualan Keuangan', '2025-08-25 13:31:23', '2025-08-25 13:31:23'),
(44, '2025-08-25', 0.00, 'Tf Pribadi', 'Transaksi Penjualan Keuangan', '2025-08-25 13:33:35', '2025-08-25 13:33:35'),
(45, '2025-08-25', 0.00, 'Tf Pribadi', 'Transaksi Penjualan Keuangan', '2025-08-25 13:36:58', '2025-08-25 13:36:58'),
(46, '2025-08-25', 10000.00, 'Pribadi', 'Adek Ambel Jaitan', '2025-08-25 14:13:38', '2025-08-25 14:13:38'),
(47, '2025-08-26', 0.00, 'Tf Pribadi', 'Transaksi Penjualan Keuangan', '2025-08-26 11:39:56', '2025-08-26 11:39:56'),
(48, '2025-08-26', 0.00, 'Tf Pribadi', 'Transaksi Penjualan Keuangan', '2025-08-26 11:41:56', '2025-08-26 11:41:56'),
(49, '2025-08-26', 0.00, 'Tf Pribadi', 'Transaksi Penjualan Keuangan', '2025-08-26 11:43:31', '2025-08-26 11:43:31'),
(50, '2025-08-26', 0.00, 'Tf Pribadi', 'Transaksi Penjualan Keuangan', '2025-08-26 11:43:56', '2025-08-26 11:43:56'),
(51, '2025-08-26', 0.00, 'Tf Pribadi', 'Transaksi Penjualan Keuangan', '2025-08-26 11:44:54', '2025-08-26 11:44:54'),
(52, '2025-08-26', 0.00, 'Tf Pribadi', 'Transaksi Penjualan Keuangan', '2025-08-26 13:45:23', '2025-08-26 13:45:23'),
(53, '2025-08-26', 0.00, 'Tf Pribadi', 'Transaksi Penjualan Keuangan', '2025-08-26 13:46:11', '2025-08-26 13:46:11'),
(54, '2025-08-26', 0.00, 'Tf Pribadi', 'Transaksi Penjualan Keuangan', '2025-08-26 13:46:56', '2025-08-26 13:46:56'),
(55, '2025-08-26', 0.00, 'Tf Pribadi', 'Transaksi Penjualan Keuangan', '2025-08-26 13:47:25', '2025-08-26 13:47:25'),
(56, '2025-08-26', 0.00, 'Tf Pribadi', 'Transaksi Penjualan Keuangan', '2025-08-26 14:13:06', '2025-08-26 14:13:06'),
(57, '2025-08-26', 0.00, 'Tf Pribadi', 'Transaksi Penjualan Keuangan', '2025-08-26 14:15:38', '2025-08-26 14:15:38'),
(58, '2025-08-26', 62000.00, 'Pribadi', 'aqua minyak', '2025-08-26 15:02:06', '2025-08-26 15:02:06'),
(59, '2025-08-27', 0.00, 'Tf Pribadi', 'Transaksi Penjualan Keuangan', '2025-08-27 03:25:36', '2025-08-27 03:25:36'),
(60, '2025-08-27', 0.00, 'Tf Pribadi', 'Transaksi Penjualan Keuangan', '2025-08-27 03:25:57', '2025-08-27 03:25:57'),
(61, '2025-08-27', 0.00, 'Tf Pribadi', 'Transaksi Penjualan Keuangan', '2025-08-27 03:27:16', '2025-08-27 03:27:16'),
(62, '2025-08-27', 0.00, 'Tf Pribadi', 'Transaksi Penjualan Keuangan', '2025-08-27 03:27:44', '2025-08-27 03:27:44'),
(63, '2025-08-27', 0.00, 'Tf Pribadi', 'Transaksi Penjualan Keuangan', '2025-08-27 03:28:37', '2025-08-27 03:28:37'),
(64, '2025-08-27', 0.00, 'Tf Pribadi', 'Transaksi Penjualan Keuangan', '2025-08-27 03:28:52', '2025-08-27 03:28:52'),
(65, '2025-08-27', 0.00, 'Tf Pribadi', 'Transaksi Penjualan Keuangan', '2025-08-27 03:29:11', '2025-08-27 03:29:11'),
(66, '2025-08-27', 0.00, 'Tf Pribadi', 'Transaksi Penjualan Keuangan', '2025-08-27 05:39:16', '2025-08-27 05:39:16'),
(67, '2025-08-27', 0.00, 'Tf Pribadi', 'Transaksi Penjualan Keuangan', '2025-08-27 06:00:54', '2025-08-27 06:00:54'),
(68, '2025-08-27', 0.00, 'Tf Pribadi', 'Transaksi Penjualan Keuangan', '2025-08-27 07:33:23', '2025-08-27 07:33:23'),
(69, '2025-08-27', 13000.00, 'Pribadi', 'Aqua & Miso', '2025-08-27 08:51:57', '2025-08-27 08:51:57'),
(70, '2025-08-27', 0.00, 'Tf Pribadi', 'Transaksi Penjualan Keuangan', '2025-08-27 11:15:25', '2025-08-27 11:15:25'),
(71, '2025-08-27', 0.00, 'Tf Pribadi', 'Transaksi Penjualan Keuangan', '2025-08-27 11:15:55', '2025-08-27 11:15:55'),
(72, '2025-08-27', 0.00, 'Tf Pribadi', 'Transaksi Penjualan Keuangan', '2025-08-27 11:18:33', '2025-08-27 11:18:33'),
(73, '2025-08-27', 0.00, 'Tf Pribadi', 'Transaksi Penjualan Keuangan', '2025-08-27 12:40:03', '2025-08-27 12:40:03'),
(74, '2025-08-27', 0.00, 'Tf Pribadi', 'Transaksi Penjualan Keuangan', '2025-08-27 12:41:00', '2025-08-27 12:41:00'),
(75, '2025-08-27', 0.00, 'Tf Pribadi', 'Transaksi Penjualan Keuangan', '2025-08-27 14:29:20', '2025-08-27 14:29:20'),
(76, '2025-08-27', 0.00, 'Tf Pribadi', 'Transaksi Penjualan Keuangan', '2025-08-27 14:32:19', '2025-08-27 14:32:19'),
(77, '2025-08-27', 0.00, 'Tf Pribadi', 'Transaksi Penjualan Keuangan', '2025-08-27 14:34:39', '2025-08-27 14:34:39'),
(78, '2025-08-27', 3000.00, 'Transaksi Keuangan', 'Transaksi Penjualan Keuangan', '2025-08-27 14:38:12', '2025-08-27 14:38:12'),
(79, '2025-08-27', 0.00, 'Tf Pribadi', 'Transaksi Penjualan Keuangan', '2025-08-27 14:41:03', '2025-08-27 14:41:03'),
(80, '2025-08-27', 0.00, 'Tf Pribadi', 'Transaksi Penjualan Keuangan', '2025-08-27 14:44:04', '2025-08-27 14:44:04'),
(81, '2025-08-27', 10000.00, 'Pribadi', 'Ayaam', '2025-08-27 14:48:44', '2025-08-27 14:48:44'),
(82, '2025-08-28', 0.00, 'Tf Pribadi', 'Transaksi Penjualan Keuangan', '2025-08-28 14:34:11', '2025-08-28 14:34:11'),
(83, '2025-08-28', 0.00, 'Tf Pribadi', 'Transaksi Penjualan Keuangan', '2025-08-28 14:57:46', '2025-08-28 14:57:46'),
(84, '2025-08-28', 0.00, 'Tf Pribadi', 'Transaksi Penjualan Keuangan', '2025-08-28 15:00:35', '2025-08-28 15:00:35'),
(85, '2025-08-28', 0.00, 'Tf Pribadi', 'Transaksi Penjualan Keuangan', '2025-08-28 15:00:49', '2025-08-28 15:00:49'),
(86, '2025-08-28', 0.00, 'Tf Pribadi', 'Transaksi Penjualan Keuangan', '2025-08-28 15:04:41', '2025-08-28 15:04:41'),
(87, '2025-08-28', 0.00, 'Tf Pribadi', 'Transaksi Penjualan Keuangan', '2025-08-28 15:17:46', '2025-08-28 15:17:46'),
(88, '2025-08-28', 0.00, 'Tf Pribadi', 'Transaksi Penjualan Keuangan', '2025-08-28 15:24:18', '2025-08-28 15:24:18'),
(89, '2025-08-28', 3000.00, 'Transaksi Keuangan', 'Transaksi Penjualan Keuangan', '2025-08-28 15:27:52', '2025-08-28 15:27:52'),
(90, '2025-08-28', 0.00, 'Tf Pribadi', 'Transaksi Penjualan Keuangan', '2025-08-28 15:28:29', '2025-08-28 15:28:29'),
(91, '2025-08-28', 0.00, 'Tf Pribadi', 'Transaksi Penjualan Keuangan', '2025-08-28 15:28:43', '2025-08-28 15:28:43'),
(92, '2025-08-28', 0.00, 'Tf Pribadi', 'Transaksi Penjualan Keuangan', '2025-08-28 15:30:34', '2025-08-28 15:30:34'),
(93, '2025-08-28', 0.00, 'Tf Pribadi', 'Transaksi Penjualan Keuangan', '2025-08-28 15:30:42', '2025-08-28 15:30:42'),
(94, '2025-08-28', 0.00, 'Tf Pribadi', 'Transaksi Penjualan Keuangan', '2025-08-28 15:31:06', '2025-08-28 15:31:06'),
(95, '2025-08-28', 73000.00, 'Pribadi', 'Beli Cuci muka sama Sampo', '2025-08-28 15:35:47', '2025-08-28 15:35:47'),
(96, '2025-08-28', 6000.00, 'Pribadi', 'Aqua', '2025-08-28 15:36:26', '2025-08-28 15:36:26'),
(97, '2025-08-28', 10000.00, 'Pribadi', 'jajan', '2025-08-28 15:36:54', '2025-08-28 15:36:54'),
(98, '2025-08-30', 0.00, 'Tf Pribadi', 'Transaksi Penjualan Keuangan', '2025-08-30 10:21:22', '2025-08-30 10:21:22'),
(99, '2025-08-30', 30000.00, 'Pribadi', 'Papah Ambil', '2025-08-30 10:28:12', '2025-08-30 10:28:12'),
(101, '2025-08-30', 6000.00, 'Pribadi', 'aqua', '2025-08-30 10:28:40', '2025-08-30 10:28:40'),
(102, '2025-08-30', 0.00, 'Tf Pribadi', 'Transaksi Penjualan Keuangan', '2025-08-30 12:36:34', '2025-08-30 12:36:34'),
(103, '2025-08-30', 0.00, 'Tf Pribadi', 'Transaksi Penjualan Keuangan', '2025-08-30 13:29:31', '2025-08-30 13:29:31'),
(104, '2025-08-30', 0.00, 'Tf Pribadi', 'Transaksi Penjualan Keuangan', '2025-08-30 13:36:46', '2025-08-30 13:36:46'),
(105, '2025-08-30', 0.00, 'Tf Pribadi', 'Transaksi Penjualan Keuangan', '2025-08-30 13:38:14', '2025-08-30 13:38:14'),
(106, '2025-08-30', 61000.00, 'Pribadi', 'Indomaret', '2025-08-30 13:40:38', '2025-08-30 13:40:38'),
(107, '2025-08-30', 21000.00, 'Pribadi', 'Rokok papah', '2025-08-30 13:40:46', '2025-08-30 13:40:46'),
(108, '2025-08-30', 6000.00, 'Pribadi', 'Aqua', '2025-08-30 13:40:53', '2025-08-30 13:40:53'),
(109, '2025-08-30', 0.00, 'Tf Pribadi', 'Transaksi Penjualan Keuangan', '2025-08-30 13:55:17', '2025-08-30 13:55:17'),
(110, '2025-08-31', 0.00, 'Tf Pribadi', 'Transaksi Penjualan Keuangan', '2025-08-31 06:13:37', '2025-08-31 06:13:37'),
(111, '2025-08-31', 0.00, 'Tf Pribadi', 'Transaksi Penjualan Keuangan', '2025-08-31 06:13:48', '2025-08-31 06:13:48'),
(112, '2025-08-31', 0.00, 'Tf Pribadi', 'Transaksi Penjualan Keuangan', '2025-08-31 13:19:00', '2025-08-31 13:19:00'),
(113, '2025-08-31', 0.00, 'Tf Pribadi', 'Transaksi Penjualan Keuangan', '2025-08-31 13:20:43', '2025-08-31 13:20:43'),
(114, '2025-08-31', 0.00, 'Tf Pribadi', 'Transaksi Penjualan Keuangan', '2025-08-31 13:22:15', '2025-08-31 13:22:15'),
(115, '2025-08-31', 0.00, 'Tf Pribadi', 'Transaksi Penjualan Keuangan', '2025-08-31 13:22:24', '2025-08-31 13:22:24'),
(116, '2025-08-31', 0.00, 'Tf Pribadi', 'Transaksi Penjualan Keuangan', '2025-08-31 13:24:23', '2025-08-31 13:24:23'),
(117, '2025-08-31', 0.00, 'Tf Pribadi', 'Transaksi Penjualan Keuangan', '2025-08-31 13:24:54', '2025-08-31 13:24:54'),
(118, '2025-08-31', 0.00, 'Tf Pribadi', 'Transaksi Penjualan Keuangan', '2025-08-31 13:25:49', '2025-08-31 13:25:49'),
(119, '2025-09-01', 0.00, 'Tf Pribadi', 'Transaksi Penjualan Keuangan', '2025-09-01 15:45:31', '2025-09-01 15:45:31'),
(120, '2025-09-01', 0.00, 'Tf Pribadi', 'Transaksi Penjualan Keuangan', '2025-09-01 15:46:48', '2025-09-01 15:46:48'),
(121, '2025-09-01', 0.00, 'Tf Pribadi', 'Transaksi Penjualan Keuangan', '2025-09-01 15:52:01', '2025-09-01 15:52:01'),
(122, '2025-09-01', 0.00, 'Tf Pribadi', 'Transaksi Penjualan Keuangan', '2025-09-01 15:56:34', '2025-09-01 15:56:34'),
(123, '2025-09-01', 0.00, 'Tf Pribadi', 'Transaksi Penjualan Keuangan', '2025-09-01 15:59:07', '2025-09-01 15:59:07'),
(124, '2025-09-01', 0.00, 'Tf Pribadi', 'Transaksi Penjualan Keuangan', '2025-09-01 15:59:25', '2025-09-01 15:59:25'),
(125, '2025-09-01', 0.00, 'Tf Pribadi', 'Transaksi Penjualan Keuangan', '2025-09-01 15:59:37', '2025-09-01 15:59:37'),
(126, '2025-09-01', 0.00, 'Tf Pribadi', 'Transaksi Penjualan Keuangan', '2025-09-01 16:00:12', '2025-09-01 16:00:12'),
(127, '2025-09-01', 0.00, 'Tf Pribadi', 'Transaksi Penjualan Keuangan', '2025-09-01 16:01:47', '2025-09-01 16:01:47'),
(128, '2025-09-01', 0.00, 'Tf Pribadi', 'Transaksi Penjualan Keuangan', '2025-09-01 16:01:54', '2025-09-01 16:01:54'),
(129, '2025-09-01', 0.00, 'Tf Pribadi', 'Transaksi Penjualan Keuangan', '2025-09-01 16:03:22', '2025-09-01 16:03:22'),
(130, '2025-09-01', 0.00, 'Tf Pribadi', 'Transaksi Penjualan Keuangan', '2025-09-01 16:03:34', '2025-09-01 16:03:34'),
(131, '2025-09-01', 0.00, 'Tf Pribadi', 'Transaksi Penjualan Keuangan', '2025-09-01 16:03:51', '2025-09-01 16:03:51'),
(132, '2025-09-01', 0.00, 'Tf Pribadi', 'Transaksi Penjualan Keuangan', '2025-09-01 16:06:32', '2025-09-01 16:06:32'),
(133, '2025-09-01', 0.00, 'Tf Pribadi', 'Transaksi Penjualan Keuangan', '2025-09-01 16:06:46', '2025-09-01 16:06:46'),
(134, '2025-09-01', 0.00, 'Tf Pribadi', 'Transaksi Penjualan Keuangan', '2025-09-01 16:08:55', '2025-09-01 16:08:55'),
(135, '2025-09-01', 0.00, 'Tf Pribadi', 'Transaksi Penjualan Keuangan', '2025-09-01 16:09:29', '2025-09-01 16:09:29'),
(136, '2025-09-01', 0.00, 'Tf Pribadi', 'Transaksi Penjualan Keuangan', '2025-09-01 16:09:44', '2025-09-01 16:09:44'),
(137, '2025-09-01', 69000.00, 'Pribadi', 'Oli', '2025-09-01 16:12:25', '2025-09-01 16:12:25'),
(138, '2025-09-01', 50000.00, 'Pribadi', 'Minyak', '2025-09-01 16:12:32', '2025-09-01 16:12:32'),
(139, '2025-09-01', 25000.00, 'Pribadi', 'Jajan', '2025-09-01 16:12:46', '2025-09-01 16:12:46'),
(140, '2025-09-01', 11000.00, 'Pribadi', 'Pop Mie pempers', '2025-09-01 16:13:00', '2025-09-01 16:13:00'),
(141, '2025-09-01', 5000.00, 'Pribadi', 'Adek ambel', '2025-09-01 16:13:13', '2025-09-01 16:13:13'),
(142, '2025-09-02', 0.00, 'Tf Pribadi', 'Transaksi Penjualan Keuangan', '2025-09-02 15:01:13', '2025-09-02 15:01:13'),
(143, '2025-09-02', 0.00, 'Tf Pribadi', 'Transaksi Penjualan Keuangan', '2025-09-02 15:01:59', '2025-09-02 15:01:59'),
(144, '2025-09-02', 0.00, 'Tf Pribadi', 'Transaksi Penjualan Keuangan', '2025-09-02 15:04:13', '2025-09-02 15:04:13'),
(145, '2025-09-02', 0.00, 'Tf Pribadi', 'Transaksi Penjualan Keuangan', '2025-09-02 15:04:48', '2025-09-02 15:04:48'),
(146, '2025-09-02', 0.00, 'Tf Pribadi', 'Transaksi Penjualan Keuangan', '2025-09-02 15:05:11', '2025-09-02 15:05:11'),
(147, '2025-09-02', 0.00, 'Tf Pribadi', 'Transaksi Penjualan Keuangan', '2025-09-02 15:06:12', '2025-09-02 15:06:12'),
(148, '2025-09-02', 3000.00, 'Transaksi Keuangan', 'Transaksi Penjualan Keuangan', '2025-09-02 15:27:13', '2025-09-02 15:27:13'),
(149, '2025-09-02', 0.00, 'Tf Pribadi', 'Transaksi Penjualan Keuangan', '2025-09-02 15:27:48', '2025-09-02 15:27:48'),
(150, '2025-09-02', 0.00, 'Tf Pribadi', 'Transaksi Penjualan Keuangan', '2025-09-02 15:30:24', '2025-09-02 15:30:24'),
(151, '2025-09-02', 0.00, 'Tf Pribadi', 'Transaksi Penjualan Keuangan', '2025-09-02 15:30:34', '2025-09-02 15:30:34'),
(152, '2025-09-02', 0.00, 'Tf Pribadi', 'Transaksi Penjualan Keuangan', '2025-09-02 15:30:53', '2025-09-02 15:30:53'),
(153, '2025-09-02', 0.00, 'Tf Pribadi', 'Transaksi Penjualan Keuangan', '2025-09-02 15:31:40', '2025-09-02 15:31:40'),
(154, '2025-09-02', 0.00, 'Tf Pribadi', 'Transaksi Penjualan Keuangan', '2025-09-02 15:32:51', '2025-09-02 15:32:51'),
(155, '2025-09-02', 0.00, 'Tf Pribadi', 'Transaksi Penjualan Keuangan', '2025-09-02 15:33:00', '2025-09-02 15:33:00'),
(156, '2025-09-02', 10000.00, 'Pribadi', 'Jajan', '2025-09-02 15:38:45', '2025-09-02 15:38:45'),
(157, '2025-09-03', 0.00, 'Tf Pribadi', 'Transaksi Penjualan Keuangan', '2025-09-03 05:18:34', '2025-09-03 05:18:34'),
(158, '2025-09-03', 0.00, 'Tf Pribadi', 'Transaksi Penjualan Keuangan', '2025-09-03 05:23:56', '2025-09-03 05:23:56'),
(159, '2025-09-03', 0.00, 'Tf Pribadi', 'Transaksi Penjualan Keuangan', '2025-09-03 06:54:33', '2025-09-03 06:54:33'),
(160, '2025-09-03', 0.00, 'Tf Pribadi', 'Transaksi Penjualan Keuangan', '2025-09-03 06:54:43', '2025-09-03 06:54:43'),
(161, '2025-09-03', 0.00, 'Tf Pribadi', 'Transaksi Penjualan Keuangan', '2025-09-03 06:55:09', '2025-09-03 06:55:09'),
(162, '2025-09-03', 0.00, 'Tf Pribadi', 'Transaksi Penjualan Keuangan', '2025-09-03 07:03:23', '2025-09-03 07:03:23'),
(163, '2025-09-03', 0.00, 'Tf Pribadi', 'Transaksi Penjualan Keuangan', '2025-09-03 07:03:42', '2025-09-03 07:03:42'),
(164, '2025-09-03', 0.00, 'Tf Pribadi', 'Transaksi Penjualan Keuangan', '2025-09-03 10:05:04', '2025-09-03 10:05:04'),
(165, '2025-09-03', 0.00, 'Tf Pribadi', 'Transaksi Penjualan Keuangan', '2025-09-03 10:05:16', '2025-09-03 10:05:16'),
(166, '2025-09-03', 0.00, 'Tf Pribadi', 'Transaksi Penjualan Keuangan', '2025-09-03 10:05:27', '2025-09-03 10:05:27'),
(167, '2025-09-03', 0.00, 'Tf Pribadi', 'Transaksi Penjualan Keuangan', '2025-09-03 11:56:21', '2025-09-03 11:56:21'),
(168, '2025-09-03', 0.00, 'Tf Pribadi', 'Transaksi Penjualan Keuangan', '2025-09-03 11:58:57', '2025-09-03 11:58:57'),
(169, '2025-09-03', 5000.00, 'Pribadi', 'Mie Leverl', '2025-09-03 11:59:46', '2025-09-03 11:59:46'),
(170, '2025-09-03', 0.00, 'Tf Pribadi', 'Transaksi Penjualan Keuangan', '2025-09-03 12:54:42', '2025-09-03 12:54:42'),
(171, '2025-09-03', 0.00, 'Tf Pribadi', 'Transaksi Penjualan Keuangan', '2025-09-03 12:55:25', '2025-09-03 12:55:25'),
(172, '2025-09-03', 0.00, 'Tf Pribadi', 'Transaksi Penjualan Keuangan', '2025-09-03 12:55:35', '2025-09-03 12:55:35'),
(173, '2025-09-03', 20000.00, 'Pribadi', 'hys', '2025-09-03 15:30:54', '2025-09-03 15:30:54'),
(174, '2025-09-04', 0.00, 'Tf Pribadi', 'Transaksi Penjualan Keuangan', '2025-09-03 23:59:41', '2025-09-03 23:59:41'),
(175, '2025-09-04', 0.00, 'Tf Pribadi', 'Transaksi Penjualan Keuangan', '2025-09-04 12:14:00', '2025-09-04 12:14:00'),
(176, '2025-09-04', 0.00, 'Tf Pribadi', 'Transaksi Penjualan Keuangan', '2025-09-04 12:15:06', '2025-09-04 12:15:06'),
(177, '2025-09-04', 0.00, 'Tf Pribadi', 'Transaksi Penjualan Keuangan', '2025-09-04 12:15:33', '2025-09-04 12:15:33'),
(178, '2025-09-04', 0.00, 'Tf Pribadi', 'Transaksi Penjualan Keuangan', '2025-09-04 12:25:52', '2025-09-04 12:25:52'),
(179, '2025-09-04', 0.00, 'Tf Pribadi', 'Transaksi Penjualan Keuangan', '2025-09-04 12:26:20', '2025-09-04 12:26:20'),
(180, '2025-09-04', 0.00, 'Tf Pribadi', 'Transaksi Penjualan Keuangan', '2025-09-04 14:07:57', '2025-09-04 14:07:57'),
(181, '2025-09-04', 0.00, 'Tf Pribadi', 'Transaksi Penjualan Keuangan', '2025-09-04 14:09:55', '2025-09-04 14:09:55'),
(182, '2025-09-05', 0.00, 'Tf Pribadi', 'Transaksi Penjualan Keuangan', '2025-09-05 12:11:11', '2025-09-05 12:11:11'),
(183, '2025-09-05', 0.00, 'Tf Pribadi', 'Transaksi Penjualan Keuangan', '2025-09-05 12:15:10', '2025-09-05 12:15:10'),
(184, '2025-09-05', 0.00, 'Tf Pribadi', 'Transaksi Penjualan Keuangan', '2025-09-05 12:16:22', '2025-09-05 12:16:22'),
(185, '2025-09-05', 0.00, 'Tf Pribadi', 'Transaksi Penjualan Keuangan', '2025-09-05 12:17:44', '2025-09-05 12:17:44'),
(186, '2025-09-05', 0.00, 'Tf Pribadi', 'Transaksi Penjualan Keuangan', '2025-09-05 12:18:00', '2025-09-05 12:18:00'),
(187, '2025-09-05', 0.00, 'Tf Pribadi', 'Transaksi Penjualan Keuangan', '2025-09-05 12:18:16', '2025-09-05 12:18:16'),
(188, '2025-09-05', 3000.00, 'Transaksi Keuangan', 'Transaksi Penjualan Keuangan', '2025-09-05 12:18:36', '2025-09-05 12:18:36'),
(189, '2025-09-05', 3000.00, 'Transaksi Keuangan', 'Transaksi Penjualan Keuangan', '2025-09-05 12:18:58', '2025-09-05 12:18:58'),
(190, '2025-09-05', 0.00, 'Tf Pribadi', 'Transaksi Penjualan Keuangan', '2025-09-05 12:21:07', '2025-09-05 12:21:07'),
(191, '2025-09-05', 0.00, 'Tf Pribadi', 'Transaksi Penjualan Keuangan', '2025-09-05 12:21:34', '2025-09-05 12:21:34'),
(192, '2025-09-05', 0.00, 'Tf Pribadi', 'Transaksi Penjualan Keuangan', '2025-09-05 12:21:42', '2025-09-05 12:21:42'),
(193, '2025-09-05', 0.00, 'Tf Pribadi', 'Transaksi Penjualan Keuangan', '2025-09-05 12:36:09', '2025-09-05 12:36:09'),
(194, '2025-09-05', 0.00, 'Tf Pribadi', 'Transaksi Penjualan Keuangan', '2025-09-05 12:38:03', '2025-09-05 12:38:03'),
(195, '2025-09-05', 0.00, 'Tf Pribadi', 'Transaksi Penjualan Keuangan', '2025-09-05 14:22:38', '2025-09-05 14:22:38'),
(196, '2025-09-06', 0.00, 'Tf Pribadi', 'Transaksi Penjualan Keuangan', '2025-09-06 16:26:34', '2025-09-06 16:26:34'),
(197, '2025-09-06', 0.00, 'Tf Pribadi', 'Transaksi Penjualan Keuangan', '2025-09-06 16:26:46', '2025-09-06 16:26:46'),
(198, '2025-09-06', 0.00, 'Tf Pribadi', 'Transaksi Penjualan Keuangan', '2025-09-06 16:27:11', '2025-09-06 16:27:11'),
(199, '2025-09-06', 0.00, 'Tf Pribadi', 'Transaksi Penjualan Keuangan', '2025-09-06 16:29:27', '2025-09-06 16:29:27'),
(200, '2025-09-06', 0.00, 'Tf Pribadi', 'Transaksi Penjualan Keuangan', '2025-09-06 16:35:22', '2025-09-06 16:35:22'),
(201, '2025-09-06', 0.00, 'Tf Pribadi', 'Transaksi Penjualan Keuangan', '2025-09-06 16:35:32', '2025-09-06 16:35:32'),
(202, '2025-09-06', 0.00, 'Tf Pribadi', 'Transaksi Penjualan Keuangan', '2025-09-06 16:37:10', '2025-09-06 16:37:10'),
(203, '2025-09-06', 0.00, 'Tf Pribadi', 'Transaksi Penjualan Keuangan', '2025-09-06 16:38:25', '2025-09-06 16:38:25'),
(204, '2025-09-06', 0.00, 'Tf Pribadi', 'Transaksi Penjualan Keuangan', '2025-09-06 16:39:30', '2025-09-06 16:39:30'),
(205, '2025-09-06', 0.00, 'Tf Pribadi', 'Transaksi Penjualan Keuangan', '2025-09-06 16:47:12', '2025-09-06 16:47:12'),
(206, '2025-09-06', 3000.00, 'Transaksi Keuangan', 'Transaksi Penjualan Keuangan', '2025-09-06 16:53:30', '2025-09-06 16:53:30'),
(207, '2025-09-07', 0.00, 'Tf Pribadi', 'Transaksi Penjualan Keuangan', '2025-09-06 17:00:37', '2025-09-06 17:00:37'),
(208, '2025-09-07', 0.00, 'Tf Pribadi', 'Transaksi Penjualan Keuangan', '2025-09-06 17:01:09', '2025-09-06 17:01:09'),
(209, '2025-09-07', 0.00, 'Tf Pribadi', 'Transaksi Penjualan Keuangan', '2025-09-07 04:54:06', '2025-09-07 04:54:06'),
(210, '2025-09-07', 0.00, 'Tf Pribadi', 'Transaksi Penjualan Keuangan', '2025-09-07 04:57:11', '2025-09-07 04:57:11'),
(211, '2025-09-07', 0.00, 'Tf Pribadi', 'Transaksi Penjualan Keuangan', '2025-09-07 04:57:57', '2025-09-07 04:57:57'),
(212, '2025-09-07', 0.00, 'Tf Pribadi', 'Transaksi Penjualan Keuangan', '2025-09-07 05:00:41', '2025-09-07 05:00:41'),
(213, '2025-09-10', 0.00, 'Tf Pribadi', 'Transaksi Penjualan Keuangan', '2025-09-10 05:07:21', '2025-09-10 05:07:21');

-- --------------------------------------------------------

--
-- Table structure for table `failed_jobs`
--

CREATE TABLE `failed_jobs` (
  `id` bigint UNSIGNED NOT NULL,
  `uuid` varchar(255) CHARACTER SET utf8mb4 COLLATE utf8mb4_unicode_ci NOT NULL,
  `connection` text CHARACTER SET utf8mb4 COLLATE utf8mb4_unicode_ci NOT NULL,
  `queue` text CHARACTER SET utf8mb4 COLLATE utf8mb4_unicode_ci NOT NULL,
  `payload` longtext CHARACTER SET utf8mb4 COLLATE utf8mb4_unicode_ci NOT NULL,
  `exception` longtext CHARACTER SET utf8mb4 COLLATE utf8mb4_unicode_ci NOT NULL,
  `failed_at` timestamp NOT NULL DEFAULT CURRENT_TIMESTAMP
) ENGINE=InnoDB DEFAULT CHARSET=utf8mb4 COLLATE=utf8mb4_unicode_ci;

-- --------------------------------------------------------

--
-- Table structure for table `incomes`
--

CREATE TABLE `incomes` (
  `id` bigint UNSIGNED NOT NULL,
  `date` date NOT NULL,
  `amount` decimal(12,2) NOT NULL,
  `created_at` timestamp NULL DEFAULT NULL,
  `updated_at` timestamp NULL DEFAULT NULL
) ENGINE=InnoDB DEFAULT CHARSET=utf8mb4 COLLATE=utf8mb4_unicode_ci;

--
-- Dumping data for table `incomes`
--

INSERT INTO `incomes` (`id`, `date`, `amount`, `created_at`, `updated_at`) VALUES
(1, '2025-08-20', 1000.00, '2025-08-20 13:53:33', '2025-08-20 13:53:33'),
(2, '2025-08-20', 1000.00, '2025-08-20 13:57:53', '2025-08-20 13:57:53'),
(3, '2025-08-20', 2000.00, '2025-08-20 14:06:26', '2025-08-20 14:06:26'),
(4, '2025-08-20', 2000.00, '2025-08-20 15:19:32', '2025-08-20 15:19:32'),
(5, '2025-08-20', 3000.00, '2025-08-20 15:22:16', '2025-08-20 15:22:16'),
(6, '2025-08-20', 3000.00, '2025-08-20 15:23:14', '2025-08-20 15:23:14'),
(7, '2025-08-20', 2000.00, '2025-08-20 15:23:30', '2025-08-20 15:23:30'),
(8, '2025-08-20', 3000.00, '2025-08-20 15:23:52', '2025-08-20 15:23:52'),
(9, '2025-08-20', 2000.00, '2025-08-20 15:24:17', '2025-08-20 15:24:17'),
(10, '2025-08-20', 3000.00, '2025-08-20 15:24:57', '2025-08-20 15:24:57'),
(11, '2025-08-22', 2000.00, '2025-08-22 13:43:40', '2025-08-22 13:43:40'),
(12, '2025-08-22', 1000.00, '2025-08-22 13:44:32', '2025-08-22 13:44:32'),
(13, '2025-08-22', 1000.00, '2025-08-22 13:44:54', '2025-08-22 13:44:54'),
(14, '2025-08-22', 2000.00, '2025-08-22 13:47:14', '2025-08-22 13:47:14'),
(15, '2025-08-22', 2000.00, '2025-08-22 13:49:07', '2025-08-22 13:49:07'),
(16, '2025-08-22', 2000.00, '2025-08-22 13:49:25', '2025-08-22 13:49:25'),
(17, '2025-08-22', 2000.00, '2025-08-22 13:51:07', '2025-08-22 13:51:07'),
(18, '2025-08-22', 2000.00, '2025-08-22 14:00:44', '2025-08-22 14:00:44'),
(19, '2025-08-22', 2000.00, '2025-08-22 14:00:58', '2025-08-22 14:00:58'),
(20, '2025-08-22', 2000.00, '2025-08-22 14:01:17', '2025-08-22 14:01:17'),
(21, '2025-08-22', 2000.00, '2025-08-22 14:01:24', '2025-08-22 14:01:24'),
(22, '2025-08-22', 3000.00, '2025-08-22 14:01:33', '2025-08-22 14:01:33'),
(23, '2025-08-22', 4700.00, '2025-08-22 14:02:07', '2025-08-22 14:02:07'),
(24, '2025-08-22', 2000.00, '2025-08-22 14:05:00', '2025-08-22 14:05:00'),
(25, '2025-08-22', 2000.00, '2025-08-22 14:06:21', '2025-08-22 14:06:21'),
(26, '2025-08-22', 1000.00, '2025-08-22 14:06:32', '2025-08-22 14:06:32'),
(27, '2025-08-22', 1000.00, '2025-08-22 14:09:21', '2025-08-22 14:09:21'),
(28, '2025-08-22', 1000.00, '2025-08-22 14:10:56', '2025-08-22 14:10:56'),
(29, '2025-08-22', 3000.00, '2025-08-22 14:22:33', '2025-08-22 14:22:33'),
(30, '2025-08-22', 2000.00, '2025-08-22 14:36:35', '2025-08-22 14:36:35'),
(31, '2025-08-22', 2000.00, '2025-08-22 14:55:41', '2025-08-22 14:55:41'),
(32, '2025-08-22', 2000.00, '2025-08-22 14:56:37', '2025-08-22 14:56:37'),
(33, '2025-08-22', 2000.00, '2025-08-22 14:57:48', '2025-08-22 14:57:48'),
(34, '2025-08-22', 2000.00, '2025-08-22 14:59:05', '2025-08-22 14:59:05'),
(35, '2025-08-23', 2000.00, '2025-08-23 03:03:11', '2025-08-23 03:03:11'),
(36, '2025-08-23', 3000.00, '2025-08-23 03:07:31', '2025-08-23 03:07:31'),
(37, '2025-08-23', 2000.00, '2025-08-23 03:09:47', '2025-08-23 03:09:47'),
(38, '2025-08-23', 3000.00, '2025-08-23 03:10:18', '2025-08-23 03:10:18'),
(39, '2025-08-23', 3000.00, '2025-08-23 03:19:16', '2025-08-23 03:19:16'),
(40, '2025-08-23', 1000.00, '2025-08-23 03:35:36', '2025-08-23 03:35:36'),
(41, '2025-08-23', 1700.00, '2025-08-23 03:40:44', '2025-08-23 03:40:44'),
(42, '2025-08-23', 2000.00, '2025-08-23 04:07:37', '2025-08-23 04:07:37'),
(43, '2025-08-23', 2000.00, '2025-08-23 04:25:29', '2025-08-23 04:25:29'),
(44, '2025-08-23', 2000.00, '2025-08-23 04:43:43', '2025-08-23 04:43:43'),
(45, '2025-08-23', 3000.00, '2025-08-23 05:32:07', '2025-08-23 05:32:07'),
(46, '2025-08-23', 2000.00, '2025-08-23 05:32:17', '2025-08-23 05:32:17'),
(47, '2025-08-23', 3700.00, '2025-08-23 05:32:32', '2025-08-23 05:32:32'),
(48, '2025-08-23', 2000.00, '2025-08-23 05:34:00', '2025-08-23 05:34:00'),
(49, '2025-08-23', 2000.00, '2025-08-23 05:40:14', '2025-08-23 05:40:14'),
(50, '2025-08-23', 2000.00, '2025-08-23 06:06:40', '2025-08-23 06:06:40'),
(51, '2025-08-23', 2000.00, '2025-08-23 06:07:21', '2025-08-23 06:07:21'),
(52, '2025-08-23', 2000.00, '2025-08-23 06:12:28', '2025-08-23 06:12:28'),
(53, '2025-08-23', 3000.00, '2025-08-23 06:25:49', '2025-08-23 06:25:49'),
(54, '2025-08-23', 3000.00, '2025-08-23 06:26:12', '2025-08-23 06:26:12'),
(55, '2025-08-23', 3000.00, '2025-08-23 08:05:36', '2025-08-23 08:05:36'),
(56, '2025-08-23', 2000.00, '2025-08-23 08:06:16', '2025-08-23 08:06:16'),
(57, '2025-08-23', 3000.00, '2025-08-23 08:06:28', '2025-08-23 08:06:28'),
(58, '2025-08-23', 2000.00, '2025-08-23 08:07:11', '2025-08-23 08:07:11'),
(59, '2025-08-23', 2000.00, '2025-08-23 08:08:02', '2025-08-23 08:08:02'),
(60, '2025-08-23', 2000.00, '2025-08-23 08:08:10', '2025-08-23 08:08:10'),
(61, '2025-08-23', 3000.00, '2025-08-23 08:09:11', '2025-08-23 08:09:11'),
(62, '2025-08-23', 3000.00, '2025-08-23 08:09:26', '2025-08-23 08:09:26'),
(63, '2025-08-23', 3000.00, '2025-08-23 08:10:09', '2025-08-23 08:10:09'),
(64, '2025-08-23', 3000.00, '2025-08-23 08:33:57', '2025-08-23 08:33:57'),
(65, '2025-08-23', 2000.00, '2025-08-23 08:34:03', '2025-08-23 08:34:03'),
(66, '2025-08-23', 2000.00, '2025-08-23 08:34:33', '2025-08-23 08:34:33'),
(67, '2025-08-23', 3000.00, '2025-08-23 08:35:02', '2025-08-23 08:35:02'),
(68, '2025-08-23', 2000.00, '2025-08-23 08:35:11', '2025-08-23 08:35:11'),
(69, '2025-08-23', 2000.00, '2025-08-23 08:44:14', '2025-08-23 08:44:14'),
(70, '2025-08-23', 2000.00, '2025-08-23 08:57:49', '2025-08-23 08:57:49'),
(71, '2025-08-23', 2000.00, '2025-08-23 09:14:20', '2025-08-23 09:14:20'),
(72, '2025-08-23', 2000.00, '2025-08-23 09:46:08', '2025-08-23 09:46:08'),
(73, '2025-08-23', 2000.00, '2025-08-23 09:57:03', '2025-08-23 09:57:03'),
(74, '2025-08-23', 2000.00, '2025-08-23 10:30:49', '2025-08-23 10:30:49'),
(75, '2025-08-23', 2000.00, '2025-08-23 10:31:22', '2025-08-23 10:31:22'),
(76, '2025-08-23', 3000.00, '2025-08-23 10:31:47', '2025-08-23 10:31:47'),
(77, '2025-08-23', 2000.00, '2025-08-23 10:32:22', '2025-08-23 10:32:22'),
(78, '2025-08-23', 2000.00, '2025-08-23 10:33:03', '2025-08-23 10:33:03'),
(79, '2025-08-23', 3000.00, '2025-08-23 10:39:44', '2025-08-23 10:39:44'),
(80, '2025-08-23', 3400.00, '2025-08-23 10:50:11', '2025-08-23 10:50:11'),
(81, '2025-08-23', 3000.00, '2025-08-23 10:50:50', '2025-08-23 10:50:50'),
(82, '2025-08-23', 4000.00, '2025-08-23 10:58:34', '2025-08-23 10:58:34'),
(83, '2025-08-23', 2000.00, '2025-08-23 10:59:54', '2025-08-23 10:59:54'),
(84, '2025-08-23', 2000.00, '2025-08-23 11:02:09', '2025-08-23 11:02:09'),
(85, '2025-08-23', 2000.00, '2025-08-23 12:33:45', '2025-08-23 12:33:45'),
(86, '2025-08-23', 2000.00, '2025-08-23 12:34:58', '2025-08-23 12:34:58'),
(87, '2025-08-23', 2000.00, '2025-08-23 12:36:37', '2025-08-23 12:36:37'),
(88, '2025-08-23', 3000.00, '2025-08-23 12:47:06', '2025-08-23 12:47:06'),
(89, '2025-08-23', 3000.00, '2025-08-23 12:50:11', '2025-08-23 12:50:11'),
(90, '2025-08-23', 1700.00, '2025-08-23 12:50:20', '2025-08-23 12:50:20'),
(91, '2025-08-23', 2000.00, '2025-08-23 12:52:29', '2025-08-23 12:52:29'),
(92, '2025-08-23', 1000.00, '2025-08-23 12:58:38', '2025-08-23 12:58:38'),
(93, '2025-08-23', 2000.00, '2025-08-23 13:08:58', '2025-08-23 13:08:58'),
(94, '2025-08-23', 2000.00, '2025-08-23 13:10:51', '2025-08-23 13:10:51'),
(95, '2025-08-23', 3000.00, '2025-08-23 13:17:07', '2025-08-23 13:17:07'),
(96, '2025-08-23', 3000.00, '2025-08-23 13:17:18', '2025-08-23 13:17:18'),
(97, '2025-08-23', 2000.00, '2025-08-23 13:22:41', '2025-08-23 13:22:41'),
(98, '2025-08-23', 2000.00, '2025-08-23 13:38:00', '2025-08-23 13:38:00'),
(99, '2025-08-23', 3000.00, '2025-08-23 13:44:56', '2025-08-23 13:44:56'),
(100, '2025-08-23', 3000.00, '2025-08-23 13:45:26', '2025-08-23 13:45:26'),
(101, '2025-08-23', 3000.00, '2025-08-23 13:45:41', '2025-08-23 13:45:41'),
(102, '2025-08-23', 2000.00, '2025-08-23 13:52:46', '2025-08-23 13:52:46'),
(103, '2025-08-23', 5300.00, '2025-08-23 13:53:20', '2025-08-23 13:53:20'),
(104, '2025-08-23', 2000.00, '2025-08-23 13:53:33', '2025-08-23 13:53:33'),
(105, '2025-08-23', 2000.00, '2025-08-23 14:11:50', '2025-08-23 14:11:50'),
(106, '2025-08-23', 2000.00, '2025-08-23 14:12:01', '2025-08-23 14:12:01'),
(107, '2025-08-23', 2000.00, '2025-08-23 14:12:11', '2025-08-23 14:12:11'),
(108, '2025-08-23', 2000.00, '2025-08-23 14:12:22', '2025-08-23 14:12:22'),
(109, '2025-08-23', 3000.00, '2025-08-23 14:21:00', '2025-08-23 14:21:00'),
(110, '2025-08-23', 2000.00, '2025-08-23 14:21:06', '2025-08-23 14:21:06'),
(111, '2025-08-23', 2000.00, '2025-08-23 14:21:19', '2025-08-23 14:21:19'),
(112, '2025-08-23', 2700.00, '2025-08-23 14:40:44', '2025-08-23 14:40:44'),
(113, '2025-08-23', 2000.00, '2025-08-23 14:45:39', '2025-08-23 14:45:39'),
(114, '2025-08-23', 2000.00, '2025-08-23 14:47:00', '2025-08-23 14:47:00'),
(115, '2025-08-23', 3000.00, '2025-08-23 15:02:24', '2025-08-23 15:02:24'),
(116, '2025-08-23', 2000.00, '2025-08-23 15:05:58', '2025-08-23 15:05:58'),
(117, '2025-08-23', 2000.00, '2025-08-23 15:18:36', '2025-08-23 15:18:36'),
(118, '2025-08-23', 2000.00, '2025-08-23 15:18:45', '2025-08-23 15:18:45'),
(119, '2025-08-23', 3000.00, '2025-08-23 15:19:05', '2025-08-23 15:19:05'),
(120, '2025-08-23', 2000.00, '2025-08-23 15:22:09', '2025-08-23 15:22:09'),
(121, '2025-08-23', 1700.00, '2025-08-23 16:04:49', '2025-08-23 16:04:49'),
(122, '2025-08-23', 2000.00, '2025-08-23 16:10:19', '2025-08-23 16:10:19'),
(123, '2025-08-24', 2000.00, '2025-08-24 04:24:12', '2025-08-24 04:24:12'),
(124, '2025-08-24', 3000.00, '2025-08-24 04:25:53', '2025-08-24 04:25:53'),
(125, '2025-08-24', 2000.00, '2025-08-24 04:26:52', '2025-08-24 04:26:52'),
(126, '2025-08-24', 2000.00, '2025-08-24 04:27:20', '2025-08-24 04:27:20'),
(127, '2025-08-24', 2000.00, '2025-08-24 04:27:38', '2025-08-24 04:27:38'),
(128, '2025-08-24', 1000.00, '2025-08-24 04:28:30', '2025-08-24 04:28:30'),
(129, '2025-08-24', 2000.00, '2025-08-24 04:45:05', '2025-08-24 04:45:05'),
(130, '2025-08-24', 3000.00, '2025-08-24 04:45:17', '2025-08-24 04:45:17'),
(131, '2025-08-24', 2000.00, '2025-08-24 04:52:00', '2025-08-24 04:52:00'),
(132, '2025-08-24', 2000.00, '2025-08-24 05:26:33', '2025-08-24 05:26:33'),
(133, '2025-08-24', 3000.00, '2025-08-24 05:34:21', '2025-08-24 05:34:21'),
(134, '2025-08-24', 3400.00, '2025-08-24 06:02:34', '2025-08-24 06:02:34'),
(135, '2025-08-24', 2000.00, '2025-08-24 06:15:55', '2025-08-24 06:15:55'),
(136, '2025-08-24', 2000.00, '2025-08-24 06:16:26', '2025-08-24 06:16:26'),
(137, '2025-08-24', 2300.00, '2025-08-24 06:16:40', '2025-08-24 06:16:40'),
(138, '2025-08-24', 1700.00, '2025-08-24 06:17:28', '2025-08-24 06:17:28'),
(139, '2025-08-24', 3000.00, '2025-08-24 06:19:56', '2025-08-24 06:19:56'),
(140, '2025-08-24', 3000.00, '2025-08-24 06:20:34', '2025-08-24 06:20:34'),
(141, '2025-08-24', 3000.00, '2025-08-24 06:25:19', '2025-08-24 06:25:19'),
(142, '2025-08-24', 3000.00, '2025-08-24 06:25:28', '2025-08-24 06:25:28'),
(143, '2025-08-24', 1000.00, '2025-08-24 07:01:18', '2025-08-24 07:01:18'),
(144, '2025-08-24', 2300.00, '2025-08-24 07:07:00', '2025-08-24 07:07:00'),
(145, '2025-08-24', 2000.00, '2025-08-24 07:16:40', '2025-08-24 07:16:40'),
(146, '2025-08-24', 2000.00, '2025-08-24 07:16:46', '2025-08-24 07:16:46'),
(147, '2025-08-24', 1700.00, '2025-08-24 07:16:53', '2025-08-24 07:16:53'),
(148, '2025-08-24', 1700.00, '2025-08-24 07:40:08', '2025-08-24 07:40:08'),
(149, '2025-08-24', 3000.00, '2025-08-24 07:43:47', '2025-08-24 07:43:47'),
(150, '2025-08-24', 3000.00, '2025-08-24 07:51:25', '2025-08-24 07:51:25'),
(151, '2025-08-24', 2300.00, '2025-08-24 07:51:35', '2025-08-24 07:51:35'),
(152, '2025-08-24', 1700.00, '2025-08-24 07:55:17', '2025-08-24 07:55:17'),
(153, '2025-08-24', 3000.00, '2025-08-24 08:44:37', '2025-08-24 08:44:37'),
(154, '2025-08-24', 3000.00, '2025-08-24 08:45:39', '2025-08-24 08:45:39'),
(155, '2025-08-24', 2000.00, '2025-08-24 08:46:10', '2025-08-24 08:46:10'),
(156, '2025-08-24', 2000.00, '2025-08-24 08:46:23', '2025-08-24 08:46:23'),
(157, '2025-08-24', 2000.00, '2025-08-24 08:47:28', '2025-08-24 08:47:28'),
(158, '2025-08-24', 2000.00, '2025-08-24 08:47:51', '2025-08-24 08:47:51'),
(159, '2025-08-24', 2000.00, '2025-08-24 12:54:34', '2025-08-24 12:54:34'),
(160, '2025-08-24', 2000.00, '2025-08-24 12:54:43', '2025-08-24 12:54:43'),
(161, '2025-08-24', 2000.00, '2025-08-24 12:54:51', '2025-08-24 12:54:51'),
(162, '2025-08-24', 2000.00, '2025-08-24 12:55:02', '2025-08-24 12:55:02'),
(163, '2025-08-24', 3000.00, '2025-08-24 12:55:18', '2025-08-24 12:55:18'),
(164, '2025-08-24', 2000.00, '2025-08-24 12:55:32', '2025-08-24 12:55:32'),
(165, '2025-08-24', 2000.00, '2025-08-24 12:55:57', '2025-08-24 12:55:57'),
(166, '2025-08-24', 3000.00, '2025-08-24 12:56:06', '2025-08-24 12:56:06'),
(167, '2025-08-24', 2000.00, '2025-08-24 12:56:15', '2025-08-24 12:56:15'),
(168, '2025-08-24', 2000.00, '2025-08-24 12:56:25', '2025-08-24 12:56:25'),
(169, '2025-08-24', 2000.00, '2025-08-24 12:56:34', '2025-08-24 12:56:34'),
(170, '2025-08-24', 2000.00, '2025-08-24 12:56:45', '2025-08-24 12:56:45'),
(171, '2025-08-24', 2000.00, '2025-08-24 12:58:44', '2025-08-24 12:58:44'),
(172, '2025-08-24', 2000.00, '2025-08-24 12:58:52', '2025-08-24 12:58:52'),
(173, '2025-08-24', 2000.00, '2025-08-24 12:59:09', '2025-08-24 12:59:09'),
(174, '2025-08-24', 2000.00, '2025-08-24 12:59:16', '2025-08-24 12:59:16'),
(175, '2025-08-24', 2000.00, '2025-08-24 12:59:23', '2025-08-24 12:59:23'),
(176, '2025-08-24', 3000.00, '2025-08-24 13:00:48', '2025-08-24 13:00:48'),
(177, '2025-08-24', 3000.00, '2025-08-24 13:01:38', '2025-08-24 13:01:38'),
(178, '2025-08-24', 2000.00, '2025-08-24 13:01:46', '2025-08-24 13:01:46'),
(179, '2025-08-24', 2000.00, '2025-08-24 13:01:54', '2025-08-24 13:01:54'),
(180, '2025-08-24', 3000.00, '2025-08-24 13:02:01', '2025-08-24 13:02:01'),
(181, '2025-08-24', 10700.00, '2025-08-24 13:02:29', '2025-08-24 13:02:29'),
(182, '2025-08-24', 2000.00, '2025-08-24 13:16:44', '2025-08-24 13:16:44'),
(183, '2025-08-24', 3000.00, '2025-08-24 13:16:53', '2025-08-24 13:16:53'),
(184, '2025-08-24', 1700.00, '2025-08-24 13:17:02', '2025-08-24 13:17:02'),
(185, '2025-08-24', 1000.00, '2025-08-24 13:21:49', '2025-08-24 13:21:49'),
(186, '2025-08-24', 3000.00, '2025-08-24 13:30:12', '2025-08-24 13:30:12'),
(187, '2025-08-24', 2000.00, '2025-08-24 13:33:01', '2025-08-24 13:33:01'),
(188, '2025-08-24', 1000.00, '2025-08-24 13:48:11', '2025-08-24 13:48:11'),
(189, '2025-08-24', 2000.00, '2025-08-24 13:49:01', '2025-08-24 13:49:01'),
(190, '2025-08-24', 3000.00, '2025-08-24 13:49:08', '2025-08-24 13:49:08'),
(191, '2025-08-24', 2000.00, '2025-08-24 13:49:18', '2025-08-24 13:49:18'),
(192, '2025-08-24', 2000.00, '2025-08-24 13:49:52', '2025-08-24 13:49:52'),
(193, '2025-08-24', 2000.00, '2025-08-24 13:50:00', '2025-08-24 13:50:00'),
(194, '2025-08-24', 2000.00, '2025-08-24 13:50:18', '2025-08-24 13:50:18'),
(195, '2025-08-24', 3000.00, '2025-08-24 13:50:28', '2025-08-24 13:50:28'),
(196, '2025-08-24', 3000.00, '2025-08-24 13:51:22', '2025-08-24 13:51:22'),
(197, '2025-08-24', 3000.00, '2025-08-24 13:51:37', '2025-08-24 13:51:37'),
(198, '2025-08-24', 2000.00, '2025-08-24 13:54:16', '2025-08-24 13:54:16'),
(199, '2025-08-24', 1200.00, '2025-08-24 14:06:24', '2025-08-24 14:06:24'),
(200, '2025-08-24', 3000.00, '2025-08-24 14:06:58', '2025-08-24 14:06:58'),
(201, '2025-08-24', 2000.00, '2025-08-24 14:17:14', '2025-08-24 14:17:14'),
(202, '2025-08-24', 2000.00, '2025-08-24 14:17:28', '2025-08-24 14:17:28'),
(203, '2025-08-24', 3000.00, '2025-08-24 14:17:58', '2025-08-24 14:17:58'),
(204, '2025-08-24', 2000.00, '2025-08-24 14:19:41', '2025-08-24 14:19:41'),
(205, '2025-08-24', 2000.00, '2025-08-24 14:39:14', '2025-08-24 14:39:14'),
(206, '2025-08-24', 2000.00, '2025-08-24 14:39:29', '2025-08-24 14:39:29'),
(207, '2025-08-24', 3000.00, '2025-08-24 14:47:13', '2025-08-24 14:47:13'),
(208, '2025-08-24', 2000.00, '2025-08-24 14:47:42', '2025-08-24 14:47:42'),
(209, '2025-08-24', 2000.00, '2025-08-24 15:01:22', '2025-08-24 15:01:22'),
(210, '2025-08-24', 2000.00, '2025-08-24 15:01:51', '2025-08-24 15:01:51'),
(211, '2025-08-24', 4400.00, '2025-08-24 15:02:50', '2025-08-24 15:02:50'),
(212, '2025-08-25', 1000.00, '2025-08-25 09:45:14', '2025-08-25 09:45:14'),
(213, '2025-08-25', 2000.00, '2025-08-25 09:56:02', '2025-08-25 09:56:02'),
(214, '2025-08-25', 2000.00, '2025-08-25 09:57:03', '2025-08-25 09:57:03'),
(215, '2025-08-25', 3000.00, '2025-08-25 10:46:32', '2025-08-25 10:46:32'),
(216, '2025-08-25', 5000.00, '2025-08-25 10:54:23', '2025-08-25 10:54:23'),
(217, '2025-08-25', 2000.00, '2025-08-25 11:05:13', '2025-08-25 11:05:13'),
(218, '2025-08-25', 3000.00, '2025-08-25 11:05:30', '2025-08-25 11:05:30'),
(219, '2025-08-25', 3000.00, '2025-08-25 11:18:45', '2025-08-25 11:18:45'),
(220, '2025-08-25', 2000.00, '2025-08-25 11:27:06', '2025-08-25 11:27:06'),
(221, '2025-08-25', 2700.00, '2025-08-25 11:27:15', '2025-08-25 11:27:15'),
(222, '2025-08-25', 2000.00, '2025-08-25 11:34:58', '2025-08-25 11:34:58'),
(223, '2025-08-25', 3000.00, '2025-08-25 12:35:25', '2025-08-25 12:35:25'),
(224, '2025-08-25', 2000.00, '2025-08-25 12:54:48', '2025-08-25 12:54:48'),
(225, '2025-08-25', 2300.00, '2025-08-25 12:54:56', '2025-08-25 12:54:56'),
(226, '2025-08-25', 2000.00, '2025-08-25 13:03:10', '2025-08-25 13:03:10'),
(227, '2025-08-25', 2000.00, '2025-08-25 13:03:43', '2025-08-25 13:03:43'),
(228, '2025-08-25', 2000.00, '2025-08-25 13:03:55', '2025-08-25 13:03:55'),
(229, '2025-08-25', 2000.00, '2025-08-25 13:13:28', '2025-08-25 13:13:28'),
(230, '2025-08-25', 1000.00, '2025-08-25 13:28:41', '2025-08-25 13:28:41'),
(231, '2025-08-25', 2000.00, '2025-08-25 13:29:22', '2025-08-25 13:29:22'),
(232, '2025-08-25', 2000.00, '2025-08-25 13:31:02', '2025-08-25 13:31:02'),
(233, '2025-08-25', 3000.00, '2025-08-25 13:31:34', '2025-08-25 13:31:34'),
(234, '2025-08-25', 3000.00, '2025-08-25 13:33:22', '2025-08-25 13:33:22'),
(235, '2025-08-25', 2000.00, '2025-08-25 13:33:59', '2025-08-25 13:33:59'),
(236, '2025-08-25', 2000.00, '2025-08-25 13:45:03', '2025-08-25 13:45:03'),
(237, '2025-08-25', 2000.00, '2025-08-25 13:45:11', '2025-08-25 13:45:11'),
(238, '2025-08-25', 1000.00, '2025-08-25 13:45:34', '2025-08-25 13:45:34'),
(239, '2025-08-25', 2000.00, '2025-08-25 13:49:46', '2025-08-25 13:49:46'),
(240, '2025-08-25', 2000.00, '2025-08-25 13:53:16', '2025-08-25 13:53:16'),
(241, '2025-08-25', 2000.00, '2025-08-25 13:54:49', '2025-08-25 13:54:49'),
(242, '2025-08-25', 2000.00, '2025-08-25 14:11:17', '2025-08-25 14:11:17'),
(243, '2025-08-25', 2000.00, '2025-08-25 14:11:25', '2025-08-25 14:11:25'),
(244, '2025-08-25', 3000.00, '2025-08-25 14:12:28', '2025-08-25 14:12:28'),
(245, '2025-08-25', 3000.00, '2025-08-25 14:12:37', '2025-08-25 14:12:37'),
(246, '2025-08-25', 1000.00, '2025-08-25 14:13:11', '2025-08-25 14:13:11'),
(247, '2025-08-25', 2000.00, '2025-08-25 14:16:47', '2025-08-25 14:16:47'),
(248, '2025-08-25', 2000.00, '2025-08-25 14:21:31', '2025-08-25 14:21:31'),
(249, '2025-08-25', 2000.00, '2025-08-25 14:21:46', '2025-08-25 14:21:46'),
(250, '2025-08-26', 2000.00, '2025-08-26 11:38:59', '2025-08-26 11:38:59'),
(251, '2025-08-26', 2000.00, '2025-08-26 11:39:14', '2025-08-26 11:39:14'),
(252, '2025-08-26', 3000.00, '2025-08-26 11:40:05', '2025-08-26 11:40:05'),
(253, '2025-08-26', 3000.00, '2025-08-26 11:40:21', '2025-08-26 11:40:21'),
(254, '2025-08-26', 2000.00, '2025-08-26 11:40:47', '2025-08-26 11:40:47'),
(255, '2025-08-26', 3000.00, '2025-08-26 11:42:21', '2025-08-26 11:42:21'),
(256, '2025-08-26', 2000.00, '2025-08-26 11:42:30', '2025-08-26 11:42:30'),
(257, '2025-08-26', 2000.00, '2025-08-26 11:45:25', '2025-08-26 11:45:25'),
(258, '2025-08-26', 8400.00, '2025-08-26 11:54:49', '2025-08-26 11:54:49'),
(259, '2025-08-26', 3000.00, '2025-08-26 13:45:32', '2025-08-26 13:45:32'),
(260, '2025-08-26', 3000.00, '2025-08-26 13:46:02', '2025-08-26 13:46:02'),
(261, '2025-08-26', 2000.00, '2025-08-26 13:46:19', '2025-08-26 13:46:19'),
(262, '2025-08-26', 3000.00, '2025-08-26 13:48:28', '2025-08-26 13:48:28'),
(263, '2025-08-26', 3000.00, '2025-08-26 13:53:36', '2025-08-26 13:53:36'),
(264, '2025-08-26', 5100.00, '2025-08-26 13:54:43', '2025-08-26 13:54:43'),
(265, '2025-08-26', 2000.00, '2025-08-26 13:59:42', '2025-08-26 13:59:42'),
(266, '2025-08-26', 3000.00, '2025-08-26 14:07:20', '2025-08-26 14:07:20'),
(267, '2025-08-26', 3000.00, '2025-08-26 14:07:20', '2025-08-26 14:07:20'),
(268, '2025-08-26', 2000.00, '2025-08-26 14:13:59', '2025-08-26 14:13:59'),
(269, '2025-08-26', 3000.00, '2025-08-26 14:14:15', '2025-08-26 14:14:15'),
(270, '2025-08-26', 2000.00, '2025-08-26 14:14:25', '2025-08-26 14:14:25'),
(271, '2025-08-26', 3000.00, '2025-08-26 14:14:52', '2025-08-26 14:14:52'),
(272, '2025-08-26', 2000.00, '2025-08-26 14:15:04', '2025-08-26 14:15:04'),
(273, '2025-08-26', 3000.00, '2025-08-26 14:15:13', '2025-08-26 14:15:13'),
(274, '2025-08-26', 3000.00, '2025-08-26 14:15:50', '2025-08-26 14:15:50'),
(275, '2025-08-26', 2000.00, '2025-08-26 14:16:16', '2025-08-26 14:16:16'),
(276, '2025-08-26', 2000.00, '2025-08-26 14:16:23', '2025-08-26 14:16:23'),
(277, '2025-08-26', 2000.00, '2025-08-26 14:16:34', '2025-08-26 14:16:34'),
(278, '2025-08-26', 2000.00, '2025-08-26 14:16:43', '2025-08-26 14:16:43'),
(279, '2025-08-26', 2000.00, '2025-08-26 14:56:45', '2025-08-26 14:56:45'),
(280, '2025-08-26', 2000.00, '2025-08-26 14:57:04', '2025-08-26 14:57:04'),
(281, '2025-08-26', 2000.00, '2025-08-26 15:02:42', '2025-08-26 15:02:42'),
(282, '2025-08-27', 6300.00, '2025-08-27 03:25:18', '2025-08-27 03:25:18'),
(283, '2025-08-27', 3000.00, '2025-08-27 03:25:45', '2025-08-27 03:25:45'),
(284, '2025-08-27', 3000.00, '2025-08-27 03:26:09', '2025-08-27 03:26:09'),
(285, '2025-08-27', 2000.00, '2025-08-27 03:27:03', '2025-08-27 03:27:03'),
(286, '2025-08-27', 2000.00, '2025-08-27 03:27:36', '2025-08-27 03:27:36'),
(287, '2025-08-27', 3000.00, '2025-08-27 03:28:13', '2025-08-27 03:28:13'),
(288, '2025-08-27', 3000.00, '2025-08-27 03:34:07', '2025-08-27 03:34:07'),
(289, '2025-08-27', 2000.00, '2025-08-27 03:37:19', '2025-08-27 03:37:19'),
(290, '2025-08-27', 3000.00, '2025-08-27 03:48:51', '2025-08-27 03:48:51'),
(291, '2025-08-27', 2000.00, '2025-08-27 03:48:58', '2025-08-27 03:48:58'),
(292, '2025-08-27', 3000.00, '2025-08-27 04:25:26', '2025-08-27 04:25:26'),
(293, '2025-08-27', 1700.00, '2025-08-27 05:34:59', '2025-08-27 05:34:59'),
(294, '2025-08-27', 2000.00, '2025-08-27 05:37:01', '2025-08-27 05:37:01'),
(295, '2025-08-27', 2000.00, '2025-08-27 05:37:22', '2025-08-27 05:37:22'),
(296, '2025-08-27', 1000.00, '2025-08-27 05:40:45', '2025-08-27 05:40:45'),
(297, '2025-08-27', 2000.00, '2025-08-27 05:47:52', '2025-08-27 05:47:52'),
(298, '2025-08-27', 2000.00, '2025-08-27 05:48:06', '2025-08-27 05:48:06'),
(299, '2025-08-27', 3000.00, '2025-08-27 06:08:51', '2025-08-27 06:08:51'),
(300, '2025-08-27', 3000.00, '2025-08-27 06:11:04', '2025-08-27 06:11:04'),
(301, '2025-08-27', 2000.00, '2025-08-27 06:11:31', '2025-08-27 06:11:31'),
(302, '2025-08-27', 3000.00, '2025-08-27 06:20:28', '2025-08-27 06:20:28'),
(303, '2025-08-27', 2000.00, '2025-08-27 06:20:36', '2025-08-27 06:20:36'),
(304, '2025-08-27', 3000.00, '2025-08-27 06:33:28', '2025-08-27 06:33:28'),
(305, '2025-08-27', 3000.00, '2025-08-27 06:36:43', '2025-08-27 06:36:43'),
(306, '2025-08-27', 3000.00, '2025-08-27 06:58:46', '2025-08-27 06:58:46'),
(307, '2025-08-27', 3000.00, '2025-08-27 07:19:36', '2025-08-27 07:19:36'),
(308, '2025-08-27', 2000.00, '2025-08-27 07:31:34', '2025-08-27 07:31:34'),
(309, '2025-08-27', 3000.00, '2025-08-27 07:33:08', '2025-08-27 07:33:08'),
(310, '2025-08-27', 2000.00, '2025-08-27 07:58:11', '2025-08-27 07:58:11'),
(311, '2025-08-27', 3000.00, '2025-08-27 08:01:21', '2025-08-27 08:01:21'),
(312, '2025-08-27', 2000.00, '2025-08-27 08:01:38', '2025-08-27 08:01:38'),
(313, '2025-08-27', 1000.00, '2025-08-27 08:04:24', '2025-08-27 08:04:24'),
(314, '2025-08-27', 2000.00, '2025-08-27 08:47:43', '2025-08-27 08:47:43'),
(315, '2025-08-27', 3000.00, '2025-08-27 09:33:00', '2025-08-27 09:33:00'),
(316, '2025-08-27', 3000.00, '2025-08-27 09:33:32', '2025-08-27 09:33:32'),
(317, '2025-08-27', 2000.00, '2025-08-27 09:39:48', '2025-08-27 09:39:48'),
(318, '2025-08-27', 2000.00, '2025-08-27 09:50:33', '2025-08-27 09:50:33'),
(319, '2025-08-27', 3000.00, '2025-08-27 09:57:42', '2025-08-27 09:57:42'),
(320, '2025-08-27', 3000.00, '2025-08-27 10:17:53', '2025-08-27 10:17:53'),
(321, '2025-08-27', 3000.00, '2025-08-27 10:19:44', '2025-08-27 10:19:44'),
(322, '2025-08-27', 3000.00, '2025-08-27 10:53:41', '2025-08-27 10:53:41'),
(323, '2025-08-27', 3000.00, '2025-08-27 10:54:11', '2025-08-27 10:54:11'),
(324, '2025-08-27', 2000.00, '2025-08-27 10:54:56', '2025-08-27 10:54:56'),
(325, '2025-08-27', 2300.00, '2025-08-27 11:13:46', '2025-08-27 11:13:46'),
(326, '2025-08-27', 2300.00, '2025-08-27 11:14:02', '2025-08-27 11:14:02'),
(327, '2025-08-27', 3000.00, '2025-08-27 11:17:08', '2025-08-27 11:17:08'),
(328, '2025-08-27', 3000.00, '2025-08-27 11:18:14', '2025-08-27 11:18:14'),
(329, '2025-08-27', 2000.00, '2025-08-27 11:34:50', '2025-08-27 11:34:50'),
(330, '2025-08-27', 3000.00, '2025-08-27 12:39:07', '2025-08-27 12:39:07'),
(331, '2025-08-27', 3000.00, '2025-08-27 12:39:17', '2025-08-27 12:39:17'),
(332, '2025-08-27', 3000.00, '2025-08-27 12:39:50', '2025-08-27 12:39:50'),
(333, '2025-08-27', 2000.00, '2025-08-27 12:46:34', '2025-08-27 12:46:34'),
(334, '2025-08-27', 2000.00, '2025-08-27 12:46:42', '2025-08-27 12:46:42'),
(335, '2025-08-27', 2000.00, '2025-08-27 12:46:54', '2025-08-27 12:46:54'),
(336, '2025-08-27', 2000.00, '2025-08-27 13:32:12', '2025-08-27 13:32:12'),
(337, '2025-08-27', 3000.00, '2025-08-27 13:39:19', '2025-08-27 13:39:19'),
(338, '2025-08-27', 2000.00, '2025-08-27 13:46:46', '2025-08-27 13:46:46'),
(339, '2025-08-27', 2000.00, '2025-08-27 14:29:03', '2025-08-27 14:29:03'),
(340, '2025-08-27', 3000.00, '2025-08-27 14:29:13', '2025-08-27 14:29:13'),
(341, '2025-08-27', 2000.00, '2025-08-27 14:29:32', '2025-08-27 14:29:32'),
(342, '2025-08-27', 3000.00, '2025-08-27 14:29:40', '2025-08-27 14:29:40'),
(343, '2025-08-27', 2000.00, '2025-08-27 14:29:57', '2025-08-27 14:29:57'),
(344, '2025-08-27', 2000.00, '2025-08-27 14:30:36', '2025-08-27 14:30:36'),
(345, '2025-08-27', 2000.00, '2025-08-27 14:30:47', '2025-08-27 14:30:47'),
(346, '2025-08-27', 3000.00, '2025-08-27 14:31:06', '2025-08-27 14:31:06'),
(347, '2025-08-27', 2000.00, '2025-08-27 14:31:39', '2025-08-27 14:31:39'),
(348, '2025-08-27', 2000.00, '2025-08-27 14:33:03', '2025-08-27 14:33:03'),
(349, '2025-08-27', 2000.00, '2025-08-27 14:33:22', '2025-08-27 14:33:22'),
(350, '2025-08-27', 9000.00, '2025-08-27 14:35:38', '2025-08-27 14:35:38'),
(351, '2025-08-27', 3000.00, '2025-08-27 14:37:41', '2025-08-27 14:37:41'),
(352, '2025-08-27', 3000.00, '2025-08-27 14:38:23', '2025-08-27 14:38:23'),
(353, '2025-08-27', 3000.00, '2025-08-27 14:43:07', '2025-08-27 14:43:07'),
(354, '2025-08-27', 3000.00, '2025-08-27 14:45:24', '2025-08-27 14:45:24'),
(355, '2025-08-27', 3000.00, '2025-08-27 14:45:37', '2025-08-27 14:45:37'),
(356, '2025-08-27', 2000.00, '2025-08-27 14:45:48', '2025-08-27 14:45:48'),
(357, '2025-08-27', 3000.00, '2025-08-27 14:45:59', '2025-08-27 14:45:59'),
(358, '2025-08-27', 3000.00, '2025-08-27 14:46:26', '2025-08-27 14:46:26'),
(359, '2025-08-27', 2000.00, '2025-08-27 15:39:35', '2025-08-27 15:39:35'),
(360, '2025-08-27', 2000.00, '2025-08-27 15:39:44', '2025-08-27 15:39:44'),
(361, '2025-08-28', 2000.00, '2025-08-28 14:28:00', '2025-08-28 14:28:00'),
(362, '2025-08-28', 2000.00, '2025-08-28 14:28:08', '2025-08-28 14:28:08'),
(363, '2025-08-28', 3000.00, '2025-08-28 14:28:23', '2025-08-28 14:28:23'),
(364, '2025-08-28', 2000.00, '2025-08-28 14:28:33', '2025-08-28 14:28:33'),
(365, '2025-08-28', 3000.00, '2025-08-28 14:28:50', '2025-08-28 14:28:50'),
(366, '2025-08-28', 2000.00, '2025-08-28 14:29:02', '2025-08-28 14:29:02'),
(367, '2025-08-28', 3000.00, '2025-08-28 14:29:26', '2025-08-28 14:29:26'),
(368, '2025-08-28', 3000.00, '2025-08-28 14:29:34', '2025-08-28 14:29:34'),
(369, '2025-08-28', 2000.00, '2025-08-28 14:30:27', '2025-08-28 14:30:27'),
(370, '2025-08-28', 3000.00, '2025-08-28 14:30:40', '2025-08-28 14:30:40'),
(371, '2025-08-28', 2000.00, '2025-08-28 14:30:51', '2025-08-28 14:30:51'),
(372, '2025-08-28', 3000.00, '2025-08-28 14:31:07', '2025-08-28 14:31:07'),
(373, '2025-08-28', 2000.00, '2025-08-28 14:31:16', '2025-08-28 14:31:16'),
(374, '2025-08-28', 2000.00, '2025-08-28 14:31:28', '2025-08-28 14:31:28'),
(375, '2025-08-28', 2000.00, '2025-08-28 14:31:47', '2025-08-28 14:31:47'),
(376, '2025-08-28', 2000.00, '2025-08-28 14:32:05', '2025-08-28 14:32:05'),
(377, '2025-08-28', 3000.00, '2025-08-28 14:32:27', '2025-08-28 14:32:27'),
(378, '2025-08-28', 3000.00, '2025-08-28 14:32:43', '2025-08-28 14:32:43'),
(379, '2025-08-28', 2000.00, '2025-08-28 14:33:46', '2025-08-28 14:33:46'),
(380, '2025-08-28', 2000.00, '2025-08-28 14:33:56', '2025-08-28 14:33:56'),
(381, '2025-08-28', 2000.00, '2025-08-28 14:34:19', '2025-08-28 14:34:19'),
(382, '2025-08-28', 2000.00, '2025-08-28 14:35:24', '2025-08-28 14:35:24'),
(383, '2025-08-28', 2000.00, '2025-08-28 14:35:33', '2025-08-28 14:35:33'),
(384, '2025-08-28', 2000.00, '2025-08-28 14:35:59', '2025-08-28 14:35:59'),
(385, '2025-08-28', 2000.00, '2025-08-28 14:36:12', '2025-08-28 14:36:12'),
(386, '2025-08-28', 2000.00, '2025-08-28 14:36:19', '2025-08-28 14:36:19'),
(387, '2025-08-28', 3000.00, '2025-08-28 14:36:33', '2025-08-28 14:36:33'),
(388, '2025-08-28', 2000.00, '2025-08-28 14:36:40', '2025-08-28 14:36:40'),
(389, '2025-08-28', 2000.00, '2025-08-28 14:36:51', '2025-08-28 14:36:51'),
(390, '2025-08-28', 2000.00, '2025-08-28 14:37:08', '2025-08-28 14:37:08'),
(391, '2025-08-28', 3000.00, '2025-08-28 14:37:29', '2025-08-28 14:37:29'),
(392, '2025-08-28', 2000.00, '2025-08-28 14:37:41', '2025-08-28 14:37:41'),
(393, '2025-08-28', 2000.00, '2025-08-28 14:37:51', '2025-08-28 14:37:51'),
(394, '2025-08-28', 2000.00, '2025-08-28 14:38:05', '2025-08-28 14:38:05'),
(395, '2025-08-28', 3000.00, '2025-08-28 14:38:14', '2025-08-28 14:38:14'),
(396, '2025-08-28', 2000.00, '2025-08-28 14:38:25', '2025-08-28 14:38:25'),
(397, '2025-08-28', 3000.00, '2025-08-28 14:38:38', '2025-08-28 14:38:38'),
(398, '2025-08-28', 2000.00, '2025-08-28 14:38:54', '2025-08-28 14:38:54'),
(399, '2025-08-28', 3000.00, '2025-08-28 14:39:06', '2025-08-28 14:39:06'),
(400, '2025-08-28', 2000.00, '2025-08-28 14:56:42', '2025-08-28 14:56:42'),
(401, '2025-08-28', 2000.00, '2025-08-28 14:56:52', '2025-08-28 14:56:52'),
(402, '2025-08-28', 2000.00, '2025-08-28 14:57:24', '2025-08-28 14:57:24'),
(403, '2025-08-28', 2000.00, '2025-08-28 14:58:25', '2025-08-28 14:58:25'),
(404, '2025-08-28', 3000.00, '2025-08-28 14:58:50', '2025-08-28 14:58:50'),
(405, '2025-08-28', 2000.00, '2025-08-28 14:59:03', '2025-08-28 14:59:03'),
(406, '2025-08-28', 3000.00, '2025-08-28 14:59:23', '2025-08-28 14:59:23'),
(407, '2025-08-28', 2000.00, '2025-08-28 14:59:32', '2025-08-28 14:59:32'),
(408, '2025-08-28', 3000.00, '2025-08-28 14:59:47', '2025-08-28 14:59:47'),
(409, '2025-08-28', 3000.00, '2025-08-28 15:01:00', '2025-08-28 15:01:00'),
(410, '2025-08-28', 2000.00, '2025-08-28 15:02:18', '2025-08-28 15:02:18'),
(411, '2025-08-28', 3000.00, '2025-08-28 15:05:16', '2025-08-28 15:05:16'),
(412, '2025-08-28', 3000.00, '2025-08-28 15:06:47', '2025-08-28 15:06:47'),
(413, '2025-08-28', 2000.00, '2025-08-28 15:06:55', '2025-08-28 15:06:55'),
(414, '2025-08-28', 2000.00, '2025-08-28 15:10:20', '2025-08-28 15:10:20'),
(415, '2025-08-28', 3000.00, '2025-08-28 15:10:28', '2025-08-28 15:10:28'),
(416, '2025-08-28', 2000.00, '2025-08-28 15:10:38', '2025-08-28 15:10:38'),
(417, '2025-08-28', 2000.00, '2025-08-28 15:12:19', '2025-08-28 15:12:19'),
(418, '2025-08-28', 3000.00, '2025-08-28 15:12:29', '2025-08-28 15:12:29'),
(419, '2025-08-28', 2000.00, '2025-08-28 15:12:42', '2025-08-28 15:12:42'),
(420, '2025-08-28', 2000.00, '2025-08-28 15:12:51', '2025-08-28 15:12:51'),
(421, '2025-08-28', 2000.00, '2025-08-28 15:13:03', '2025-08-28 15:13:03'),
(422, '2025-08-28', 3000.00, '2025-08-28 15:13:10', '2025-08-28 15:13:10'),
(423, '2025-08-28', 2000.00, '2025-08-28 15:13:20', '2025-08-28 15:13:20'),
(424, '2025-08-28', 3000.00, '2025-08-28 15:18:06', '2025-08-28 15:18:06'),
(425, '2025-08-28', 2000.00, '2025-08-28 15:20:56', '2025-08-28 15:20:56'),
(426, '2025-08-28', 3000.00, '2025-08-28 15:23:51', '2025-08-28 15:23:51'),
(427, '2025-08-28', 3000.00, '2025-08-28 15:26:31', '2025-08-28 15:26:31'),
(428, '2025-08-28', 3000.00, '2025-08-28 15:26:38', '2025-08-28 15:26:38'),
(429, '2025-08-28', 3000.00, '2025-08-28 15:28:13', '2025-08-28 15:28:13'),
(430, '2025-08-28', 3000.00, '2025-08-28 15:29:01', '2025-08-28 15:29:01'),
(431, '2025-08-28', 3000.00, '2025-08-28 15:29:19', '2025-08-28 15:29:19'),
(432, '2025-08-28', 3000.00, '2025-08-28 15:29:32', '2025-08-28 15:29:32'),
(433, '2025-08-28', 3000.00, '2025-08-28 15:29:43', '2025-08-28 15:29:43'),
(434, '2025-08-28', 3000.00, '2025-08-28 15:29:53', '2025-08-28 15:29:53'),
(435, '2025-08-28', 3000.00, '2025-08-28 15:30:03', '2025-08-28 15:30:03'),
(436, '2025-08-28', 3000.00, '2025-08-28 15:30:23', '2025-08-28 15:30:23'),
(437, '2025-08-28', 3000.00, '2025-08-28 15:30:53', '2025-08-28 15:30:53'),
(438, '2025-08-28', 3000.00, '2025-08-28 15:31:13', '2025-08-28 15:31:13'),
(439, '2025-08-28', 62900.00, '2025-08-28 15:33:20', '2025-08-28 15:33:20'),
(440, '2025-08-28', 1000.00, '2025-08-28 15:33:41', '2025-08-28 15:33:41'),
(441, '2025-08-28', 2000.00, '2025-08-28 15:34:50', '2025-08-28 15:34:50'),
(442, '2025-08-28', 2000.00, '2025-08-28 15:36:40', '2025-08-28 15:36:40'),
(443, '2025-08-28', 2000.00, '2025-08-28 15:38:04', '2025-08-28 15:38:04'),
(444, '2025-08-30', 2000.00, '2025-08-30 05:45:54', '2025-08-30 05:45:54'),
(445, '2025-08-30', 2000.00, '2025-08-30 05:46:12', '2025-08-30 05:46:12'),
(446, '2025-08-30', 2000.00, '2025-08-30 05:46:23', '2025-08-30 05:46:23'),
(447, '2025-08-30', 3000.00, '2025-08-30 05:47:45', '2025-08-30 05:47:45'),
(448, '2025-08-30', 2000.00, '2025-08-30 05:48:41', '2025-08-30 05:48:41'),
(449, '2025-08-30', 2000.00, '2025-08-30 05:48:49', '2025-08-30 05:48:49'),
(450, '2025-08-30', 3000.00, '2025-08-30 05:49:08', '2025-08-30 05:49:08'),
(451, '2025-08-30', 3000.00, '2025-08-30 05:51:59', '2025-08-30 05:51:59'),
(452, '2025-08-30', 3000.00, '2025-08-30 05:52:31', '2025-08-30 05:52:31'),
(453, '2025-08-30', 3000.00, '2025-08-30 05:53:35', '2025-08-30 05:53:35'),
(454, '2025-08-30', 3000.00, '2025-08-30 05:56:43', '2025-08-30 05:56:43'),
(455, '2025-08-30', 2000.00, '2025-08-30 05:57:13', '2025-08-30 05:57:13'),
(456, '2025-08-30', 2000.00, '2025-08-30 05:57:22', '2025-08-30 05:57:22'),
(457, '2025-08-30', 3000.00, '2025-08-30 05:57:41', '2025-08-30 05:57:41'),
(458, '2025-08-30', 3000.00, '2025-08-30 06:01:38', '2025-08-30 06:01:38'),
(459, '2025-08-30', 2000.00, '2025-08-30 06:03:02', '2025-08-30 06:03:02'),
(460, '2025-08-30', 2000.00, '2025-08-30 06:03:14', '2025-08-30 06:03:14'),
(461, '2025-08-30', 3000.00, '2025-08-30 06:03:40', '2025-08-30 06:03:40'),
(462, '2025-08-30', 5700.00, '2025-08-30 06:10:55', '2025-08-30 06:10:55'),
(463, '2025-08-30', 1000.00, '2025-08-30 06:44:17', '2025-08-30 06:44:17'),
(464, '2025-08-30', 2000.00, '2025-08-30 08:33:35', '2025-08-30 08:33:35'),
(465, '2025-08-30', 3000.00, '2025-08-30 08:33:54', '2025-08-30 08:33:54'),
(466, '2025-08-30', 3000.00, '2025-08-30 08:34:12', '2025-08-30 08:34:12'),
(467, '2025-08-30', 2000.00, '2025-08-30 08:34:37', '2025-08-30 08:34:37'),
(468, '2025-08-30', 2000.00, '2025-08-30 10:16:55', '2025-08-30 10:16:55'),
(469, '2025-08-30', 2000.00, '2025-08-30 10:17:04', '2025-08-30 10:17:04'),
(470, '2025-08-30', 3000.00, '2025-08-30 10:17:17', '2025-08-30 10:17:17'),
(471, '2025-08-30', 2000.00, '2025-08-30 10:17:24', '2025-08-30 10:17:24'),
(472, '2025-08-30', 2000.00, '2025-08-30 10:17:33', '2025-08-30 10:17:33'),
(473, '2025-08-30', 2000.00, '2025-08-30 10:20:07', '2025-08-30 10:20:07'),
(474, '2025-08-30', 2000.00, '2025-08-30 10:20:32', '2025-08-30 10:20:32'),
(475, '2025-08-30', 3000.00, '2025-08-30 10:21:36', '2025-08-30 10:21:36'),
(476, '2025-08-30', 3000.00, '2025-08-30 10:21:49', '2025-08-30 10:21:49'),
(477, '2025-08-30', 3000.00, '2025-08-30 10:22:01', '2025-08-30 10:22:01'),
(478, '2025-08-30', 3000.00, '2025-08-30 10:22:11', '2025-08-30 10:22:11'),
(479, '2025-08-30', 3000.00, '2025-08-30 10:22:47', '2025-08-30 10:22:47'),
(480, '2025-08-30', 5700.00, '2025-08-30 10:24:24', '2025-08-30 10:24:24'),
(481, '2025-08-30', 3000.00, '2025-08-30 10:24:41', '2025-08-30 10:24:41'),
(482, '2025-08-30', 2000.00, '2025-08-30 10:27:53', '2025-08-30 10:27:53'),
(483, '2025-08-30', 6600.00, '2025-08-30 10:29:24', '2025-08-30 10:29:24'),
(484, '2025-08-30', 1700.00, '2025-08-30 10:34:53', '2025-08-30 10:34:53'),
(485, '2025-08-30', 3300.00, '2025-08-30 10:44:00', '2025-08-30 10:44:00'),
(486, '2025-08-30', 11000.00, '2025-08-30 12:34:14', '2025-08-30 12:34:14'),
(487, '2025-08-30', 3000.00, '2025-08-30 12:34:26', '2025-08-30 12:34:26'),
(488, '2025-08-30', 3000.00, '2025-08-30 12:35:18', '2025-08-30 12:35:18'),
(489, '2025-08-30', 3000.00, '2025-08-30 12:35:47', '2025-08-30 12:35:47'),
(490, '2025-08-30', 3000.00, '2025-08-30 12:35:59', '2025-08-30 12:35:59'),
(491, '2025-08-30', 3000.00, '2025-08-30 12:36:09', '2025-08-30 12:36:09'),
(492, '2025-08-30', 2000.00, '2025-08-30 12:37:08', '2025-08-30 12:37:08'),
(493, '2025-08-30', 2000.00, '2025-08-30 12:38:25', '2025-08-30 12:38:25'),
(494, '2025-08-30', 3000.00, '2025-08-30 12:38:34', '2025-08-30 12:38:34'),
(495, '2025-08-30', 2000.00, '2025-08-30 12:38:47', '2025-08-30 12:38:47'),
(496, '2025-08-30', 2000.00, '2025-08-30 12:39:00', '2025-08-30 12:39:00'),
(497, '2025-08-30', 2000.00, '2025-08-30 13:25:37', '2025-08-30 13:25:37'),
(498, '2025-08-30', 3000.00, '2025-08-30 13:25:48', '2025-08-30 13:25:48'),
(499, '2025-08-30', 2000.00, '2025-08-30 13:26:08', '2025-08-30 13:26:08'),
(500, '2025-08-30', 3000.00, '2025-08-30 13:26:17', '2025-08-30 13:26:17'),
(501, '2025-08-30', 2000.00, '2025-08-30 13:26:30', '2025-08-30 13:26:30'),
(502, '2025-08-30', 3000.00, '2025-08-30 13:26:45', '2025-08-30 13:26:45'),
(503, '2025-08-30', 3000.00, '2025-08-30 13:26:59', '2025-08-30 13:26:59'),
(504, '2025-08-30', 2000.00, '2025-08-30 13:29:47', '2025-08-30 13:29:47'),
(505, '2025-08-30', 2700.00, '2025-08-30 13:32:58', '2025-08-30 13:32:58'),
(506, '2025-08-30', 2000.00, '2025-08-30 13:33:03', '2025-08-30 13:33:03'),
(507, '2025-08-30', 2300.00, '2025-08-30 13:33:10', '2025-08-30 13:33:10'),
(508, '2025-08-30', 2000.00, '2025-08-30 13:33:38', '2025-08-30 13:33:38'),
(509, '2025-08-30', 2000.00, '2025-08-30 13:33:43', '2025-08-30 13:33:43'),
(510, '2025-08-30', 3000.00, '2025-08-30 13:34:17', '2025-08-30 13:34:17'),
(511, '2025-08-30', 3000.00, '2025-08-30 13:34:30', '2025-08-30 13:34:30'),
(512, '2025-08-30', 3000.00, '2025-08-30 13:34:39', '2025-08-30 13:34:39'),
(513, '2025-08-30', 2000.00, '2025-08-30 13:37:16', '2025-08-30 13:37:16'),
(514, '2025-08-30', 3000.00, '2025-08-30 13:37:43', '2025-08-30 13:37:43'),
(515, '2025-08-30', 1000.00, '2025-08-30 13:38:34', '2025-08-30 13:38:34'),
(516, '2025-08-30', 2000.00, '2025-08-30 13:39:30', '2025-08-30 13:39:30'),
(517, '2025-08-30', 4200.00, '2025-08-30 13:40:03', '2025-08-30 13:40:03'),
(518, '2025-08-30', 2000.00, '2025-08-30 13:43:20', '2025-08-30 13:43:20'),
(519, '2025-08-30', 2000.00, '2025-08-30 13:43:29', '2025-08-30 13:43:29'),
(520, '2025-08-30', 2000.00, '2025-08-30 13:45:56', '2025-08-30 13:45:56'),
(521, '2025-08-30', 3000.00, '2025-08-30 13:46:06', '2025-08-30 13:46:06'),
(522, '2025-08-30', 3000.00, '2025-08-30 13:50:25', '2025-08-30 13:50:25'),
(523, '2025-08-30', 2000.00, '2025-08-30 13:51:46', '2025-08-30 13:51:46'),
(524, '2025-08-30', 2000.00, '2025-08-30 13:54:10', '2025-08-30 13:54:10'),
(525, '2025-08-30', 1000.00, '2025-08-30 14:10:36', '2025-08-30 14:10:36'),
(526, '2025-08-30', 6000.00, '2025-08-30 14:30:46', '2025-08-30 14:30:46'),
(527, '2025-08-30', 2000.00, '2025-08-30 14:30:58', '2025-08-30 14:30:58'),
(528, '2025-08-30', 3000.00, '2025-08-30 14:31:20', '2025-08-30 14:31:20'),
(529, '2025-08-30', 2000.00, '2025-08-30 14:35:34', '2025-08-30 14:35:34'),
(530, '2025-08-30', 2000.00, '2025-08-30 14:35:46', '2025-08-30 14:35:46'),
(531, '2025-08-30', 2000.00, '2025-08-30 15:08:50', '2025-08-30 15:08:50'),
(532, '2025-08-30', 2000.00, '2025-08-30 15:09:04', '2025-08-30 15:09:04'),
(533, '2025-08-30', 2000.00, '2025-08-30 15:09:14', '2025-08-30 15:09:14'),
(534, '2025-08-30', 2000.00, '2025-08-30 15:29:56', '2025-08-30 15:29:56'),
(535, '2025-08-30', 3000.00, '2025-08-30 16:24:06', '2025-08-30 16:24:06'),
(536, '2025-08-30', 2000.00, '2025-08-30 16:24:15', '2025-08-30 16:24:15'),
(537, '2025-08-30', 1700.00, '2025-08-30 16:24:26', '2025-08-30 16:24:26'),
(538, '2025-08-31', 2000.00, '2025-08-31 04:43:20', '2025-08-31 04:43:20'),
(539, '2025-08-31', 3000.00, '2025-08-31 04:43:28', '2025-08-31 04:43:28'),
(540, '2025-08-31', 2000.00, '2025-08-31 04:43:38', '2025-08-31 04:43:38'),
(541, '2025-08-31', 2000.00, '2025-08-31 04:43:46', '2025-08-31 04:43:46'),
(542, '2025-08-31', 2000.00, '2025-08-31 04:43:57', '2025-08-31 04:43:57'),
(543, '2025-08-31', 2000.00, '2025-08-31 04:44:07', '2025-08-31 04:44:07'),
(544, '2025-08-31', 3000.00, '2025-08-31 04:44:19', '2025-08-31 04:44:19'),
(545, '2025-08-31', 2000.00, '2025-08-31 04:44:29', '2025-08-31 04:44:29'),
(546, '2025-08-31', 3000.00, '2025-08-31 04:46:19', '2025-08-31 04:46:19'),
(547, '2025-08-31', 2000.00, '2025-08-31 04:46:27', '2025-08-31 04:46:27'),
(548, '2025-08-31', 3000.00, '2025-08-31 04:46:35', '2025-08-31 04:46:35'),
(549, '2025-08-31', 3000.00, '2025-08-31 04:47:08', '2025-08-31 04:47:08'),
(550, '2025-08-31', 2000.00, '2025-08-31 04:47:51', '2025-08-31 04:47:51'),
(551, '2025-08-31', 2000.00, '2025-08-31 04:48:07', '2025-08-31 04:48:07'),
(552, '2025-08-31', 3000.00, '2025-08-31 04:48:45', '2025-08-31 04:48:45'),
(553, '2025-08-31', 3000.00, '2025-08-31 04:49:37', '2025-08-31 04:49:37'),
(554, '2025-08-31', 2000.00, '2025-08-31 06:12:12', '2025-08-31 06:12:12'),
(555, '2025-08-31', 3000.00, '2025-08-31 06:12:23', '2025-08-31 06:12:23'),
(556, '2025-08-31', 2000.00, '2025-08-31 06:12:31', '2025-08-31 06:12:31'),
(557, '2025-08-31', 2000.00, '2025-08-31 06:12:49', '2025-08-31 06:12:49'),
(558, '2025-08-31', 3000.00, '2025-08-31 06:13:20', '2025-08-31 06:13:20'),
(559, '2025-08-31', 6300.00, '2025-08-31 06:14:21', '2025-08-31 06:14:21'),
(560, '2025-08-31', 3000.00, '2025-08-31 06:14:55', '2025-08-31 06:14:55'),
(561, '2025-08-31', 3000.00, '2025-08-31 06:24:25', '2025-08-31 06:24:25'),
(562, '2025-08-31', 1000.00, '2025-08-31 06:24:35', '2025-08-31 06:24:35'),
(563, '2025-08-31', 2000.00, '2025-08-31 06:29:29', '2025-08-31 06:29:29'),
(564, '2025-08-31', 1000.00, '2025-08-31 06:29:36', '2025-08-31 06:29:36'),
(565, '2025-08-31', 20700.00, '2025-08-31 13:09:32', '2025-08-31 13:09:32'),
(566, '2025-08-31', 2000.00, '2025-08-31 13:16:14', '2025-08-31 13:16:14'),
(567, '2025-08-31', 2000.00, '2025-08-31 13:16:37', '2025-08-31 13:16:37'),
(568, '2025-08-31', 3000.00, '2025-08-31 13:16:45', '2025-08-31 13:16:45'),
(569, '2025-08-31', 2000.00, '2025-08-31 13:16:53', '2025-08-31 13:16:53'),
(570, '2025-08-31', 3000.00, '2025-08-31 13:17:29', '2025-08-31 13:17:29'),
(571, '2025-08-31', 2000.00, '2025-08-31 13:17:40', '2025-08-31 13:17:40'),
(572, '2025-08-31', 2000.00, '2025-08-31 13:17:46', '2025-08-31 13:17:46'),
(573, '2025-08-31', 2000.00, '2025-08-31 13:18:02', '2025-08-31 13:18:02'),
(574, '2025-08-31', 2000.00, '2025-08-31 13:18:08', '2025-08-31 13:18:08'),
(575, '2025-08-31', 2000.00, '2025-08-31 13:18:21', '2025-08-31 13:18:21'),
(576, '2025-08-31', 2000.00, '2025-08-31 13:18:29', '2025-08-31 13:18:29'),
(577, '2025-08-31', 2000.00, '2025-08-31 13:18:38', '2025-08-31 13:18:38'),
(578, '2025-08-31', 2000.00, '2025-08-31 13:18:48', '2025-08-31 13:18:48'),
(579, '2025-08-31', 2000.00, '2025-08-31 13:19:08', '2025-08-31 13:19:08'),
(580, '2025-08-31', 2000.00, '2025-08-31 13:19:17', '2025-08-31 13:19:17'),
(581, '2025-08-31', 3000.00, '2025-08-31 13:19:26', '2025-08-31 13:19:26'),
(582, '2025-08-31', 2000.00, '2025-08-31 13:19:39', '2025-08-31 13:19:39'),
(583, '2025-08-31', 2000.00, '2025-08-31 13:20:18', '2025-08-31 13:20:18'),
(584, '2025-08-31', 2000.00, '2025-08-31 13:20:26', '2025-08-31 13:20:26'),
(585, '2025-08-31', 2000.00, '2025-08-31 13:20:35', '2025-08-31 13:20:35'),
(586, '2025-08-31', 2000.00, '2025-08-31 13:20:52', '2025-08-31 13:20:52'),
(587, '2025-08-31', 2000.00, '2025-08-31 13:21:03', '2025-08-31 13:21:03'),
(588, '2025-08-31', 2000.00, '2025-08-31 13:21:58', '2025-08-31 13:21:58'),
(589, '2025-08-31', 2000.00, '2025-08-31 13:22:04', '2025-08-31 13:22:04'),
(590, '2025-08-31', 3000.00, '2025-08-31 13:22:31', '2025-08-31 13:22:31'),
(591, '2025-08-31', 3000.00, '2025-08-31 13:23:09', '2025-08-31 13:23:09'),
(592, '2025-08-31', 3000.00, '2025-08-31 13:23:19', '2025-08-31 13:23:19'),
(593, '2025-08-31', 3000.00, '2025-08-31 13:23:27', '2025-08-31 13:23:27'),
(594, '2025-08-31', 3000.00, '2025-08-31 13:23:43', '2025-08-31 13:23:43'),
(595, '2025-08-31', 3000.00, '2025-08-31 13:23:52', '2025-08-31 13:23:52'),
(596, '2025-08-31', 3000.00, '2025-08-31 13:24:02', '2025-08-31 13:24:02'),
(597, '2025-08-31', 3000.00, '2025-08-31 13:24:39', '2025-08-31 13:24:39'),
(598, '2025-08-31', 3000.00, '2025-08-31 13:26:00', '2025-08-31 13:26:00'),
(599, '2025-08-31', 2000.00, '2025-08-31 13:26:24', '2025-08-31 13:26:24'),
(600, '2025-08-31', 1700.00, '2025-08-31 13:35:02', '2025-08-31 13:35:02'),
(601, '2025-08-31', 2000.00, '2025-08-31 13:35:44', '2025-08-31 13:35:44'),
(602, '2025-08-31', 2000.00, '2025-08-31 13:36:08', '2025-08-31 13:36:08'),
(603, '2025-08-31', 2000.00, '2025-08-31 13:37:40', '2025-08-31 13:37:40'),
(604, '2025-08-31', 2000.00, '2025-08-31 13:40:30', '2025-08-31 13:40:30'),
(605, '2025-09-01', 2000.00, '2025-09-01 13:41:34', '2025-09-01 13:41:34'),
(606, '2025-09-01', 3000.00, '2025-09-01 13:43:14', '2025-09-01 13:43:14'),
(607, '2025-09-01', 2000.00, '2025-09-01 13:43:37', '2025-09-01 13:43:37'),
(608, '2025-09-01', 2000.00, '2025-09-01 13:44:08', '2025-09-01 13:44:08'),
(609, '2025-09-01', 2000.00, '2025-09-01 13:44:22', '2025-09-01 13:44:22'),
(610, '2025-09-01', 3000.00, '2025-09-01 13:47:38', '2025-09-01 13:47:38'),
(611, '2025-09-01', 2000.00, '2025-09-01 15:38:10', '2025-09-01 15:38:10'),
(612, '2025-09-01', 2000.00, '2025-09-01 15:38:20', '2025-09-01 15:38:20'),
(613, '2025-09-01', 3000.00, '2025-09-01 15:38:32', '2025-09-01 15:38:32'),
(614, '2025-09-01', 2000.00, '2025-09-01 15:38:43', '2025-09-01 15:38:43'),
(615, '2025-09-01', 3000.00, '2025-09-01 15:39:24', '2025-09-01 15:39:24'),
(616, '2025-09-01', 3000.00, '2025-09-01 15:39:37', '2025-09-01 15:39:37'),
(617, '2025-09-01', 2000.00, '2025-09-01 15:40:12', '2025-09-01 15:40:12'),
(618, '2025-09-01', 2000.00, '2025-09-01 15:40:28', '2025-09-01 15:40:28'),
(619, '2025-09-01', 2000.00, '2025-09-01 15:40:48', '2025-09-01 15:40:48'),
(620, '2025-09-01', 3000.00, '2025-09-01 15:41:23', '2025-09-01 15:41:23'),
(621, '2025-09-01', 2000.00, '2025-09-01 15:41:37', '2025-09-01 15:41:37'),
(622, '2025-09-01', 2000.00, '2025-09-01 15:41:45', '2025-09-01 15:41:45'),
(623, '2025-09-01', 2000.00, '2025-09-01 15:42:01', '2025-09-01 15:42:01'),
(624, '2025-09-01', 3000.00, '2025-09-01 15:42:32', '2025-09-01 15:42:32'),
(625, '2025-09-01', 3000.00, '2025-09-01 15:42:40', '2025-09-01 15:42:40'),
(626, '2025-09-01', 3000.00, '2025-09-01 15:42:47', '2025-09-01 15:42:47'),
(627, '2025-09-01', 2000.00, '2025-09-01 15:42:54', '2025-09-01 15:42:54'),
(628, '2025-09-01', 3000.00, '2025-09-01 15:43:03', '2025-09-01 15:43:03'),
(629, '2025-09-01', 3000.00, '2025-09-01 15:43:09', '2025-09-01 15:43:09'),
(630, '2025-09-01', 2000.00, '2025-09-01 15:43:55', '2025-09-01 15:43:55'),
(631, '2025-09-01', 2000.00, '2025-09-01 15:44:10', '2025-09-01 15:44:10'),
(632, '2025-09-01', 2000.00, '2025-09-01 15:44:21', '2025-09-01 15:44:21'),
(633, '2025-09-01', 2000.00, '2025-09-01 15:44:27', '2025-09-01 15:44:27'),
(634, '2025-09-01', 2000.00, '2025-09-01 15:45:47', '2025-09-01 15:45:47'),
(635, '2025-09-01', 3000.00, '2025-09-01 15:45:55', '2025-09-01 15:45:55'),
(636, '2025-09-01', 3000.00, '2025-09-01 15:46:11', '2025-09-01 15:46:11'),
(637, '2025-09-01', 2000.00, '2025-09-01 15:46:20', '2025-09-01 15:46:20'),
(638, '2025-09-01', 3000.00, '2025-09-01 15:46:35', '2025-09-01 15:46:35'),
(639, '2025-09-01', 3000.00, '2025-09-01 15:46:58', '2025-09-01 15:46:58'),
(640, '2025-09-01', 3000.00, '2025-09-01 15:47:06', '2025-09-01 15:47:06'),
(641, '2025-09-01', 2000.00, '2025-09-01 15:47:14', '2025-09-01 15:47:14'),
(642, '2025-09-01', 2000.00, '2025-09-01 15:47:22', '2025-09-01 15:47:22'),
(643, '2025-09-01', 2000.00, '2025-09-01 15:47:33', '2025-09-01 15:47:33'),
(644, '2025-09-01', 2000.00, '2025-09-01 15:47:43', '2025-09-01 15:47:43'),
(645, '2025-09-01', 2000.00, '2025-09-01 15:47:57', '2025-09-01 15:47:57'),
(646, '2025-09-01', 2000.00, '2025-09-01 15:51:14', '2025-09-01 15:51:14'),
(647, '2025-09-01', 2000.00, '2025-09-01 15:51:21', '2025-09-01 15:51:21'),
(648, '2025-09-01', 3000.00, '2025-09-01 15:52:09', '2025-09-01 15:52:09'),
(649, '2025-09-01', 2000.00, '2025-09-01 15:52:18', '2025-09-01 15:52:18'),
(650, '2025-09-01', 3000.00, '2025-09-01 15:54:57', '2025-09-01 15:54:57'),
(651, '2025-09-01', 3000.00, '2025-09-01 15:55:27', '2025-09-01 15:55:27'),
(652, '2025-09-01', 3000.00, '2025-09-01 15:55:39', '2025-09-01 15:55:39'),
(653, '2025-09-01', 3000.00, '2025-09-01 15:56:49', '2025-09-01 15:56:49'),
(654, '2025-09-01', 3000.00, '2025-09-01 15:57:12', '2025-09-01 15:57:12'),
(655, '2025-09-01', 3000.00, '2025-09-01 15:57:20', '2025-09-01 15:57:20'),
(656, '2025-09-01', 3000.00, '2025-09-01 15:57:33', '2025-09-01 15:57:33'),
(657, '2025-09-01', 3000.00, '2025-09-01 15:57:50', '2025-09-01 15:57:50'),
(658, '2025-09-01', 3000.00, '2025-09-01 15:58:02', '2025-09-01 15:58:02'),
(659, '2025-09-01', 3000.00, '2025-09-01 15:58:51', '2025-09-01 15:58:51'),
(660, '2025-09-01', 3000.00, '2025-09-01 15:59:52', '2025-09-01 15:59:52'),
(661, '2025-09-01', 2000.00, '2025-09-01 16:02:27', '2025-09-01 16:02:27'),
(662, '2025-09-01', 2000.00, '2025-09-01 16:02:35', '2025-09-01 16:02:35'),
(663, '2025-09-01', 3000.00, '2025-09-01 16:02:46', '2025-09-01 16:02:46'),
(664, '2025-09-01', 2000.00, '2025-09-01 16:02:54', '2025-09-01 16:02:54'),
(665, '2025-09-01', 2000.00, '2025-09-01 16:06:40', '2025-09-01 16:06:40'),
(666, '2025-09-01', 2000.00, '2025-09-01 16:06:55', '2025-09-01 16:06:55'),
(667, '2025-09-01', 2000.00, '2025-09-01 16:07:01', '2025-09-01 16:07:01'),
(668, '2025-09-01', 2000.00, '2025-09-01 16:07:10', '2025-09-01 16:07:10'),
(669, '2025-09-01', 2000.00, '2025-09-01 16:07:20', '2025-09-01 16:07:20'),
(670, '2025-09-01', 3000.00, '2025-09-01 16:07:40', '2025-09-01 16:07:40'),
(671, '2025-09-01', 3000.00, '2025-09-01 16:07:46', '2025-09-01 16:07:46'),
(672, '2025-09-01', 2000.00, '2025-09-01 16:07:56', '2025-09-01 16:07:56'),
(673, '2025-09-01', 2000.00, '2025-09-01 16:08:02', '2025-09-01 16:08:02'),
(674, '2025-09-01', 2000.00, '2025-09-01 16:08:11', '2025-09-01 16:08:11'),
(675, '2025-09-01', 45000.00, '2025-09-01 16:12:03', '2025-09-01 16:12:03');
INSERT INTO `incomes` (`id`, `date`, `amount`, `created_at`, `updated_at`) VALUES
(676, '2025-09-02', 2000.00, '2025-09-02 14:58:52', '2025-09-02 14:58:52'),
(677, '2025-09-02', 2000.00, '2025-09-02 14:59:15', '2025-09-02 14:59:15'),
(678, '2025-09-02', 2000.00, '2025-09-02 14:59:22', '2025-09-02 14:59:22'),
(679, '2025-09-02', 2000.00, '2025-09-02 14:59:30', '2025-09-02 14:59:30'),
(680, '2025-09-02', 2000.00, '2025-09-02 14:59:37', '2025-09-02 14:59:37'),
(681, '2025-09-02', 2000.00, '2025-09-02 14:59:56', '2025-09-02 14:59:56'),
(682, '2025-09-02', 2000.00, '2025-09-02 15:00:07', '2025-09-02 15:00:07'),
(683, '2025-09-02', 2000.00, '2025-09-02 15:00:18', '2025-09-02 15:00:18'),
(684, '2025-09-02', 3000.00, '2025-09-02 15:00:26', '2025-09-02 15:00:26'),
(685, '2025-09-02', 2000.00, '2025-09-02 15:00:33', '2025-09-02 15:00:33'),
(686, '2025-09-02', 2000.00, '2025-09-02 15:00:42', '2025-09-02 15:00:42'),
(687, '2025-09-02', 2000.00, '2025-09-02 15:00:49', '2025-09-02 15:00:49'),
(688, '2025-09-02', 2000.00, '2025-09-02 15:00:57', '2025-09-02 15:00:57'),
(689, '2025-09-02', 2000.00, '2025-09-02 15:01:04', '2025-09-02 15:01:04'),
(690, '2025-09-02', 3000.00, '2025-09-02 15:01:40', '2025-09-02 15:01:40'),
(691, '2025-09-02', 2000.00, '2025-09-02 15:01:47', '2025-09-02 15:01:47'),
(692, '2025-09-02', 3000.00, '2025-09-02 15:02:28', '2025-09-02 15:02:28'),
(693, '2025-09-02', 3000.00, '2025-09-02 15:03:02', '2025-09-02 15:03:02'),
(694, '2025-09-02', 2000.00, '2025-09-02 15:03:10', '2025-09-02 15:03:10'),
(695, '2025-09-02', 2000.00, '2025-09-02 15:03:16', '2025-09-02 15:03:16'),
(696, '2025-09-02', 2000.00, '2025-09-02 15:03:24', '2025-09-02 15:03:24'),
(697, '2025-09-02', 3000.00, '2025-09-02 15:03:44', '2025-09-02 15:03:44'),
(698, '2025-09-02', 2000.00, '2025-09-02 15:03:57', '2025-09-02 15:03:57'),
(699, '2025-09-02', 2000.00, '2025-09-02 15:04:03', '2025-09-02 15:04:03'),
(700, '2025-09-02', 3000.00, '2025-09-02 15:04:22', '2025-09-02 15:04:22'),
(701, '2025-09-02', 3000.00, '2025-09-02 15:05:59', '2025-09-02 15:05:59'),
(702, '2025-09-02', 2000.00, '2025-09-02 15:06:21', '2025-09-02 15:06:21'),
(703, '2025-09-02', 2000.00, '2025-09-02 15:06:26', '2025-09-02 15:06:26'),
(704, '2025-09-02', 3000.00, '2025-09-02 15:06:35', '2025-09-02 15:06:35'),
(705, '2025-09-02', 2000.00, '2025-09-02 15:06:46', '2025-09-02 15:06:46'),
(706, '2025-09-02', 3000.00, '2025-09-02 15:06:52', '2025-09-02 15:06:52'),
(707, '2025-09-02', 2000.00, '2025-09-02 15:07:01', '2025-09-02 15:07:01'),
(708, '2025-09-02', 2000.00, '2025-09-02 15:07:11', '2025-09-02 15:07:11'),
(709, '2025-09-02', 3000.00, '2025-09-02 15:07:24', '2025-09-02 15:07:24'),
(710, '2025-09-02', 3000.00, '2025-09-02 15:07:33', '2025-09-02 15:07:33'),
(711, '2025-09-02', 3000.00, '2025-09-02 15:07:41', '2025-09-02 15:07:41'),
(712, '2025-09-02', 3000.00, '2025-09-02 15:07:50', '2025-09-02 15:07:50'),
(713, '2025-09-02', 3000.00, '2025-09-02 15:07:59', '2025-09-02 15:07:59'),
(714, '2025-09-02', 2000.00, '2025-09-02 15:08:06', '2025-09-02 15:08:06'),
(715, '2025-09-02', 3000.00, '2025-09-02 15:08:15', '2025-09-02 15:08:15'),
(716, '2025-09-02', 3000.00, '2025-09-02 15:08:21', '2025-09-02 15:08:21'),
(717, '2025-09-02', 2000.00, '2025-09-02 15:08:30', '2025-09-02 15:08:30'),
(718, '2025-09-02', 2000.00, '2025-09-02 15:08:38', '2025-09-02 15:08:38'),
(719, '2025-09-02', 2000.00, '2025-09-02 15:08:46', '2025-09-02 15:08:46'),
(720, '2025-09-02', 2000.00, '2025-09-02 15:08:54', '2025-09-02 15:08:54'),
(721, '2025-09-02', 2000.00, '2025-09-02 15:09:01', '2025-09-02 15:09:01'),
(722, '2025-09-02', 2000.00, '2025-09-02 15:09:17', '2025-09-02 15:09:17'),
(723, '2025-09-02', 2000.00, '2025-09-02 15:09:23', '2025-09-02 15:09:23'),
(724, '2025-09-02', 2000.00, '2025-09-02 15:09:31', '2025-09-02 15:09:31'),
(725, '2025-09-02', 2000.00, '2025-09-02 15:09:53', '2025-09-02 15:09:53'),
(726, '2025-09-02', 2000.00, '2025-09-02 15:10:01', '2025-09-02 15:10:01'),
(727, '2025-09-02', 2000.00, '2025-09-02 15:10:07', '2025-09-02 15:10:07'),
(728, '2025-09-02', 3000.00, '2025-09-02 15:10:21', '2025-09-02 15:10:21'),
(729, '2025-09-02', 2000.00, '2025-09-02 15:10:31', '2025-09-02 15:10:31'),
(730, '2025-09-02', 2000.00, '2025-09-02 15:10:41', '2025-09-02 15:10:41'),
(731, '2025-09-02', 2000.00, '2025-09-02 15:10:53', '2025-09-02 15:10:53'),
(732, '2025-09-02', 2000.00, '2025-09-02 15:11:01', '2025-09-02 15:11:01'),
(733, '2025-09-02', 2000.00, '2025-09-02 15:11:07', '2025-09-02 15:11:07'),
(734, '2025-09-02', 2000.00, '2025-09-02 15:11:13', '2025-09-02 15:11:13'),
(735, '2025-09-02', 2000.00, '2025-09-02 15:11:59', '2025-09-02 15:11:59'),
(736, '2025-09-02', 2000.00, '2025-09-02 15:12:06', '2025-09-02 15:12:06'),
(737, '2025-09-02', 2000.00, '2025-09-02 15:12:13', '2025-09-02 15:12:13'),
(738, '2025-09-02', 2000.00, '2025-09-02 15:12:21', '2025-09-02 15:12:21'),
(739, '2025-09-02', 3000.00, '2025-09-02 15:12:29', '2025-09-02 15:12:29'),
(740, '2025-09-02', 2000.00, '2025-09-02 15:12:35', '2025-09-02 15:12:35'),
(741, '2025-09-02', 2000.00, '2025-09-02 15:12:42', '2025-09-02 15:12:42'),
(742, '2025-09-02', 3000.00, '2025-09-02 15:19:46', '2025-09-02 15:19:46'),
(743, '2025-09-02', 3000.00, '2025-09-02 15:19:54', '2025-09-02 15:19:54'),
(744, '2025-09-02', 3000.00, '2025-09-02 15:21:43', '2025-09-02 15:21:43'),
(745, '2025-09-02', 3000.00, '2025-09-02 15:21:51', '2025-09-02 15:21:51'),
(746, '2025-09-02', 2000.00, '2025-09-02 15:24:47', '2025-09-02 15:24:47'),
(747, '2025-09-02', 3000.00, '2025-09-02 15:25:05', '2025-09-02 15:25:05'),
(748, '2025-09-02', 3000.00, '2025-09-02 15:25:19', '2025-09-02 15:25:19'),
(749, '2025-09-02', 3000.00, '2025-09-02 15:26:42', '2025-09-02 15:26:42'),
(750, '2025-09-02', 2000.00, '2025-09-02 15:26:51', '2025-09-02 15:26:51'),
(751, '2025-09-02', 3000.00, '2025-09-02 15:27:26', '2025-09-02 15:27:26'),
(752, '2025-09-02', 3000.00, '2025-09-02 15:27:38', '2025-09-02 15:27:38'),
(753, '2025-09-02', 3000.00, '2025-09-02 15:27:59', '2025-09-02 15:27:59'),
(754, '2025-09-02', 3000.00, '2025-09-02 15:28:17', '2025-09-02 15:28:17'),
(755, '2025-09-02', 3000.00, '2025-09-02 15:28:29', '2025-09-02 15:28:29'),
(756, '2025-09-02', 3000.00, '2025-09-02 15:29:12', '2025-09-02 15:29:12'),
(757, '2025-09-02', 2000.00, '2025-09-02 15:29:20', '2025-09-02 15:29:20'),
(758, '2025-09-02', 3000.00, '2025-09-02 15:29:29', '2025-09-02 15:29:29'),
(759, '2025-09-02', 3000.00, '2025-09-02 15:29:38', '2025-09-02 15:29:38'),
(760, '2025-09-02', 3000.00, '2025-09-02 15:29:55', '2025-09-02 15:29:55'),
(761, '2025-09-02', 2000.00, '2025-09-02 15:30:06', '2025-09-02 15:30:06'),
(762, '2025-09-02', 3000.00, '2025-09-02 15:30:13', '2025-09-02 15:30:13'),
(763, '2025-09-02', 3000.00, '2025-09-02 15:30:43', '2025-09-02 15:30:43'),
(764, '2025-09-02', 2000.00, '2025-09-02 15:31:09', '2025-09-02 15:31:09'),
(765, '2025-09-02', 3000.00, '2025-09-02 15:31:17', '2025-09-02 15:31:17'),
(766, '2025-09-02', 2000.00, '2025-09-02 15:31:24', '2025-09-02 15:31:24'),
(767, '2025-09-02', 3000.00, '2025-09-02 15:31:31', '2025-09-02 15:31:31'),
(768, '2025-09-02', 2000.00, '2025-09-02 15:32:20', '2025-09-02 15:32:20'),
(769, '2025-09-02', 2000.00, '2025-09-02 15:32:37', '2025-09-02 15:32:37'),
(770, '2025-09-02', 2000.00, '2025-09-02 15:33:12', '2025-09-02 15:33:12'),
(771, '2025-09-02', 3000.00, '2025-09-02 15:33:21', '2025-09-02 15:33:21'),
(772, '2025-09-02', 3000.00, '2025-09-02 15:33:30', '2025-09-02 15:33:30'),
(773, '2025-09-02', 3000.00, '2025-09-02 15:33:43', '2025-09-02 15:33:43'),
(774, '2025-09-02', 86300.00, '2025-09-02 15:36:41', '2025-09-02 15:36:41'),
(775, '2025-09-03', 3000.00, '2025-09-03 05:15:56', '2025-09-03 05:15:56'),
(776, '2025-09-03', 2000.00, '2025-09-03 05:17:26', '2025-09-03 05:17:26'),
(777, '2025-09-03', 2000.00, '2025-09-03 05:17:48', '2025-09-03 05:17:48'),
(778, '2025-09-03', 3000.00, '2025-09-03 05:19:12', '2025-09-03 05:19:12'),
(779, '2025-09-03', 3000.00, '2025-09-03 05:19:21', '2025-09-03 05:19:21'),
(780, '2025-09-03', 2000.00, '2025-09-03 05:19:30', '2025-09-03 05:19:30'),
(781, '2025-09-03', 3000.00, '2025-09-03 05:19:54', '2025-09-03 05:19:54'),
(782, '2025-09-03', 2000.00, '2025-09-03 05:20:02', '2025-09-03 05:20:02'),
(783, '2025-09-03', 2000.00, '2025-09-03 05:20:10', '2025-09-03 05:20:10'),
(784, '2025-09-03', 2000.00, '2025-09-03 05:20:18', '2025-09-03 05:20:18'),
(785, '2025-09-03', 2000.00, '2025-09-03 05:20:24', '2025-09-03 05:20:24'),
(786, '2025-09-03', 2000.00, '2025-09-03 05:20:31', '2025-09-03 05:20:31'),
(787, '2025-09-03', 2000.00, '2025-09-03 05:20:53', '2025-09-03 05:20:53'),
(788, '2025-09-03', 3000.00, '2025-09-03 05:21:06', '2025-09-03 05:21:06'),
(789, '2025-09-03', 2000.00, '2025-09-03 05:21:13', '2025-09-03 05:21:13'),
(790, '2025-09-03', 2000.00, '2025-09-03 05:21:23', '2025-09-03 05:21:23'),
(791, '2025-09-03', 2000.00, '2025-09-03 05:21:32', '2025-09-03 05:21:32'),
(792, '2025-09-03', 2000.00, '2025-09-03 05:21:55', '2025-09-03 05:21:55'),
(793, '2025-09-03', 2000.00, '2025-09-03 05:22:06', '2025-09-03 05:22:06'),
(794, '2025-09-03', 2000.00, '2025-09-03 05:22:15', '2025-09-03 05:22:15'),
(795, '2025-09-03', 3000.00, '2025-09-03 05:22:26', '2025-09-03 05:22:26'),
(796, '2025-09-03', 2000.00, '2025-09-03 05:22:32', '2025-09-03 05:22:32'),
(797, '2025-09-03', 3000.00, '2025-09-03 05:23:23', '2025-09-03 05:23:23'),
(798, '2025-09-03', 4000.00, '2025-09-03 05:24:24', '2025-09-03 05:24:24'),
(799, '2025-09-03', 1700.00, '2025-09-03 05:25:26', '2025-09-03 05:25:26'),
(800, '2025-09-03', 2000.00, '2025-09-03 05:37:27', '2025-09-03 05:37:27'),
(801, '2025-09-03', 2000.00, '2025-09-03 05:46:16', '2025-09-03 05:46:16'),
(802, '2025-09-03', 3000.00, '2025-09-03 05:46:24', '2025-09-03 05:46:24'),
(803, '2025-09-03', 2000.00, '2025-09-03 06:53:24', '2025-09-03 06:53:24'),
(804, '2025-09-03', 2000.00, '2025-09-03 06:53:30', '2025-09-03 06:53:30'),
(805, '2025-09-03', 3000.00, '2025-09-03 06:54:51', '2025-09-03 06:54:51'),
(806, '2025-09-03', 3000.00, '2025-09-03 06:55:48', '2025-09-03 06:55:48'),
(807, '2025-09-03', 3000.00, '2025-09-03 07:00:27', '2025-09-03 07:00:27'),
(808, '2025-09-03', 1700.00, '2025-09-03 07:00:36', '2025-09-03 07:00:36'),
(809, '2025-09-03', 3000.00, '2025-09-03 07:03:34', '2025-09-03 07:03:34'),
(810, '2025-09-03', 1700.00, '2025-09-03 07:09:38', '2025-09-03 07:09:38'),
(811, '2025-09-03', 3000.00, '2025-09-03 07:37:05', '2025-09-03 07:37:05'),
(812, '2025-09-03', 1000.00, '2025-09-03 07:37:44', '2025-09-03 07:37:44'),
(813, '2025-09-03', 1000.00, '2025-09-03 07:39:22', '2025-09-03 07:39:22'),
(814, '2025-09-03', 2000.00, '2025-09-03 07:47:38', '2025-09-03 07:47:38'),
(815, '2025-09-03', 1000.00, '2025-09-03 08:07:17', '2025-09-03 08:07:17'),
(816, '2025-09-03', 3000.00, '2025-09-03 08:42:11', '2025-09-03 08:42:11'),
(817, '2025-09-03', 2000.00, '2025-09-03 09:22:19', '2025-09-03 09:22:19'),
(818, '2025-09-03', 3000.00, '2025-09-03 09:32:18', '2025-09-03 09:32:18'),
(819, '2025-09-03', 2000.00, '2025-09-03 09:34:09', '2025-09-03 09:34:09'),
(820, '2025-09-03', 3000.00, '2025-09-03 09:35:00', '2025-09-03 09:35:00'),
(821, '2025-09-03', 3000.00, '2025-09-03 09:53:18', '2025-09-03 09:53:18'),
(822, '2025-09-03', 1000.00, '2025-09-03 09:54:01', '2025-09-03 09:54:01'),
(823, '2025-09-03', 1000.00, '2025-09-03 09:54:11', '2025-09-03 09:54:11'),
(824, '2025-09-03', 1000.00, '2025-09-03 09:54:22', '2025-09-03 09:54:22'),
(825, '2025-09-03', 2000.00, '2025-09-03 10:01:16', '2025-09-03 10:01:16'),
(826, '2025-09-03', 1700.00, '2025-09-03 10:05:43', '2025-09-03 10:05:43'),
(827, '2025-09-03', 3700.00, '2025-09-03 10:05:53', '2025-09-03 10:05:53'),
(828, '2025-09-03', 2000.00, '2025-09-03 10:31:13', '2025-09-03 10:31:13'),
(829, '2025-09-03', 3000.00, '2025-09-03 10:31:59', '2025-09-03 10:31:59'),
(830, '2025-09-03', 2000.00, '2025-09-03 10:40:40', '2025-09-03 10:40:40'),
(831, '2025-09-03', 1000.00, '2025-09-03 10:46:58', '2025-09-03 10:46:58'),
(832, '2025-09-03', 2300.00, '2025-09-03 10:54:19', '2025-09-03 10:54:19'),
(833, '2025-09-03', 2000.00, '2025-09-03 11:21:14', '2025-09-03 11:21:14'),
(834, '2025-09-03', 2000.00, '2025-09-03 11:21:40', '2025-09-03 11:21:40'),
(835, '2025-09-03', 3000.00, '2025-09-03 11:28:05', '2025-09-03 11:28:05'),
(836, '2025-09-03', 2000.00, '2025-09-03 11:28:19', '2025-09-03 11:28:19'),
(837, '2025-09-03', 2000.00, '2025-09-03 11:28:38', '2025-09-03 11:28:38'),
(838, '2025-09-03', 3000.00, '2025-09-03 11:57:32', '2025-09-03 11:57:32'),
(839, '2025-09-03', 3000.00, '2025-09-03 11:57:45', '2025-09-03 11:57:45'),
(840, '2025-09-03', 3000.00, '2025-09-03 11:58:09', '2025-09-03 11:58:09'),
(841, '2025-09-03', 2000.00, '2025-09-03 11:58:44', '2025-09-03 11:58:44'),
(842, '2025-09-03', 2000.00, '2025-09-03 11:59:07', '2025-09-03 11:59:07'),
(843, '2025-09-03', 1000.00, '2025-09-03 11:59:20', '2025-09-03 11:59:20'),
(844, '2025-09-03', 2000.00, '2025-09-03 12:02:18', '2025-09-03 12:02:18'),
(845, '2025-09-03', 1000.00, '2025-09-03 12:03:00', '2025-09-03 12:03:00'),
(846, '2025-09-03', 3000.00, '2025-09-03 12:54:23', '2025-09-03 12:54:23'),
(847, '2025-09-03', 3000.00, '2025-09-03 12:54:47', '2025-09-03 12:54:47'),
(848, '2025-09-03', 2000.00, '2025-09-03 12:55:52', '2025-09-03 12:55:52'),
(849, '2025-09-03', 2000.00, '2025-09-03 12:56:04', '2025-09-03 12:56:04'),
(850, '2025-09-03', 3000.00, '2025-09-03 12:56:12', '2025-09-03 12:56:12'),
(851, '2025-09-03', 2000.00, '2025-09-03 12:56:28', '2025-09-03 12:56:28'),
(852, '2025-09-03', 2000.00, '2025-09-03 12:56:34', '2025-09-03 12:56:34'),
(853, '2025-09-03', 2000.00, '2025-09-03 12:56:41', '2025-09-03 12:56:41'),
(854, '2025-09-03', 8400.00, '2025-09-03 12:57:20', '2025-09-03 12:57:20'),
(855, '2025-09-03', 1000.00, '2025-09-03 13:02:40', '2025-09-03 13:02:40'),
(856, '2025-09-03', 2000.00, '2025-09-03 13:02:56', '2025-09-03 13:02:56'),
(857, '2025-09-03', 2000.00, '2025-09-03 13:03:13', '2025-09-03 13:03:13'),
(858, '2025-09-03', 3000.00, '2025-09-03 13:19:16', '2025-09-03 13:19:16'),
(859, '2025-09-03', 1000.00, '2025-09-03 13:19:30', '2025-09-03 13:19:30'),
(860, '2025-09-03', 2000.00, '2025-09-03 13:20:22', '2025-09-03 13:20:22'),
(861, '2025-09-03', 2000.00, '2025-09-03 13:25:37', '2025-09-03 13:25:37'),
(862, '2025-09-03', 8600.00, '2025-09-03 13:28:26', '2025-09-03 13:28:26'),
(863, '2025-09-03', 3000.00, '2025-09-03 13:28:37', '2025-09-03 13:28:37'),
(864, '2025-09-03', 2000.00, '2025-09-03 15:28:18', '2025-09-03 15:28:18'),
(865, '2025-09-03', 2000.00, '2025-09-03 15:29:01', '2025-09-03 15:29:01'),
(866, '2025-09-03', 2000.00, '2025-09-03 15:29:07', '2025-09-03 15:29:07'),
(867, '2025-09-03', 3000.00, '2025-09-03 15:29:29', '2025-09-03 15:29:29'),
(868, '2025-09-03', 2000.00, '2025-09-03 15:29:51', '2025-09-03 15:29:51'),
(869, '2025-09-03', 2000.00, '2025-09-03 15:29:59', '2025-09-03 15:29:59'),
(870, '2025-09-03', 2000.00, '2025-09-03 15:30:07', '2025-09-03 15:30:07'),
(871, '2025-09-04', 2000.00, '2025-09-04 05:45:05', '2025-09-04 05:45:05'),
(872, '2025-09-04', 3000.00, '2025-09-04 05:45:47', '2025-09-04 05:45:47'),
(873, '2025-09-04', 2000.00, '2025-09-04 05:46:17', '2025-09-04 05:46:17'),
(874, '2025-09-04', 3000.00, '2025-09-04 05:46:56', '2025-09-04 05:46:56'),
(875, '2025-09-04', 2000.00, '2025-09-04 05:47:26', '2025-09-04 05:47:26'),
(876, '2025-09-04', 2000.00, '2025-09-04 05:47:48', '2025-09-04 05:47:48'),
(877, '2025-09-04', 2000.00, '2025-09-04 05:48:19', '2025-09-04 05:48:19'),
(878, '2025-09-04', 3000.00, '2025-09-04 05:48:42', '2025-09-04 05:48:42'),
(879, '2025-09-04', 3000.00, '2025-09-04 05:49:09', '2025-09-04 05:49:09'),
(880, '2025-09-04', 2000.00, '2025-09-04 05:49:50', '2025-09-04 05:49:50'),
(881, '2025-09-04', 1000.00, '2025-09-04 05:52:59', '2025-09-04 05:52:59'),
(882, '2025-09-04', 1000.00, '2025-09-04 05:53:18', '2025-09-04 05:53:18'),
(883, '2025-09-04', 2000.00, '2025-09-04 05:53:40', '2025-09-04 05:53:40'),
(884, '2025-09-04', 1700.00, '2025-09-04 05:53:52', '2025-09-04 05:53:52'),
(885, '2025-09-04', 1700.00, '2025-09-04 05:54:04', '2025-09-04 05:54:04'),
(886, '2025-09-04', 1700.00, '2025-09-04 05:54:17', '2025-09-04 05:54:17'),
(887, '2025-09-04', 2000.00, '2025-09-04 05:55:09', '2025-09-04 05:55:09'),
(888, '2025-09-04', 3000.00, '2025-09-04 05:56:13', '2025-09-04 05:56:13'),
(889, '2025-09-04', 1000.00, '2025-09-04 06:08:04', '2025-09-04 06:08:04'),
(890, '2025-09-04', 1000.00, '2025-09-04 06:08:13', '2025-09-04 06:08:13'),
(891, '2025-09-04', 3000.00, '2025-09-04 06:09:07', '2025-09-04 06:09:07'),
(892, '2025-09-04', 3000.00, '2025-09-04 06:09:27', '2025-09-04 06:09:27'),
(893, '2025-09-04', 2000.00, '2025-09-04 06:09:49', '2025-09-04 06:09:49'),
(894, '2025-09-04', 3000.00, '2025-09-04 06:10:06', '2025-09-04 06:10:06'),
(895, '2025-09-04', 3000.00, '2025-09-04 06:10:34', '2025-09-04 06:10:34'),
(896, '2025-09-04', 2000.00, '2025-09-04 06:10:55', '2025-09-04 06:10:55'),
(897, '2025-09-04', 3000.00, '2025-09-04 06:14:14', '2025-09-04 06:14:14'),
(898, '2025-09-04', 3000.00, '2025-09-04 06:14:53', '2025-09-04 06:14:53'),
(899, '2025-09-04', 1200.00, '2025-09-04 07:22:25', '2025-09-04 07:22:25'),
(900, '2025-09-04', 3000.00, '2025-09-04 07:47:03', '2025-09-04 07:47:03'),
(901, '2025-09-04', 1700.00, '2025-09-04 07:47:18', '2025-09-04 07:47:18'),
(902, '2025-09-04', 3000.00, '2025-09-04 07:57:05', '2025-09-04 07:57:05'),
(903, '2025-09-04', 2000.00, '2025-09-04 08:09:50', '2025-09-04 08:09:50'),
(904, '2025-09-04', 1200.00, '2025-09-04 08:10:09', '2025-09-04 08:10:09'),
(905, '2025-09-04', 2000.00, '2025-09-04 08:16:51', '2025-09-04 08:16:51'),
(906, '2025-09-04', 1000.00, '2025-09-04 08:18:38', '2025-09-04 08:18:38'),
(907, '2025-09-04', 2000.00, '2025-09-04 08:18:51', '2025-09-04 08:18:51'),
(908, '2025-09-04', 2000.00, '2025-09-04 08:22:38', '2025-09-04 08:22:38'),
(909, '2025-09-04', 3000.00, '2025-09-04 09:53:36', '2025-09-04 09:53:36'),
(910, '2025-09-04', 3000.00, '2025-09-04 09:54:51', '2025-09-04 09:54:51'),
(911, '2025-09-04', 2000.00, '2025-09-04 10:59:39', '2025-09-04 10:59:39'),
(912, '2025-09-04', 3000.00, '2025-09-04 11:07:18', '2025-09-04 11:07:18'),
(913, '2025-09-04', 2000.00, '2025-09-04 11:10:11', '2025-09-04 11:10:11'),
(914, '2025-09-04', 2000.00, '2025-09-04 11:14:47', '2025-09-04 11:14:47'),
(915, '2025-09-04', 2000.00, '2025-09-04 11:15:05', '2025-09-04 11:15:05'),
(916, '2025-09-04', 3000.00, '2025-09-04 11:16:08', '2025-09-04 11:16:08'),
(917, '2025-09-04', 2000.00, '2025-09-04 11:16:34', '2025-09-04 11:16:34'),
(918, '2025-09-04', 2000.00, '2025-09-04 11:16:47', '2025-09-04 11:16:47'),
(919, '2025-09-04', 1000.00, '2025-09-04 11:17:06', '2025-09-04 11:17:06'),
(920, '2025-09-04', 1000.00, '2025-09-04 11:17:15', '2025-09-04 11:17:15'),
(921, '2025-09-04', 1700.00, '2025-09-04 11:17:34', '2025-09-04 11:17:34'),
(922, '2025-09-04', 3000.00, '2025-09-04 11:18:21', '2025-09-04 11:18:21'),
(923, '2025-09-04', 2300.00, '2025-09-04 11:21:22', '2025-09-04 11:21:22'),
(924, '2025-09-04', 2000.00, '2025-09-04 11:30:38', '2025-09-04 11:30:38'),
(925, '2025-09-04', 2000.00, '2025-09-04 12:06:02', '2025-09-04 12:06:02'),
(926, '2025-09-04', 2000.00, '2025-09-04 12:12:27', '2025-09-04 12:12:27'),
(927, '2025-09-04', 3000.00, '2025-09-04 12:13:05', '2025-09-04 12:13:05'),
(928, '2025-09-04', 3000.00, '2025-09-04 12:14:10', '2025-09-04 12:14:10'),
(929, '2025-09-04', 3000.00, '2025-09-04 12:14:25', '2025-09-04 12:14:25'),
(930, '2025-09-04', 3000.00, '2025-09-04 12:14:35', '2025-09-04 12:14:35'),
(931, '2025-09-04', 3000.00, '2025-09-04 12:14:47', '2025-09-04 12:14:47'),
(932, '2025-09-04', 2000.00, '2025-09-04 12:17:11', '2025-09-04 12:17:11'),
(933, '2025-09-04', 3000.00, '2025-09-04 12:21:36', '2025-09-04 12:21:36'),
(934, '2025-09-04', 3000.00, '2025-09-04 12:23:14', '2025-09-04 12:23:14'),
(935, '2025-09-04', 2000.00, '2025-09-04 12:23:22', '2025-09-04 12:23:22'),
(936, '2025-09-04', 3000.00, '2025-09-04 12:25:19', '2025-09-04 12:25:19'),
(937, '2025-09-04', 1000.00, '2025-09-04 12:26:33', '2025-09-04 12:26:33'),
(938, '2025-09-04', 2000.00, '2025-09-04 12:30:15', '2025-09-04 12:30:15'),
(939, '2025-09-04', 1000.00, '2025-09-04 12:30:24', '2025-09-04 12:30:24'),
(940, '2025-09-04', 1000.00, '2025-09-04 13:59:45', '2025-09-04 13:59:45'),
(941, '2025-09-04', 2000.00, '2025-09-04 14:00:13', '2025-09-04 14:00:13'),
(942, '2025-09-04', 3000.00, '2025-09-04 14:07:19', '2025-09-04 14:07:19'),
(943, '2025-09-04', 3000.00, '2025-09-04 14:07:32', '2025-09-04 14:07:32'),
(944, '2025-09-04', 3000.00, '2025-09-04 14:07:46', '2025-09-04 14:07:46'),
(945, '2025-09-04', 3000.00, '2025-09-04 14:08:11', '2025-09-04 14:08:11'),
(946, '2025-09-04', 2000.00, '2025-09-04 14:08:20', '2025-09-04 14:08:20'),
(947, '2025-09-04', 3000.00, '2025-09-04 14:08:49', '2025-09-04 14:08:49'),
(948, '2025-09-04', 2000.00, '2025-09-04 14:10:03', '2025-09-04 14:10:03'),
(949, '2025-09-04', 3000.00, '2025-09-04 14:10:20', '2025-09-04 14:10:20'),
(950, '2025-09-04', 2000.00, '2025-09-04 14:10:31', '2025-09-04 14:10:31'),
(951, '2025-09-04', 2000.00, '2025-09-04 14:10:42', '2025-09-04 14:10:42'),
(952, '2025-09-04', 2000.00, '2025-09-04 15:08:58', '2025-09-04 15:08:58'),
(953, '2025-09-04', 3000.00, '2025-09-04 15:09:25', '2025-09-04 15:09:25'),
(954, '2025-09-04', 2000.00, '2025-09-04 15:09:36', '2025-09-04 15:09:36'),
(955, '2025-09-05', 2000.00, '2025-09-05 04:27:06', '2025-09-05 04:27:06'),
(956, '2025-09-05', 2000.00, '2025-09-05 05:18:30', '2025-09-05 05:18:30'),
(957, '2025-09-05', 3000.00, '2025-09-05 05:18:51', '2025-09-05 05:18:51'),
(958, '2025-09-05', 1700.00, '2025-09-05 05:19:07', '2025-09-05 05:19:07'),
(959, '2025-09-05', 1000.00, '2025-09-05 05:19:20', '2025-09-05 05:19:20'),
(960, '2025-09-05', 3000.00, '2025-09-05 05:32:42', '2025-09-05 05:32:42'),
(961, '2025-09-05', 3000.00, '2025-09-05 06:27:18', '2025-09-05 06:27:18'),
(962, '2025-09-05', 3000.00, '2025-09-05 09:19:14', '2025-09-05 09:19:14'),
(963, '2025-09-05', 2000.00, '2025-09-05 09:20:05', '2025-09-05 09:20:05'),
(964, '2025-09-05', 3000.00, '2025-09-05 09:22:53', '2025-09-05 09:22:53'),
(965, '2025-09-05', 2000.00, '2025-09-05 09:33:12', '2025-09-05 09:33:12'),
(966, '2025-09-05', 3000.00, '2025-09-05 09:33:52', '2025-09-05 09:33:52'),
(967, '2025-09-05', 3000.00, '2025-09-05 09:36:08', '2025-09-05 09:36:08'),
(968, '2025-09-05', 2000.00, '2025-09-05 09:44:35', '2025-09-05 09:44:35'),
(969, '2025-09-05', 2000.00, '2025-09-05 09:49:43', '2025-09-05 09:49:43'),
(970, '2025-09-05', 1000.00, '2025-09-05 09:50:07', '2025-09-05 09:50:07'),
(971, '2025-09-05', 2000.00, '2025-09-05 09:50:30', '2025-09-05 09:50:30'),
(972, '2025-09-05', 1000.00, '2025-09-05 10:11:13', '2025-09-05 10:11:13'),
(973, '2025-09-05', 2000.00, '2025-09-05 12:03:42', '2025-09-05 12:03:42'),
(974, '2025-09-05', 3000.00, '2025-09-05 12:04:05', '2025-09-05 12:04:05'),
(975, '2025-09-05', 2000.00, '2025-09-05 12:04:15', '2025-09-05 12:04:15'),
(976, '2025-09-05', 3000.00, '2025-09-05 12:04:23', '2025-09-05 12:04:23'),
(977, '2025-09-05', 2000.00, '2025-09-05 12:05:39', '2025-09-05 12:05:39'),
(978, '2025-09-05', 2000.00, '2025-09-05 12:05:48', '2025-09-05 12:05:48'),
(979, '2025-09-05', 2000.00, '2025-09-05 12:05:54', '2025-09-05 12:05:54'),
(980, '2025-09-05', 2000.00, '2025-09-05 12:06:05', '2025-09-05 12:06:05'),
(981, '2025-09-05', 2000.00, '2025-09-05 12:06:13', '2025-09-05 12:06:13'),
(982, '2025-09-05', 2000.00, '2025-09-05 12:09:55', '2025-09-05 12:09:55'),
(983, '2025-09-05', 2000.00, '2025-09-05 12:10:06', '2025-09-05 12:10:06'),
(984, '2025-09-05', 2000.00, '2025-09-05 12:10:57', '2025-09-05 12:10:57'),
(985, '2025-09-05', 2000.00, '2025-09-05 12:11:56', '2025-09-05 12:11:56'),
(986, '2025-09-05', 2000.00, '2025-09-05 12:12:05', '2025-09-05 12:12:05'),
(987, '2025-09-05', 2000.00, '2025-09-05 12:14:45', '2025-09-05 12:14:45'),
(988, '2025-09-05', 3000.00, '2025-09-05 12:14:53', '2025-09-05 12:14:53'),
(989, '2025-09-05', 3000.00, '2025-09-05 12:16:35', '2025-09-05 12:16:35'),
(990, '2025-09-05', 3000.00, '2025-09-05 12:17:06', '2025-09-05 12:17:06'),
(991, '2025-09-05', 3000.00, '2025-09-05 12:17:18', '2025-09-05 12:17:18'),
(992, '2025-09-05', 3000.00, '2025-09-05 12:19:14', '2025-09-05 12:19:14'),
(993, '2025-09-05', 3000.00, '2025-09-05 12:19:28', '2025-09-05 12:19:28'),
(994, '2025-09-05', 3000.00, '2025-09-05 12:19:38', '2025-09-05 12:19:38'),
(995, '2025-09-05', 3000.00, '2025-09-05 12:20:30', '2025-09-05 12:20:30'),
(996, '2025-09-05', 2000.00, '2025-09-05 12:20:58', '2025-09-05 12:20:58'),
(997, '2025-09-05', 2000.00, '2025-09-05 12:21:16', '2025-09-05 12:21:16'),
(998, '2025-09-05', 3000.00, '2025-09-05 12:22:22', '2025-09-05 12:22:22'),
(999, '2025-09-05', 3000.00, '2025-09-05 12:22:58', '2025-09-05 12:22:58'),
(1000, '2025-09-05', 3000.00, '2025-09-05 12:23:19', '2025-09-05 12:23:19'),
(1001, '2025-09-05', 2000.00, '2025-09-05 12:23:27', '2025-09-05 12:23:27'),
(1002, '2025-09-05', 2000.00, '2025-09-05 12:23:34', '2025-09-05 12:23:34'),
(1003, '2025-09-05', 3000.00, '2025-09-05 12:35:14', '2025-09-05 12:35:14'),
(1004, '2025-09-05', 3000.00, '2025-09-05 12:36:38', '2025-09-05 12:36:38'),
(1005, '2025-09-05', 2000.00, '2025-09-05 12:36:46', '2025-09-05 12:36:46'),
(1006, '2025-09-05', 2000.00, '2025-09-05 12:36:55', '2025-09-05 12:36:55'),
(1007, '2025-09-05', 2000.00, '2025-09-05 12:37:06', '2025-09-05 12:37:06'),
(1008, '2025-09-05', 3000.00, '2025-09-05 12:37:25', '2025-09-05 12:37:25'),
(1009, '2025-09-05', 3000.00, '2025-09-05 12:37:36', '2025-09-05 12:37:36'),
(1010, '2025-09-05', 3000.00, '2025-09-05 12:37:43', '2025-09-05 12:37:43'),
(1011, '2025-09-05', 3000.00, '2025-09-05 12:37:51', '2025-09-05 12:37:51'),
(1012, '2025-09-05', 3000.00, '2025-09-05 12:39:11', '2025-09-05 12:39:11'),
(1013, '2025-09-05', 2000.00, '2025-09-05 12:39:20', '2025-09-05 12:39:20'),
(1014, '2025-09-05', 2000.00, '2025-09-05 12:39:35', '2025-09-05 12:39:35'),
(1015, '2025-09-05', 2000.00, '2025-09-05 12:39:47', '2025-09-05 12:39:47'),
(1016, '2025-09-05', 3000.00, '2025-09-05 12:40:18', '2025-09-05 12:40:18'),
(1017, '2025-09-05', 1000.00, '2025-09-05 12:47:03', '2025-09-05 12:47:03'),
(1018, '2025-09-05', 2000.00, '2025-09-05 13:03:24', '2025-09-05 13:03:24'),
(1019, '2025-09-05', 2000.00, '2025-09-05 13:06:07', '2025-09-05 13:06:07'),
(1020, '2025-09-05', 3500.00, '2025-09-05 13:07:02', '2025-09-05 13:07:02'),
(1021, '2025-09-05', 2000.00, '2025-09-05 13:16:00', '2025-09-05 13:16:00'),
(1022, '2025-09-05', 2000.00, '2025-09-05 13:16:09', '2025-09-05 13:16:09'),
(1023, '2025-09-05', 2000.00, '2025-09-05 13:16:25', '2025-09-05 13:16:25'),
(1024, '2025-09-05', 3000.00, '2025-09-05 13:25:22', '2025-09-05 13:25:22'),
(1025, '2025-09-05', 2000.00, '2025-09-05 13:27:26', '2025-09-05 13:27:26'),
(1026, '2025-09-05', 2000.00, '2025-09-05 13:27:42', '2025-09-05 13:27:42'),
(1027, '2025-09-05', 1000.00, '2025-09-05 13:28:11', '2025-09-05 13:28:11'),
(1028, '2025-09-05', 2000.00, '2025-09-05 13:42:20', '2025-09-05 13:42:20'),
(1029, '2025-09-05', 2000.00, '2025-09-05 13:42:53', '2025-09-05 13:42:53'),
(1030, '2025-09-05', 2000.00, '2025-09-05 13:43:39', '2025-09-05 13:43:39'),
(1031, '2025-09-05', 3000.00, '2025-09-05 13:52:20', '2025-09-05 13:52:20'),
(1032, '2025-09-05', 2000.00, '2025-09-05 13:52:41', '2025-09-05 13:52:41'),
(1033, '2025-09-05', 1000.00, '2025-09-05 13:53:14', '2025-09-05 13:53:14'),
(1034, '2025-09-05', 1000.00, '2025-09-05 13:53:24', '2025-09-05 13:53:24'),
(1035, '2025-09-05', 3000.00, '2025-09-05 13:55:24', '2025-09-05 13:55:24'),
(1036, '2025-09-05', 2000.00, '2025-09-05 14:06:25', '2025-09-05 14:06:25'),
(1037, '2025-09-05', 1000.00, '2025-09-05 14:06:38', '2025-09-05 14:06:38'),
(1038, '2025-09-05', 2000.00, '2025-09-05 14:17:40', '2025-09-05 14:17:40'),
(1039, '2025-09-05', 3000.00, '2025-09-05 14:19:55', '2025-09-05 14:19:55'),
(1040, '2025-09-05', 3000.00, '2025-09-05 14:20:42', '2025-09-05 14:20:42'),
(1041, '2025-09-05', 3000.00, '2025-09-05 14:21:41', '2025-09-05 14:21:41'),
(1042, '2025-09-05', 3000.00, '2025-09-05 14:21:54', '2025-09-05 14:21:54'),
(1043, '2025-09-05', 2000.00, '2025-09-05 15:05:06', '2025-09-05 15:05:06'),
(1044, '2025-09-05', 2000.00, '2025-09-05 15:20:44', '2025-09-05 15:20:44'),
(1045, '2025-09-05', 3000.00, '2025-09-05 15:45:13', '2025-09-05 15:45:13'),
(1046, '2025-09-05', 3000.00, '2025-09-05 15:45:36', '2025-09-05 15:45:36'),
(1047, '2025-09-05', 3000.00, '2025-09-05 15:47:36', '2025-09-05 15:47:36'),
(1048, '2025-09-05', 2000.00, '2025-09-05 15:47:48', '2025-09-05 15:47:48'),
(1049, '2025-09-05', 2000.00, '2025-09-05 15:48:22', '2025-09-05 15:48:22'),
(1050, '2025-09-05', 2000.00, '2025-09-05 15:48:38', '2025-09-05 15:48:38'),
(1051, '2025-09-05', 2000.00, '2025-09-05 15:48:49', '2025-09-05 15:48:49'),
(1052, '2025-09-05', 2000.00, '2025-09-05 15:48:56', '2025-09-05 15:48:56'),
(1053, '2025-09-06', 3000.00, '2025-09-06 16:26:04', '2025-09-06 16:26:04'),
(1054, '2025-09-06', 3000.00, '2025-09-06 16:26:15', '2025-09-06 16:26:15'),
(1055, '2025-09-06', 3000.00, '2025-09-06 16:27:20', '2025-09-06 16:27:20'),
(1056, '2025-09-06', 3000.00, '2025-09-06 16:27:31', '2025-09-06 16:27:31'),
(1057, '2025-09-06', 3000.00, '2025-09-06 16:28:42', '2025-09-06 16:28:42'),
(1058, '2025-09-06', 3000.00, '2025-09-06 16:29:12', '2025-09-06 16:29:12'),
(1059, '2025-09-06', 2000.00, '2025-09-06 16:29:35', '2025-09-06 16:29:35'),
(1060, '2025-09-06', 3000.00, '2025-09-06 16:30:04', '2025-09-06 16:30:04'),
(1061, '2025-09-06', 3000.00, '2025-09-06 16:30:53', '2025-09-06 16:30:53'),
(1062, '2025-09-06', 2000.00, '2025-09-06 16:31:07', '2025-09-06 16:31:07'),
(1063, '2025-09-06', 3000.00, '2025-09-06 16:33:11', '2025-09-06 16:33:11'),
(1064, '2025-09-06', 2000.00, '2025-09-06 16:33:33', '2025-09-06 16:33:33'),
(1065, '2025-09-06', 2000.00, '2025-09-06 16:33:46', '2025-09-06 16:33:46'),
(1066, '2025-09-06', 2000.00, '2025-09-06 16:33:54', '2025-09-06 16:33:54'),
(1067, '2025-09-06', 2000.00, '2025-09-06 16:34:07', '2025-09-06 16:34:07'),
(1068, '2025-09-06', 2000.00, '2025-09-06 16:34:20', '2025-09-06 16:34:20'),
(1069, '2025-09-06', 3000.00, '2025-09-06 16:36:48', '2025-09-06 16:36:48'),
(1070, '2025-09-06', 2000.00, '2025-09-06 16:36:59', '2025-09-06 16:36:59'),
(1071, '2025-09-06', 2000.00, '2025-09-06 16:37:21', '2025-09-06 16:37:21'),
(1072, '2025-09-06', 2000.00, '2025-09-06 16:37:38', '2025-09-06 16:37:38'),
(1073, '2025-09-06', 3000.00, '2025-09-06 16:37:47', '2025-09-06 16:37:47'),
(1074, '2025-09-06', 3000.00, '2025-09-06 16:39:10', '2025-09-06 16:39:10'),
(1075, '2025-09-06', 3000.00, '2025-09-06 16:39:43', '2025-09-06 16:39:43'),
(1076, '2025-09-06', 3000.00, '2025-09-06 16:40:11', '2025-09-06 16:40:11'),
(1077, '2025-09-06', 3000.00, '2025-09-06 16:40:19', '2025-09-06 16:40:19'),
(1078, '2025-09-06', 3000.00, '2025-09-06 16:40:32', '2025-09-06 16:40:32'),
(1079, '2025-09-06', 2000.00, '2025-09-06 16:40:42', '2025-09-06 16:40:42'),
(1080, '2025-09-06', 3000.00, '2025-09-06 16:40:52', '2025-09-06 16:40:52'),
(1081, '2025-09-06', 3000.00, '2025-09-06 16:41:00', '2025-09-06 16:41:00'),
(1082, '2025-09-06', 3000.00, '2025-09-06 16:41:14', '2025-09-06 16:41:14'),
(1083, '2025-09-06', 3000.00, '2025-09-06 16:41:26', '2025-09-06 16:41:26'),
(1084, '2025-09-06', 3000.00, '2025-09-06 16:41:34', '2025-09-06 16:41:34'),
(1085, '2025-09-06', 2000.00, '2025-09-06 16:42:17', '2025-09-06 16:42:17'),
(1086, '2025-09-06', 3000.00, '2025-09-06 16:42:29', '2025-09-06 16:42:29'),
(1087, '2025-09-06', 2000.00, '2025-09-06 16:43:19', '2025-09-06 16:43:19'),
(1088, '2025-09-06', 2000.00, '2025-09-06 16:43:28', '2025-09-06 16:43:28'),
(1089, '2025-09-06', 3000.00, '2025-09-06 16:43:46', '2025-09-06 16:43:46'),
(1090, '2025-09-06', 3000.00, '2025-09-06 16:43:59', '2025-09-06 16:43:59'),
(1091, '2025-09-06', 2000.00, '2025-09-06 16:44:08', '2025-09-06 16:44:08'),
(1092, '2025-09-06', 2000.00, '2025-09-06 16:44:14', '2025-09-06 16:44:14'),
(1093, '2025-09-06', 3000.00, '2025-09-06 16:44:25', '2025-09-06 16:44:25'),
(1094, '2025-09-06', 2000.00, '2025-09-06 16:44:41', '2025-09-06 16:44:41'),
(1095, '2025-09-06', 2000.00, '2025-09-06 16:44:52', '2025-09-06 16:44:52'),
(1096, '2025-09-06', 2000.00, '2025-09-06 16:44:59', '2025-09-06 16:44:59'),
(1097, '2025-09-06', 2000.00, '2025-09-06 16:45:10', '2025-09-06 16:45:10'),
(1098, '2025-09-06', 2000.00, '2025-09-06 16:45:25', '2025-09-06 16:45:25'),
(1099, '2025-09-06', 2000.00, '2025-09-06 16:45:34', '2025-09-06 16:45:34'),
(1100, '2025-09-06', 2000.00, '2025-09-06 16:46:40', '2025-09-06 16:46:40'),
(1101, '2025-09-06', 2000.00, '2025-09-06 16:46:49', '2025-09-06 16:46:49'),
(1102, '2025-09-06', 3000.00, '2025-09-06 16:47:26', '2025-09-06 16:47:26'),
(1103, '2025-09-06', 2000.00, '2025-09-06 16:47:36', '2025-09-06 16:47:36'),
(1104, '2025-09-06', 2000.00, '2025-09-06 16:47:45', '2025-09-06 16:47:45'),
(1105, '2025-09-06', 3000.00, '2025-09-06 16:47:53', '2025-09-06 16:47:53'),
(1106, '2025-09-06', 2000.00, '2025-09-06 16:48:00', '2025-09-06 16:48:00'),
(1107, '2025-09-06', 3000.00, '2025-09-06 16:48:14', '2025-09-06 16:48:14'),
(1108, '2025-09-06', 2000.00, '2025-09-06 16:48:23', '2025-09-06 16:48:23'),
(1109, '2025-09-06', 3000.00, '2025-09-06 16:48:30', '2025-09-06 16:48:30'),
(1110, '2025-09-06', 2000.00, '2025-09-06 16:48:39', '2025-09-06 16:48:39'),
(1111, '2025-09-06', 2000.00, '2025-09-06 16:48:46', '2025-09-06 16:48:46'),
(1112, '2025-09-06', 2000.00, '2025-09-06 16:49:03', '2025-09-06 16:49:03'),
(1113, '2025-09-06', 2000.00, '2025-09-06 16:49:13', '2025-09-06 16:49:13'),
(1114, '2025-09-06', 2000.00, '2025-09-06 16:49:30', '2025-09-06 16:49:30'),
(1115, '2025-09-06', 2000.00, '2025-09-06 16:49:41', '2025-09-06 16:49:41'),
(1116, '2025-09-06', 3000.00, '2025-09-06 16:49:53', '2025-09-06 16:49:53'),
(1117, '2025-09-06', 2000.00, '2025-09-06 16:50:02', '2025-09-06 16:50:02'),
(1118, '2025-09-06', 2000.00, '2025-09-06 16:50:14', '2025-09-06 16:50:14'),
(1119, '2025-09-06', 3000.00, '2025-09-06 16:50:23', '2025-09-06 16:50:23'),
(1120, '2025-09-06', 2000.00, '2025-09-06 16:50:32', '2025-09-06 16:50:32'),
(1121, '2025-09-06', 2000.00, '2025-09-06 16:50:40', '2025-09-06 16:50:40'),
(1122, '2025-09-06', 3000.00, '2025-09-06 16:50:53', '2025-09-06 16:50:53'),
(1123, '2025-09-06', 3000.00, '2025-09-06 16:51:09', '2025-09-06 16:51:09'),
(1124, '2025-09-06', 3000.00, '2025-09-06 16:51:17', '2025-09-06 16:51:17'),
(1125, '2025-09-06', 2000.00, '2025-09-06 16:51:25', '2025-09-06 16:51:25'),
(1126, '2025-09-06', 2000.00, '2025-09-06 16:51:34', '2025-09-06 16:51:34'),
(1127, '2025-09-06', 2000.00, '2025-09-06 16:51:44', '2025-09-06 16:51:44'),
(1128, '2025-09-06', 2000.00, '2025-09-06 16:52:09', '2025-09-06 16:52:09'),
(1129, '2025-09-06', 2000.00, '2025-09-06 16:52:21', '2025-09-06 16:52:21'),
(1130, '2025-09-06', 2000.00, '2025-09-06 16:52:30', '2025-09-06 16:52:30'),
(1131, '2025-09-06', 2000.00, '2025-09-06 16:52:38', '2025-09-06 16:52:38'),
(1132, '2025-09-06', 3000.00, '2025-09-06 16:52:51', '2025-09-06 16:52:51'),
(1133, '2025-09-06', 2000.00, '2025-09-06 16:52:59', '2025-09-06 16:52:59'),
(1134, '2025-09-06', 2000.00, '2025-09-06 16:53:07', '2025-09-06 16:53:07'),
(1135, '2025-09-06', 3000.00, '2025-09-06 16:53:19', '2025-09-06 16:53:19'),
(1136, '2025-09-06', 2000.00, '2025-09-06 16:53:42', '2025-09-06 16:53:42'),
(1137, '2025-09-06', 2000.00, '2025-09-06 16:53:51', '2025-09-06 16:53:51'),
(1138, '2025-09-06', 3000.00, '2025-09-06 16:58:43', '2025-09-06 16:58:43'),
(1139, '2025-09-06', 3000.00, '2025-09-06 16:59:14', '2025-09-06 16:59:14'),
(1140, '2025-09-06', 3000.00, '2025-09-06 16:59:49', '2025-09-06 16:59:49'),
(1141, '2025-09-07', 14700.00, '2025-09-07 04:52:04', '2025-09-07 04:52:04'),
(1142, '2025-09-07', 3000.00, '2025-09-07 04:53:28', '2025-09-07 04:53:28'),
(1143, '2025-09-07', 3000.00, '2025-09-07 04:53:46', '2025-09-07 04:53:46'),
(1144, '2025-09-07', 3000.00, '2025-09-07 04:54:23', '2025-09-07 04:54:23'),
(1145, '2025-09-07', 3000.00, '2025-09-07 04:54:46', '2025-09-07 04:54:46'),
(1146, '2025-09-07', 3000.00, '2025-09-07 04:56:18', '2025-09-07 04:56:18'),
(1147, '2025-09-07', 3000.00, '2025-09-07 04:56:32', '2025-09-07 04:56:32'),
(1148, '2025-09-07', 3000.00, '2025-09-07 04:56:49', '2025-09-07 04:56:49'),
(1149, '2025-09-07', 2000.00, '2025-09-07 04:58:05', '2025-09-07 04:58:05'),
(1150, '2025-09-07', 2000.00, '2025-09-07 04:59:00', '2025-09-07 04:59:00'),
(1151, '2025-09-07', 3000.00, '2025-09-07 04:59:08', '2025-09-07 04:59:08'),
(1152, '2025-09-07', 3000.00, '2025-09-07 04:59:18', '2025-09-07 04:59:18'),
(1153, '2025-09-07', 2000.00, '2025-09-07 04:59:49', '2025-09-07 04:59:49'),
(1154, '2025-09-07', 3000.00, '2025-09-07 05:00:01', '2025-09-07 05:00:01'),
(1155, '2025-09-07', 2000.00, '2025-09-07 05:01:00', '2025-09-07 05:01:00'),
(1156, '2025-09-07', 3000.00, '2025-09-07 05:02:02', '2025-09-07 05:02:02'),
(1157, '2025-09-07', 3000.00, '2025-09-07 05:02:11', '2025-09-07 05:02:11'),
(1158, '2025-09-07', 1000.00, '2025-09-07 05:02:31', '2025-09-07 05:02:31'),
(1159, '2025-09-07', 1000.00, '2025-09-07 05:06:55', '2025-09-07 05:06:55'),
(1160, '2025-09-07', 4300.00, '2025-09-07 05:13:06', '2025-09-07 05:13:06'),
(1161, '2025-09-07', 2000.00, '2025-09-07 06:12:46', '2025-09-07 06:12:46'),
(1162, '2025-09-07', 2000.00, '2025-09-07 06:20:37', '2025-09-07 06:20:37'),
(1163, '2025-09-07', 2000.00, '2025-09-07 06:23:36', '2025-09-07 06:23:36'),
(1164, '2025-09-07', 2000.00, '2025-09-07 06:23:45', '2025-09-07 06:23:45'),
(1165, '2025-09-09', 2000.00, '2025-09-09 15:57:36', '2025-09-09 15:57:36'),
(1166, '2025-09-09', 2000.00, '2025-09-09 15:58:31', '2025-09-09 15:58:31'),
(1167, '2025-09-09', 2000.00, '2025-09-09 16:03:00', '2025-09-09 16:03:00'),
(1168, '2025-09-09', 2000.00, '2025-09-09 16:03:40', '2025-09-09 16:03:40'),
(1171, '2025-09-09', 2000.00, '2025-09-09 16:05:54', '2025-09-09 16:05:54'),
(1173, '2025-09-09', 2000.00, '2025-09-09 16:06:19', '2025-09-09 16:06:19'),
(1177, '2025-09-10', 10000.00, '2025-09-10 05:04:06', '2025-09-10 05:04:06'),
(1178, '2025-09-10', 10000.00, '2025-09-10 05:04:13', '2025-09-10 05:04:13'),
(1179, '2025-09-10', 10000.00, '2025-09-10 05:07:34', '2025-09-10 05:07:34'),
(1180, '2025-09-10', 10000.00, '2025-09-10 05:07:49', '2025-09-10 05:07:49'),
(1181, '2025-12-02', 1500.00, '2025-12-02 07:49:41', '2025-12-02 07:49:41'),
(1182, '2025-12-02', 4300.00, '2025-12-02 07:58:31', '2025-12-02 07:58:31');

-- --------------------------------------------------------

--
-- Table structure for table `inventory_logs`
--

CREATE TABLE `inventory_logs` (
  `id` bigint UNSIGNED NOT NULL,
  `product_id` bigint UNSIGNED NOT NULL,
  `change_type` enum('add','remove','sale') CHARACTER SET utf8mb4 COLLATE utf8mb4_unicode_ci NOT NULL,
  `quantity` int NOT NULL,
  `note` text CHARACTER SET utf8mb4 COLLATE utf8mb4_unicode_ci,
  `created_at` timestamp NOT NULL DEFAULT CURRENT_TIMESTAMP
) ENGINE=InnoDB DEFAULT CHARSET=utf8mb4 COLLATE=utf8mb4_unicode_ci;

--
-- Dumping data for table `inventory_logs`
--

INSERT INTO `inventory_logs` (`id`, `product_id`, `change_type`, `quantity`, `note`, `created_at`) VALUES
(1, 1, 'add', 1000, 'Produk diTambahkan', '2025-08-20 12:55:45'),
(2, 2, 'add', 1000, 'Produk diTambahkan', '2025-08-20 13:19:21'),
(3, 3, 'add', 1000, 'Produk diTambahkan', '2025-08-20 13:20:07'),
(4, 4, 'add', 1000, 'Produk diTambahkan', '2025-08-20 13:20:42'),
(5, 5, 'add', 1000, 'Produk diTambahkan', '2025-08-20 13:21:24'),
(6, 6, 'add', 1000, 'Produk diTambahkan', '2025-08-20 13:22:52'),
(7, 7, 'add', 1000, 'Produk diTambahkan', '2025-08-20 13:23:50'),
(8, 8, 'add', 1000, 'Produk diTambahkan', '2025-08-20 13:24:46'),
(9, 9, 'add', 1000, 'Produk diTambahkan', '2025-08-20 13:27:58'),
(10, 10, 'add', 1000, 'Produk diTambahkan', '2025-08-20 13:28:50'),
(11, 11, 'add', 1000, 'Produk diTambahkan', '2025-08-20 13:29:41'),
(12, 12, 'add', 1000, 'Produk diTambahkan', '2025-08-20 13:30:29'),
(13, 13, 'add', 1000, 'Produk diTambahkan', '2025-08-20 13:31:48'),
(14, 14, 'add', 1000, 'Produk diTambahkan', '2025-08-20 13:32:36'),
(15, 17, 'add', 1000, 'Produk diTambahkan', '2025-08-20 13:33:47'),
(16, 18, 'add', 1000, 'Produk diTambahkan', '2025-08-20 13:35:19'),
(17, 19, 'add', 1000, 'Produk diTambahkan', '2025-08-20 13:36:11'),
(18, 20, 'add', 1000, 'Produk diTambahkan', '2025-08-20 13:36:55'),
(19, 21, 'add', 1000, 'Produk diTambahkan', '2025-08-20 13:38:12'),
(20, 22, 'add', 1000, 'Produk diTambahkan', '2025-08-20 13:39:36'),
(21, 23, 'add', 1000, 'Produk diTambahkan', '2025-08-20 13:45:31'),
(22, 24, 'add', 1000, 'Produk diTambahkan', '2025-08-20 13:46:16'),
(23, 1, 'sale', 999, 'Produk diJual', '2025-08-20 13:53:33'),
(24, 1, 'sale', 998, 'Produk diJual', '2025-08-20 13:57:53'),
(25, 1, 'sale', 996, 'Produk diJual', '2025-08-20 14:06:26'),
(26, 1, 'sale', 995, 'Produk diJual', '2025-08-22 13:44:32'),
(27, 1, 'sale', 994, 'Produk diJual', '2025-08-22 13:44:54'),
(28, 1, 'sale', 993, 'Produk diJual', '2025-08-22 14:02:07'),
(29, 1, 'sale', 992, 'Produk diJual', '2025-08-22 14:06:32'),
(30, 1, 'sale', 991, 'Produk diJual', '2025-08-22 14:09:21'),
(31, 1, 'sale', 990, 'Produk diJual', '2025-08-22 14:10:56'),
(32, 1, 'sale', 989, 'Produk diJual', '2025-08-23 03:35:36'),
(33, 8, 'sale', 999, 'Produk diJual', '2025-08-23 03:40:44'),
(34, 3, 'sale', 998, 'Produk diJual', '2025-08-23 05:32:32'),
(35, 1, 'sale', 985, 'Produk diJual', '2025-08-23 05:34:00'),
(36, 3, 'sale', 996, 'Produk diJual', '2025-08-23 10:50:11'),
(37, 4, 'sale', 999, 'Produk diJual', '2025-08-23 10:58:34'),
(38, 1, 'sale', 981, 'Produk diJual', '2025-08-23 12:36:37'),
(39, 25, 'add', 1000, 'Produk diTambahkan', '2025-08-23 12:40:21'),
(40, 26, 'add', 1000, 'Produk diTambahkan', '2025-08-23 12:41:13'),
(41, 27, 'add', 1000, 'Produk diTambahkan', '2025-08-23 12:42:11'),
(42, 28, 'add', 1000, 'Produk diTambahkan', '2025-08-23 12:42:49'),
(43, 3, 'sale', 995, 'Produk diJual', '2025-08-23 12:50:20'),
(44, 1, 'sale', 980, 'Produk diJual', '2025-08-23 12:58:38'),
(45, 1, 'sale', 979, 'Produk diJual', '2025-08-23 13:44:56'),
(46, 1, 'sale', 978, 'Produk diJual', '2025-08-23 13:53:20'),
(47, 3, 'sale', 994, 'Produk diJual', '2025-08-23 14:40:44'),
(48, 3, 'sale', 993, 'Produk diJual', '2025-08-23 16:04:49'),
(49, 1, 'sale', 976, 'Produk diJual', '2025-08-24 04:28:30'),
(50, 1, 'sale', 974, 'Produk diJual', '2025-08-24 04:52:00'),
(51, 3, 'sale', 991, 'Produk diJual', '2025-08-24 06:02:34'),
(52, 25, 'sale', 999, 'Produk diJual', '2025-08-24 06:16:40'),
(53, 3, 'sale', 990, 'Produk diJual', '2025-08-24 06:17:28'),
(54, 1, 'sale', 973, 'Produk diJual', '2025-08-24 07:01:18'),
(55, 25, 'sale', 998, 'Produk diJual', '2025-08-24 07:07:00'),
(56, 3, 'sale', 989, 'Produk diJual', '2025-08-24 07:16:53'),
(57, 3, 'sale', 988, 'Produk diJual', '2025-08-24 07:40:08'),
(58, 25, 'sale', 997, 'Produk diJual', '2025-08-24 07:51:35'),
(59, 3, 'sale', 987, 'Produk diJual', '2025-08-24 07:55:17'),
(60, 2, 'sale', 997, 'Produk diJual', '2025-08-24 13:02:29'),
(61, 8, 'sale', 998, 'Produk diJual', '2025-08-24 13:17:02'),
(62, 1, 'sale', 967, 'Produk diJual', '2025-08-24 13:21:49'),
(63, 23, 'sale', 999, 'Produk diJual', '2025-08-24 13:33:01'),
(64, 1, 'sale', 966, 'Produk diJual', '2025-08-24 13:48:11'),
(65, 22, 'sale', 999, 'Produk diJual', '2025-08-24 14:06:24'),
(66, 1, 'sale', 964, 'Produk diJual', '2025-08-24 14:19:41'),
(67, 1, 'sale', 963, 'Produk diJual', '2025-08-24 15:02:50'),
(68, 1, 'sale', 962, 'Produk diJual', '2025-08-25 09:45:14'),
(69, 1, 'sale', 957, 'Produk diJual', '2025-08-25 10:54:23'),
(70, 3, 'sale', 983, 'Produk diJual', '2025-08-25 11:27:15'),
(71, 4, 'sale', 998, 'Produk diJual', '2025-08-25 12:35:25'),
(72, 1, 'sale', 953, 'Produk diJual', '2025-08-25 12:54:48'),
(73, 25, 'sale', 996, 'Produk diJual', '2025-08-25 12:54:56'),
(74, 1, 'sale', 952, 'Produk diJual', '2025-08-25 13:28:41'),
(75, 1, 'sale', 951, 'Produk diJual', '2025-08-25 13:45:34'),
(76, 1, 'sale', 950, 'Produk diJual', '2025-08-25 14:13:11'),
(77, 1, 'sale', 947, 'Produk diJual', '2025-08-26 11:54:49'),
(78, 3, 'sale', 978, 'Produk diJual', '2025-08-26 13:54:43'),
(79, 9, 'sale', 998, 'Produk diJual', '2025-08-27 03:25:18'),
(80, 3, 'sale', 977, 'Produk diJual', '2025-08-27 05:34:59'),
(81, 1, 'sale', 944, 'Produk diJual', '2025-08-27 05:40:45'),
(82, 1, 'sale', 942, 'Produk diJual', '2025-08-27 05:47:52'),
(83, 5, 'sale', 998, 'Produk diJual', '2025-08-27 06:20:36'),
(84, 1, 'sale', 941, 'Produk diJual', '2025-08-27 08:04:24'),
(85, 25, 'sale', 994, 'Produk diJual', '2025-08-27 11:13:46'),
(86, 26, 'sale', 998, 'Produk diJual', '2025-08-27 11:14:02'),
(87, 20, 'sale', 999, 'Produk diJual', '2025-08-27 14:35:38'),
(88, 26, 'sale', 997, 'Produk diJual', '2025-08-28 15:33:20'),
(89, 1, 'sale', 909, 'Produk diJual', '2025-08-28 15:33:41'),
(90, 8, 'sale', 997, 'Produk diJual', '2025-08-30 06:10:55'),
(91, 1, 'sale', 904, 'Produk diJual', '2025-08-30 06:44:17'),
(92, 1, 'sale', 902, 'Produk diJual', '2025-08-30 10:24:24'),
(93, 25, 'sale', 990, 'Produk diJual', '2025-08-30 10:29:24'),
(94, 3, 'sale', 965, 'Produk diJual', '2025-08-30 10:34:53'),
(95, 25, 'sale', 989, 'Produk diJual', '2025-08-30 10:44:00'),
(96, 25, 'sale', 988, 'Produk diJual', '2025-08-30 12:34:15'),
(97, 3, 'sale', 963, 'Produk diJual', '2025-08-30 13:32:58'),
(98, 5, 'sale', 995, 'Produk diJual', '2025-08-30 13:33:03'),
(99, 25, 'sale', 987, 'Produk diJual', '2025-08-30 13:33:10'),
(100, 1, 'sale', 890, 'Produk diJual', '2025-08-30 13:38:34'),
(101, 18, 'sale', 997, 'Produk diJual', '2025-08-30 13:40:03'),
(102, 1, 'sale', 888, 'Produk diJual', '2025-08-30 13:43:29'),
(103, 1, 'sale', 887, 'Produk diJual', '2025-08-30 14:10:36'),
(104, 2, 'sale', 995, 'Produk diJual', '2025-08-30 14:30:46'),
(105, 1, 'sale', 883, 'Produk diJual', '2025-08-30 14:35:34'),
(106, 3, 'sale', 962, 'Produk diJual', '2025-08-30 16:24:26'),
(107, 1, 'sale', 880, 'Produk diJual', '2025-08-31 04:49:37'),
(108, 27, 'sale', 998, 'Produk diJual', '2025-08-31 06:14:21'),
(109, 1, 'sale', 875, 'Produk diJual', '2025-08-31 06:24:35'),
(110, 1, 'sale', 874, 'Produk diJual', '2025-08-31 06:29:36'),
(111, 3, 'sale', 961, 'Produk diJual', '2025-08-31 13:09:32'),
(112, 3, 'sale', 960, 'Produk diJual', '2025-08-31 13:35:02'),
(113, 5, 'sale', 994, 'Produk diJual', '2025-09-01 16:12:03'),
(114, 28, 'sale', 999, 'Produk diJual', '2025-09-02 15:36:41'),
(115, 1, 'sale', 796, 'Produk diJual', '2025-09-03 05:24:24'),
(116, 3, 'sale', 947, 'Produk diJual', '2025-09-03 05:25:26'),
(117, 1, 'sale', 793, 'Produk diJual', '2025-09-03 06:55:48'),
(118, 3, 'sale', 946, 'Produk diJual', '2025-09-03 07:00:36'),
(119, 8, 'sale', 994, 'Produk diJual', '2025-09-03 07:09:38'),
(120, 1, 'sale', 792, 'Produk diJual', '2025-09-03 07:37:44'),
(121, 1, 'sale', 791, 'Produk diJual', '2025-09-03 07:39:22'),
(122, 1, 'sale', 790, 'Produk diJual', '2025-09-03 08:07:17'),
(123, 1, 'sale', 789, 'Produk diJual', '2025-09-03 09:54:01'),
(124, 1, 'sale', 788, 'Produk diJual', '2025-09-03 09:54:11'),
(125, 1, 'sale', 787, 'Produk diJual', '2025-09-03 09:54:22'),
(126, 3, 'sale', 945, 'Produk diJual', '2025-09-03 10:05:43'),
(127, 3, 'sale', 944, 'Produk diJual', '2025-09-03 10:05:53'),
(128, 24, 'sale', 996, 'Produk diJual', '2025-09-03 10:46:58'),
(129, 25, 'sale', 976, 'Produk diJual', '2025-09-03 10:54:19'),
(130, 24, 'sale', 995, 'Produk diJual', '2025-09-03 11:59:20'),
(131, 1, 'sale', 786, 'Produk diJual', '2025-09-03 12:03:00'),
(132, 5, 'sale', 988, 'Produk diJual', '2025-09-03 12:57:20'),
(133, 1, 'sale', 784, 'Produk diJual', '2025-09-03 13:02:40'),
(134, 1, 'sale', 783, 'Produk diJual', '2025-09-03 13:19:30'),
(135, 25, 'sale', 974, 'Produk diJual', '2025-09-03 13:28:26'),
(136, 1, 'sale', 780, 'Produk diJual', '2025-09-04 05:52:59'),
(137, 1, 'sale', 779, 'Produk diJual', '2025-09-04 05:53:18'),
(138, 5, 'sale', 986, 'Produk diJual', '2025-09-04 05:53:40'),
(139, 3, 'sale', 941, 'Produk diJual', '2025-09-04 05:53:52'),
(140, 3, 'sale', 940, 'Produk diJual', '2025-09-04 05:54:04'),
(141, 3, 'sale', 939, 'Produk diJual', '2025-09-04 05:54:17'),
(142, 5, 'sale', 985, 'Produk diJual', '2025-09-04 05:55:09'),
(143, 1, 'sale', 778, 'Produk diJual', '2025-09-04 06:08:04'),
(144, 1, 'sale', 777, 'Produk diJual', '2025-09-04 06:08:13'),
(145, 19, 'sale', 996, 'Produk diJual', '2025-09-04 07:22:25'),
(146, 3, 'sale', 938, 'Produk diJual', '2025-09-04 07:47:18'),
(147, 19, 'sale', 995, 'Produk diJual', '2025-09-04 08:10:09'),
(148, 9, 'sale', 995, 'Produk diJual', '2025-09-04 08:16:51'),
(149, 1, 'sale', 776, 'Produk diJual', '2025-09-04 08:18:38'),
(150, 5, 'sale', 984, 'Produk diJual', '2025-09-04 08:18:51'),
(151, 1, 'sale', 775, 'Produk diJual', '2025-09-04 11:17:06'),
(152, 1, 'sale', 774, 'Produk diJual', '2025-09-04 11:17:15'),
(153, 3, 'sale', 937, 'Produk diJual', '2025-09-04 11:17:34'),
(154, 25, 'sale', 973, 'Produk diJual', '2025-09-04 11:21:22'),
(155, 1, 'sale', 773, 'Produk diJual', '2025-09-04 12:26:33'),
(156, 1, 'sale', 772, 'Produk diJual', '2025-09-04 12:30:24'),
(157, 1, 'sale', 771, 'Produk diJual', '2025-09-04 13:59:45'),
(158, 3, 'sale', 936, 'Produk diJual', '2025-09-05 05:19:07'),
(159, 1, 'sale', 770, 'Produk diJual', '2025-09-05 05:19:20'),
(160, 1, 'sale', 769, 'Produk diJual', '2025-09-05 09:50:07'),
(161, 23, 'sale', 998, 'Produk diJual', '2025-09-05 09:50:30'),
(162, 1, 'sale', 768, 'Produk diJual', '2025-09-05 10:11:13'),
(163, 1, 'sale', 767, 'Produk diJual', '2025-09-05 12:47:03'),
(164, 19, 'sale', 994, 'Produk diJual', '2025-09-05 13:07:02'),
(165, 1, 'sale', 766, 'Produk diJual', '2025-09-05 13:28:11'),
(166, 1, 'sale', 765, 'Produk diJual', '2025-09-05 13:53:14'),
(167, 1, 'sale', 764, 'Produk diJual', '2025-09-05 13:53:24'),
(168, 1, 'sale', 763, 'Produk diJual', '2025-09-05 14:06:38'),
(169, 25, 'sale', 972, 'Produk diJual', '2025-09-07 04:52:04'),
(170, 1, 'sale', 755, 'Produk diJual', '2025-09-07 05:02:31'),
(171, 1, 'sale', 754, 'Produk diJual', '2025-09-07 05:06:55'),
(172, 25, 'sale', 971, 'Produk diJual', '2025-09-07 05:13:06'),
(173, 29, 'add', 999, 'Produk diTambahkan', '2025-11-30 06:28:26'),
(174, 30, 'add', 1000, 'Produk diTambahkan', '2025-11-30 06:33:25'),
(175, 31, 'add', 1000, 'Produk diTambahkan', '2025-11-30 06:41:16'),
(176, 32, 'add', 1000, 'Produk diTambahkan', '2025-11-30 06:42:22'),
(177, 33, 'add', 3, 'Produk diTambahkan', '2025-11-30 07:00:13'),
(178, 34, 'add', 13, 'Produk diTambahkan', '2025-11-30 07:07:58'),
(179, 35, 'add', 1000, 'Produk diTambahkan', '2025-11-30 07:36:15'),
(180, 36, 'add', 12, 'Produk diTambahkan', '2025-11-30 07:37:59'),
(181, 37, 'add', 12, 'Produk diTambahkan', '2025-11-30 07:39:27'),
(182, 38, 'add', 25, 'Produk diTambahkan', '2025-11-30 07:42:10'),
(183, 39, 'add', 14, 'Produk diTambahkan', '2025-11-30 07:44:57'),
(184, 40, 'add', 6, 'Produk diTambahkan', '2025-11-30 07:46:25'),
(185, 41, 'add', 6, 'Produk diTambahkan', '2025-11-30 07:47:41'),
(186, 42, 'add', 6, 'Produk diTambahkan', '2025-11-30 07:48:47'),
(187, 43, 'add', 50, 'Produk diTambahkan', '2025-11-30 07:52:12'),
(188, 44, 'add', 50, 'Produk diTambahkan', '2025-11-30 07:52:43'),
(189, 45, 'add', 25, 'Produk diTambahkan', '2025-11-30 07:57:46'),
(190, 46, 'add', 80, 'Produk diTambahkan', '2025-11-30 08:05:40'),
(191, 47, 'add', 12, 'Produk diTambahkan', '2025-11-30 08:07:19'),
(192, 48, 'add', 11, 'Produk diTambahkan', '2025-11-30 08:08:21'),
(193, 49, 'add', 12, 'Produk diTambahkan', '2025-11-30 08:09:31'),
(194, 50, 'add', 12, 'Produk diTambahkan', '2025-11-30 08:14:00'),
(195, 51, 'add', 12, 'Produk diTambahkan', '2025-11-30 08:15:19'),
(196, 52, 'add', 21, 'Produk diTambahkan', '2025-11-30 08:17:05'),
(197, 53, 'add', 12, 'Produk diTambahkan', '2025-11-30 08:18:05'),
(198, 54, 'add', 9, 'Produk diTambahkan', '2025-11-30 08:19:23'),
(199, 55, 'add', 10, 'Produk diTambahkan', '2025-11-30 08:21:38'),
(200, 56, 'add', 6, 'Produk diTambahkan', '2025-11-30 08:24:57'),
(201, 57, 'add', 8, 'Produk diTambahkan', '2025-11-30 08:26:29'),
(202, 58, 'add', 6, 'Produk diTambahkan', '2025-11-30 08:28:42'),
(203, 59, 'add', 8, 'Produk diTambahkan', '2025-11-30 08:30:46'),
(204, 60, 'add', 500, 'Produk diTambahkan', '2025-11-30 08:32:54'),
(205, 61, 'add', 11, 'Produk diTambahkan', '2025-11-30 09:49:56'),
(206, 62, 'add', 2, 'Produk diTambahkan', '2025-11-30 09:55:53'),
(207, 63, 'add', 4, 'Produk diTambahkan', '2025-11-30 09:59:11'),
(208, 64, 'add', 10, 'Produk diTambahkan', '2025-11-30 10:01:07'),
(209, 65, 'add', 90, 'Produk diTambahkan', '2025-11-30 10:03:59'),
(210, 66, 'add', 90, 'Produk diTambahkan', '2025-11-30 10:05:22'),
(211, 67, 'add', 5, 'Produk diTambahkan', '2025-11-30 10:06:26'),
(212, 68, 'add', 1, 'Produk diTambahkan', '2025-11-30 10:07:20'),
(213, 69, 'add', 1, 'Produk diTambahkan', '2025-11-30 10:07:53'),
(214, 70, 'add', 15, 'Produk diTambahkan', '2025-11-30 10:13:29'),
(215, 71, 'add', 12, 'Produk diTambahkan', '2025-11-30 10:15:21'),
(216, 72, 'add', 11, 'Produk diTambahkan', '2025-11-30 10:18:22'),
(217, 73, 'add', 30, 'Produk diTambahkan', '2025-11-30 12:21:15'),
(218, 54, 'sale', 8, 'Produk diJual', '2025-12-02 07:49:41'),
(219, 5, 'sale', 983, 'Produk diJual', '2025-12-02 07:58:31');

-- --------------------------------------------------------

--
-- Table structure for table `jobs`
--

CREATE TABLE `jobs` (
  `id` bigint UNSIGNED NOT NULL,
  `queue` varchar(255) CHARACTER SET utf8mb4 COLLATE utf8mb4_unicode_ci NOT NULL,
  `payload` longtext CHARACTER SET utf8mb4 COLLATE utf8mb4_unicode_ci NOT NULL,
  `attempts` tinyint UNSIGNED NOT NULL,
  `reserved_at` int UNSIGNED DEFAULT NULL,
  `available_at` int UNSIGNED NOT NULL,
  `created_at` int UNSIGNED NOT NULL
) ENGINE=InnoDB DEFAULT CHARSET=utf8mb4 COLLATE=utf8mb4_unicode_ci;

-- --------------------------------------------------------

--
-- Table structure for table `job_batches`
--

CREATE TABLE `job_batches` (
  `id` varchar(255) CHARACTER SET utf8mb4 COLLATE utf8mb4_unicode_ci NOT NULL,
  `name` varchar(255) CHARACTER SET utf8mb4 COLLATE utf8mb4_unicode_ci NOT NULL,
  `total_jobs` int NOT NULL,
  `pending_jobs` int NOT NULL,
  `failed_jobs` int NOT NULL,
  `failed_job_ids` longtext CHARACTER SET utf8mb4 COLLATE utf8mb4_unicode_ci NOT NULL,
  `options` mediumtext CHARACTER SET utf8mb4 COLLATE utf8mb4_unicode_ci,
  `cancelled_at` int DEFAULT NULL,
  `created_at` int NOT NULL,
  `finished_at` int DEFAULT NULL
) ENGINE=InnoDB DEFAULT CHARSET=utf8mb4 COLLATE=utf8mb4_unicode_ci;

-- --------------------------------------------------------

--
-- Table structure for table `migrations`
--

CREATE TABLE `migrations` (
  `id` int UNSIGNED NOT NULL,
  `migration` varchar(255) CHARACTER SET utf8mb4 COLLATE utf8mb4_unicode_ci NOT NULL,
  `batch` int NOT NULL
) ENGINE=InnoDB DEFAULT CHARSET=utf8mb4 COLLATE=utf8mb4_unicode_ci;

--
-- Dumping data for table `migrations`
--

INSERT INTO `migrations` (`id`, `migration`, `batch`) VALUES
(1, '0001_01_01_000000_create_users_table', 1),
(2, '0001_01_01_000001_create_cache_table', 1),
(3, '0001_01_01_000002_create_jobs_table', 1),
(4, '2025_08_03_110543_create_categories_table', 1),
(5, '2025_08_03_110543_create_customers_table', 1),
(6, '2025_08_03_110543_create_products_table', 1),
(7, '2025_08_03_110543_create_sales_table', 1),
(8, '2025_08_03_110544_create_expenses_table', 1),
(9, '2025_08_03_110544_create_inventory_logs_table', 1),
(10, '2025_08_03_110544_create_retails_table', 1),
(11, '2025_08_03_110544_create_sale_items_table', 1),
(12, '2025_08_03_110545_create_accounts_table', 1),
(13, '2025_08_03_110545_create_debts_table', 1),
(14, '2025_08_03_110546_create_account_mutations_table', 1),
(15, '2025_08_07_170202_create_incomes_table', 1),
(16, '2025_08_10_230604_add_image_to_accounts_table', 1);

-- --------------------------------------------------------

--
-- Table structure for table `password_reset_tokens`
--

CREATE TABLE `password_reset_tokens` (
  `email` varchar(255) CHARACTER SET utf8mb4 COLLATE utf8mb4_unicode_ci NOT NULL,
  `token` varchar(255) CHARACTER SET utf8mb4 COLLATE utf8mb4_unicode_ci NOT NULL,
  `created_at` timestamp NULL DEFAULT NULL
) ENGINE=InnoDB DEFAULT CHARSET=utf8mb4 COLLATE=utf8mb4_unicode_ci;

-- --------------------------------------------------------

--
-- Table structure for table `products`
--

CREATE TABLE `products` (
  `id` bigint UNSIGNED NOT NULL,
  `name` varchar(255) CHARACTER SET utf8mb4 COLLATE utf8mb4_unicode_ci NOT NULL,
  `product_code` varchar(255) CHARACTER SET utf8mb4 COLLATE utf8mb4_unicode_ci NOT NULL,
  `image` varchar(255) CHARACTER SET utf8mb4 COLLATE utf8mb4_unicode_ci DEFAULT NULL,
  `barcode` varchar(255) CHARACTER SET utf8mb4 COLLATE utf8mb4_unicode_ci NOT NULL,
  `category_id` bigint UNSIGNED NOT NULL,
  `cost_price` decimal(12,2) NOT NULL,
  `price` decimal(12,2) NOT NULL,
  `stock` int NOT NULL DEFAULT '0',
  `description` text CHARACTER SET utf8mb4 COLLATE utf8mb4_unicode_ci,
  `created_at` timestamp NULL DEFAULT NULL,
  `updated_at` timestamp NULL DEFAULT NULL
) ENGINE=InnoDB DEFAULT CHARSET=utf8mb4 COLLATE=utf8mb4_unicode_ci;

--
-- Dumping data for table `products`
--

INSERT INTO `products` (`id`, `name`, `product_code`, `image`, `barcode`, `category_id`, `cost_price`, `price`, `stock`, `description`, `created_at`, `updated_at`) VALUES
(1, 'Axis 1 Hari 1 GB', 'PLGQK180525', 'products/OuRKIrxogOjdFC47rLxSMa1MEZx5yTTW8foOwivk.webp', 'C66E59', 2, 5200.00, 6000.00, 753, 'Voucher Internet Axis', '2025-08-20 12:55:45', '2025-12-02 07:58:31'),
(2, 'Axis 3 Hari 2 GB', 'PHMQ7200050', 'products/JvJKRk1VfU8oJynrYE9z18hqv7BgWIek4WMy0CeI.webp', '9B50B4', 2, 9000.00, 11000.00, 995, 'Voucher Internet Axis', '2025-08-20 13:19:21', '2025-08-30 14:30:46'),
(3, 'Axis 3 Hari 4 GB', 'PATER201924', 'products/6OBiHZVwzsywYcWNb6qr4RXmN4lOFDvErT5vGXux.webp', 'E30A4A', 2, 10500.00, 12000.00, 933, 'Voucher Internet Axis', '2025-08-20 13:20:07', '2025-12-02 07:58:31'),
(4, 'Axis 3 Hari 6 GB', 'PRHAH202010', 'products/5iUMaybxNVF5ff849YAbSP1IH4s8OWSJbg5PTISz.webp', 'CE2DC3', 2, 12000.00, 14000.00, 994, 'Voucher Internet Axis', '2025-08-20 13:20:42', '2025-09-07 04:52:04'),
(5, 'Axis 3 Hari 10 GB', 'PA1TW202047', 'products/fiAGBMtFaj8iYxohjpg8BXK0Ym9UHSRUPkiE4XwU.webp', 'E700BA', 2, 14000.00, 16000.00, 983, 'Voucher Internet Axis', '2025-08-20 13:21:24', '2025-12-02 07:58:31'),
(6, 'Axis 3 Hari 15 GB', 'PZZR1202134', 'products/m3EbKJxDqIFIbFTPbKEjXV3jEbUt3f8EA25fWjx1.webp', '92DBFE', 2, 15600.00, 19000.00, 1000, 'Voucher Internet Axis', '2025-08-20 13:22:52', '2025-08-20 13:22:52'),
(7, 'Axis 5 Hari 2 GB', 'PTJQB202258', 'products/epfNuPfKj6KNWZFjLRzOKvzaZW2G4w8X6FWZEiJl.webp', 'D59CA5', 2, 11500.00, 13000.00, 1000, 'Voucher Internet Axis', '2025-08-20 13:23:50', '2025-08-20 13:23:50'),
(8, 'Axis 5 Hari 4.5 GB', 'POQEM202354', 'products/FK71tcpIxdK08hEMrg9sB4HTHxsA2i5LhPOGimLP.webp', '42AD98', 2, 14300.00, 16000.00, 994, 'Voucher Internet Axis', '2025-08-20 13:24:46', '2025-09-03 07:09:38'),
(9, 'Axis 5 Hari 7.5 GB', 'PHWUF202633', 'products/sBoSqTJUm3h2SEWQwqiN52aaugy9kkjhDi2iAMcv.webp', '272702', 2, 20000.00, 22000.00, 994, 'Voucher Internet Axis', '2025-08-20 13:27:58', '2025-09-07 05:13:06'),
(10, 'Axis 5 Hari 12 GB', 'PQPGY202808', 'products/b0LZF9w9ZVZ3UfHJsDBfFNmmfUTkDjIyUr4bg4xD.webp', '9808BA', 2, 24700.00, 27000.00, 1000, 'Voucher Internet Axis', '2025-08-20 13:28:50', '2025-08-20 13:28:50'),
(11, 'Axis 7 Hari 1.5 GB', 'P0KBF202858', 'products/sprMdEQSJPXg68ytGuauhc09MoqHnPOVulZ93OZs.webp', '7D92F0', 2, 13000.00, 15000.00, 1000, 'Voucher Internet Axis', '2025-08-20 13:29:41', '2025-08-20 13:29:41'),
(12, 'Axis 7 Hari 7 GB', 'P30JP202944', 'products/EmzjnkMNQRMdpmkiGqTeCelFb1mclXw7FFx12fpT.webp', 'D62DBE', 2, 22500.00, 24000.00, 1000, 'Voucher Internet Axis', '2025-08-20 13:30:29', '2025-08-20 13:30:29'),
(13, 'Axis 7 Hari 8.5 GB', 'PAUD4203034', 'products/y7mnkNX5n3Kl2zjM0D6Rm6DVC6Sb98jJTbWT2iHq.webp', 'B38463', 2, 25100.00, 27000.00, 999, 'Voucher Internet Axis', '2025-08-20 13:31:48', '2025-09-01 16:12:03'),
(14, 'Axis 7 Hari 11 GB', 'PMP2T203203', 'products/TFWIjox4syAZJlutb3xW3fI3P6RlxCVYPaMU0WdU.webp', 'B2DD36', 2, 28400.00, 30000.00, 1000, 'Voucher Internet Axis', '2025-08-20 13:32:36', '2025-08-20 13:32:36'),
(17, 'Axis 7 Hari 24 GB', 'PDX7V203310', 'products/vlomUffr7CnBXqmH53pGSVLpRCQiTnKIXqimLtow.webp', '42C415', 2, 39300.00, 41000.00, 1000, 'Voucher Internet Axis', '2025-08-20 13:33:47', '2025-11-30 06:22:22'),
(18, 'Telkomsel 3 Hari 2 GB', 'POGH8203351', 'products/HsZO2hCpswosrmVXke3lc6bTePgZe9UAAtEicXgd.png', '1D486B', 2, 10800.00, 13000.00, 995, 'Voucher Internet Telkomsel', '2025-08-20 13:35:19', '2025-09-02 15:36:41'),
(19, 'Telkomsel 5 Hari 3 GB', 'PPO9Z203525', 'products/DAjPeHN6PxNgU9VWLGKyDJrXKaLuwvZUkzhacKIL.png', 'D9DE62', 2, 13800.00, 15000.00, 994, 'Voucher Internet Telkomsel', '2025-08-20 13:36:11', '2025-09-05 13:07:02'),
(20, 'Telkomsel 7 Hari 7 GB', 'PCXNC203614', 'products/pkFDW7eSTW7dDqOeMgyCynAB48WHiaBYmisp75eI.png', 'A9D988', 2, 27900.00, 29000.00, 997, 'Voucher Internet Telkomsel', '2025-08-20 13:36:55', '2025-09-02 15:36:41'),
(21, 'IM3 1 Hari 2 GB', 'PJ90C203658', 'products/CgXOue7fhI7hXJc0lnJEtJEYiwSFGiEWYk19WQuh.png', '5BC7D2', 2, 6200.00, 7000.00, 999, 'Voucher Internet IM3', '2025-08-20 13:38:12', '2025-11-30 06:23:05'),
(22, 'IM3 5 Hari 6 GB', 'PXJHO203815', 'products/GLDm7fGviiS1wtWVsNBesAJv7S4LX3RpPtyKz7uY.png', 'A9AED4', 2, 14600.00, 17000.00, 999, 'Voucher Internet IM3', '2025-08-20 13:39:36', '2025-11-30 06:24:44'),
(23, 'IM3 5 Hari 8 GB', 'PUEUP204452', 'products/aQdySw73RFBljGGyqTLzQYNqL4F9UIOwaz7NdghZ.png', 'FFB835', 2, 17800.00, 20000.00, 998, 'Voucher Internet IM3', '2025-08-20 13:45:31', '2025-11-30 06:25:20'),
(24, 'Tri 1 Hari 2 GB', 'PFPMB204544', 'products/qfmwpApyhu6Q18GklQTXMvCGczsrqaFd2tsLe8Il.png', '88A2DB', 2, 5000.00, 6000.00, 993, 'Voucher Internet Tri', '2025-08-20 13:46:16', '2025-09-03 12:57:20'),
(25, 'Token PLN 20', 'P4MKN193726', 'products/Yg1bn5Bvar8YOQkD8B55eL6MBxK7UnhOp9Kg8KmO.png', '09D686', 10, 20700.00, 23000.00, 971, 'Token PLN 20 Ribu', '2025-08-23 12:40:21', '2025-09-07 05:13:06'),
(26, 'Token PLN 50', 'P403N194024', 'products/2UrPAAhLh07IR7oc6f3FxPqzfReWIkLQgp3vpJNx.png', '51FE84', 10, 50700.00, 53000.00, 995, 'Token PLN 50 Ribu', '2025-08-23 12:41:13', '2025-09-05 13:07:02'),
(27, 'Token PLN 100', 'PRYTC194117', 'products/jRVwroseTcAC2sBL8I102Aismrn6zjTU4sdcZRqJ.png', '652B38', 10, 100700.00, 103000.00, 998, 'Token PLN 100 Ribu', '2025-08-23 12:42:11', '2025-08-31 06:14:21'),
(28, 'Token PLN 200', 'P4AWU194214', 'products/vB1O28zgplX8MrnJG75fopScW13YL5iMcaZC962J.png', '64C8DD', 10, 200700.00, 203000.00, 999, 'Token PLN 200 Ribu', '2025-08-23 12:42:49', '2025-09-02 15:36:41'),
(29, 'IM3 5 Hari 4 GB', 'PGZ0F132524', 'products/s0aBEbkCiRjeEkSrreLWaxJ7vnGWDFVgeFtv3Ei9.png', 'EF71CC', 2, 13400.00, 15000.00, 999, 'description', '2025-11-30 06:28:26', '2025-11-30 06:28:26'),
(30, 'IM3 7 Hari 11 GB', 'PGIDF133245', 'products/mM33rQbCFu7naDXfoPro8fZB941JmIM4jSosac1S.png', '9F94E1', 2, 24000.00, 26000.00, 1000, 'description', '2025-11-30 06:33:25', '2025-11-30 06:33:25'),
(31, 'Tri 3 Hari 5 GB', 'P7YBE133902', 'products/WC2QHnH5KmzHGX83TAIHlZ6AUvo2Y7p50T986GeM.png', '62FC16', 2, 11000.00, 13000.00, 1000, 'description', '2025-11-30 06:41:16', '2025-11-30 06:41:16'),
(32, 'Tri 5 Hari 10 GB', 'PZOLX134120', 'products/SO40tQZ98lJ82KGPviaSqvrp3OpEEtSe5xnvJkkR.png', 'B73230', 2, 20500.00, 23000.00, 1000, 'description', '2025-11-30 06:42:22', '2025-11-30 06:42:22'),
(33, 'Baterai PNS CR2032', 'PG8J3135651', 'products/zntha8K6nOT0e0mTtzhuV7qLBzcdCQLLgk5TjHnn.jpg', '4984824343108', 3, 6000.00, 8000.00, 5, 'Baterai Coin', '2025-11-30 07:00:13', '2025-11-30 07:00:41'),
(34, 'Double Tape Cello 1/2', 'P8L9I140526', 'products/HGz7boxMKFTEylEBqhAtRAJJxSyoTNmW3juSn6pT.jpg', '9C77FE', 6, 2084.00, 4000.00, 13, 'Dobel Tep, setengah inci', '2025-11-30 07:07:58', '2025-11-30 07:07:58'),
(35, 'LEM BAKAR BESAR', 'PP3SR143438', NULL, 'EBC7D5', 4, 2084.00, 4000.00, 12, 'Lem Tembak, bakar besar', '2025-11-30 07:36:15', '2025-11-30 07:38:13'),
(36, 'LEM BAKAR KECIL', 'P2ICC143625', NULL, '4BC29F', 4, 834.00, 1500.00, 14, 'Lem tembak, kecil', '2025-11-30 07:37:59', '2025-11-30 07:38:22'),
(37, 'Map Plastik Tali Biru Folder', 'PE2TB143829', NULL, '5C5D1E', 6, 1840.00, 3000.00, 12, 'Map biru plastik', '2025-11-30 07:39:27', '2025-11-30 07:39:27'),
(38, 'Buku Gambar A4 Polos Tipis', 'PQM8D144117', NULL, '34FB56', 1, 1200.00, 2500.00, 25, 'Buku Gambar', '2025-11-30 07:42:10', '2025-11-30 07:42:10'),
(39, 'Baterai ABC A3', 'PCOJT144322', NULL, 'A18F4F', 3, 2167.00, 3500.00, 14, 'Batre Kecil ABC A3', '2025-11-30 07:44:57', '2025-11-30 07:44:57'),
(40, 'Lem Kambing Odol', 'PCUMS144501', NULL, '88BBAC', 4, 7500.00, 12000.00, 6, 'Lem Kambing Odol, Goat', '2025-11-30 07:46:25', '2025-11-30 07:46:25'),
(41, 'Card Reader Putar', 'PCVPC144630', NULL, '19DB43', 3, 6500.00, 12000.00, 6, 'Card Reader Untuk Micro Sd dan teman teman', '2025-11-30 07:47:41', '2025-11-30 07:47:41'),
(42, 'Lem Fox 150Gr', 'PPXJT144744', NULL, '5762EC', 4, 9000.00, 15000.00, 6, 'Lem Fox Botol', '2025-11-30 07:48:47', '2025-11-30 07:48:47'),
(43, 'Stop Map Sika Biru', 'PXCP6144850', NULL, '36FE19', 6, 540.00, 2000.00, 50, 'Stop Map Biru Kertas', '2025-11-30 07:52:12', '2025-11-30 07:52:12'),
(44, 'Stop Map Meliwis Merah', 'PF9ZY145216', NULL, '29E95A', 6, 540.00, 2000.00, 50, 'Stop map merah kertas', '2025-11-30 07:52:43', '2025-11-30 07:52:43'),
(45, 'Kertas Manila Kilat Merah', 'PKDJK145631', NULL, '702426', 4, 1200.00, 2000.00, 25, 'Kertas Manila Merah', '2025-11-30 07:57:46', '2025-11-30 07:57:46'),
(46, 'Kertas Minyak', 'PGJFJ145750', NULL, '0C7CCD', 4, 1200.00, 2000.00, 80, 'Kertas Minyak all color', '2025-11-30 08:05:40', '2025-11-30 08:05:40'),
(47, 'Bon Faktur R2 G Kecil Datar', 'POCXU150543', NULL, '547047', 4, 1834.00, 3000.00, 12, 'Bon Faktur Kecil 2 Rangkap', '2025-11-30 08:07:19', '2025-11-30 08:07:19'),
(48, 'Lem Top Mini 25 GR', 'PZQEW150722', NULL, '07D629', 4, 1167.00, 2500.00, 11, 'Lem Top Mini 25 Gram', '2025-11-30 08:08:21', '2025-11-30 08:08:21'),
(49, 'Pensil 2B Squezzy', 'PULF1150824', NULL, '5C8847', 4, 834.00, 1500.00, 12, 'Pensil Gradasi warna warni squezzy', '2025-11-30 08:09:31', '2025-11-30 08:09:31'),
(50, 'Pulpen Tinta Basah Kenko', 'POZ9O150934', NULL, 'BFCB35', 4, 2334.00, 3500.00, 12, 'Pulpen Gel Tinta Basah Kenko', '2025-11-30 08:14:00', '2025-11-30 08:14:00'),
(51, 'Pulpen Gel Tinta Basah Pacman', 'PO1U6151404', NULL, '8D6984', 4, 1000.00, 3000.00, 12, 'Pulpen Gel Tinta Basah Pacman', '2025-11-30 08:15:19', '2025-11-30 08:15:19'),
(52, 'Pulpen V-tec Urban Hitam', 'PZMCO151522', NULL, '88AA74', 4, 917.00, 2000.00, 21, 'Pulpen V-Tec Urban Gel Pen Hitam', '2025-11-30 08:17:05', '2025-11-30 08:17:05'),
(53, 'Lem G Serba Guna', 'PJMZ8151722', NULL, '949B58', 4, 4167.00, 6000.00, 12, 'Lem Setan Serbaguna', '2025-11-30 08:18:05', '2025-11-30 08:18:05'),
(54, 'Pita Jepang Rose ( Ribbon )', 'PBKAS151808', NULL, 'D3A3F5', 5, 3500.00, 5000.00, 8, 'Pita Sendaren Layangan', '2025-11-30 08:19:23', '2025-12-02 07:49:41'),
(55, 'Setip Greebel Putih EW-30M', 'PW1ZR151925', NULL, '476497', 4, 1167.00, 1500.00, 10, 'Penghapus greebel putih, eraser', '2025-11-30 08:21:37', '2025-11-30 08:21:37'),
(56, 'Origami Forte 16x16', 'PMSVK152328', NULL, '793009', 4, 2667.00, 5000.00, 6, 'Origami Forte 16x16', '2025-11-30 08:24:57', '2025-11-30 08:24:57'),
(57, 'Paku Payung VGEN', 'PMW1A152500', NULL, '8B5C29', 9, 500.00, 2000.00, 8, 'Paku Payung perbox kecil', '2025-11-30 08:26:29', '2025-11-30 08:26:29'),
(58, 'Lem Cair Vitara Kecil', 'PBHIB152708', NULL, '33ADE4', 4, 1542.00, 3000.00, 6, 'Lem Kertas Kecil', '2025-11-30 08:28:42', '2025-11-30 08:28:42'),
(59, 'Paper Klip VTEC no1', 'PAT3D152846', NULL, '2F1AC8', 6, 1800.00, 3500.00, 8, 'Paper Klip VTEC , penjepit kertas', '2025-11-30 08:30:46', '2025-11-30 08:30:46'),
(60, 'F4 SIDU 80GR', 'PKJYW153049', NULL, '89754F', 4, 130.00, 250.00, 500, 'Kertas A4 Sidu 80 Gr', '2025-11-30 08:32:54', '2025-11-30 08:32:54'),
(61, 'Isolasi Koin Tebal 1/2\"', 'P45UW164744', NULL, '299866', 4, 834.00, 2000.00, 11, 'Selotip bening kecil', '2025-11-30 09:49:56', '2025-11-30 09:49:56'),
(62, 'Opp GP Red Coklat Tebal', 'PCCUJ165415', NULL, 'F53332', 4, 6750.00, 10000.00, 2, 'Lakban Coklat Tebal', '2025-11-30 09:55:53', '2025-11-30 09:55:53'),
(63, 'Isolasi Goldtape Hitam', 'PFZEL165556', NULL, '1D0822', 4, 709.00, 2000.00, 4, 'Isolasi Goldtape Hitam, Lakban Hitam Kecil', '2025-11-30 09:59:11', '2025-11-30 09:59:11'),
(64, 'Tulang Jilid Hijau', 'PVQFJ165914', NULL, '658047', 4, 834.00, 1500.00, 10, 'Tulang Jilid Hijau Batang untuk cliping', '2025-11-30 10:01:07', '2025-11-30 10:01:07'),
(65, 'Plastik Mika Sejati / Glover', 'PJUXK170110', NULL, '360D6F', 6, 320.00, 500.00, 90, 'Plastik Mika Untuk Cover Depan Jilid', '2025-11-30 10:03:59', '2025-11-30 10:03:59'),
(66, 'Kertas Jeruk Biru Sedang', 'PFCYM170408', NULL, '44D6F6', 6, 280.00, 500.00, 90, 'Kertas Jeruk Biru Sedang 1 Pak', '2025-11-30 10:05:22', '2025-11-30 10:05:22'),
(67, 'Hekter VTEC HD10V', 'PASLQ170545', NULL, '3079D1', 6, 8500.00, 12000.00, 5, 'Hekter kecil untuk kertas', '2025-11-30 10:06:26', '2025-11-30 10:06:26'),
(68, 'Pita Satin 1/4 Putih', 'PBXB9170643', NULL, 'FFDFB9', 5, 4000.00, 5000.00, 1, 'Pita Satin 1/4\" Putih', '2025-11-30 10:07:20', '2025-11-30 10:07:20'),
(69, 'Pita Satin 1/4 Merah', 'PLYGE170724', NULL, '1A66AC', 5, 4000.00, 5000.00, 1, 'Pita Satin 1/4\" Merah', '2025-11-30 10:07:53', '2025-11-30 10:07:53'),
(70, 'Sampul Opp Lem Quarto Simpat', 'PNG5J170819', NULL, '231355', 5, 500.00, 1000.00, 15, 'Sampul Buku Kecil Satuan Siap Pakai', '2025-11-30 10:13:29', '2025-11-30 10:13:29'),
(71, 'Stipo Kenko KE-01 Red', 'PURSL171416', NULL, '1515D2', 4, 4750.00, 6000.00, 12, 'Stipo Kenko Merah, Stipek Kenko', '2025-11-30 10:15:21', '2025-11-30 10:15:21'),
(72, 'Baterai ABC A2 Hijau', 'PHNKT171530', NULL, 'DC79A5', 3, 2042.00, 3000.00, 11, 'Batre ABC Hijau', '2025-11-30 10:18:22', '2025-11-30 10:18:22'),
(73, 'Setip Emigo PB 840 Hitam', 'P0WCT171901', NULL, '70D1B5', 4, 375.00, 2000.00, 30, 'Setip hitam emigo', '2025-11-30 12:21:15', '2025-11-30 12:21:15');

-- --------------------------------------------------------

--
-- Table structure for table `retails`
--

CREATE TABLE `retails` (
  `id` bigint UNSIGNED NOT NULL,
  `name` varchar(255) CHARACTER SET utf8mb4 COLLATE utf8mb4_unicode_ci NOT NULL,
  `address` text CHARACTER SET utf8mb4 COLLATE utf8mb4_unicode_ci,
  `created_at` timestamp NULL DEFAULT NULL,
  `updated_at` timestamp NULL DEFAULT NULL
) ENGINE=InnoDB DEFAULT CHARSET=utf8mb4 COLLATE=utf8mb4_unicode_ci;

-- --------------------------------------------------------

--
-- Table structure for table `sales`
--

CREATE TABLE `sales` (
  `id` bigint UNSIGNED NOT NULL,
  `invoice` varchar(255) CHARACTER SET utf8mb4 COLLATE utf8mb4_unicode_ci NOT NULL,
  `user_id` bigint UNSIGNED NOT NULL,
  `customer_id` bigint UNSIGNED DEFAULT NULL,
  `total` decimal(12,2) NOT NULL,
  `payment` decimal(12,2) NOT NULL,
  `change` decimal(12,2) NOT NULL,
  `created_at` timestamp NULL DEFAULT NULL,
  `updated_at` timestamp NULL DEFAULT NULL
) ENGINE=InnoDB DEFAULT CHARSET=utf8mb4 COLLATE=utf8mb4_unicode_ci;

--
-- Dumping data for table `sales`
--

INSERT INTO `sales` (`id`, `invoice`, `user_id`, `customer_id`, `total`, `payment`, `change`, `created_at`, `updated_at`) VALUES
(1, 'INV-20250820205333-933', 1, NULL, 6000.00, 6000.00, 0.00, '2025-08-20 13:53:33', '2025-08-20 13:53:33'),
(2, 'INV-20250820205753-781', 1, NULL, 6000.00, 6000.00, 0.00, '2025-08-20 13:57:53', '2025-08-20 13:57:53'),
(3, 'INV-20250820210626-323', 1, NULL, 12000.00, 12000.00, 0.00, '2025-08-20 14:06:26', '2025-08-20 14:06:26'),
(4, 'INV-20250822204432-856', 1, NULL, 6000.00, 6000.00, 0.00, '2025-08-22 13:44:32', '2025-08-22 13:44:32'),
(5, 'INV-20250822204454-448', 1, NULL, 6000.00, 6000.00, 0.00, '2025-08-22 13:44:54', '2025-08-22 13:44:54'),
(6, 'INV-20250822210207-450', 1, NULL, 34000.00, 34000.00, 0.00, '2025-08-22 14:02:07', '2025-08-22 14:02:07'),
(7, 'INV-20250822210632-171', 1, NULL, 6000.00, 6000.00, 0.00, '2025-08-22 14:06:32', '2025-08-22 14:06:32'),
(8, 'INV-20250822210921-666', 1, NULL, 6000.00, 6000.00, 0.00, '2025-08-22 14:09:21', '2025-08-22 14:09:21'),
(9, 'INV-20250822211056-197', 1, NULL, 6000.00, 6000.00, 0.00, '2025-08-22 14:10:56', '2025-08-22 14:10:56'),
(10, 'INV-20250823103536-549', 1, NULL, 6000.00, 6000.00, 0.00, '2025-08-23 03:35:36', '2025-08-23 03:35:36'),
(11, 'INV-20250823104044-782', 1, NULL, 16000.00, 16000.00, 0.00, '2025-08-23 03:40:44', '2025-08-23 03:40:44'),
(12, 'INV-20250823123232-380', 1, NULL, 24000.00, 24000.00, 0.00, '2025-08-23 05:32:32', '2025-08-23 05:32:32'),
(13, 'INV-20250823123400-325', 1, NULL, 12000.00, 12000.00, 0.00, '2025-08-23 05:34:00', '2025-08-23 05:34:00'),
(14, 'INV-20250823175011-165', 1, NULL, 24000.00, 24000.00, 0.00, '2025-08-23 10:50:11', '2025-08-23 10:50:11'),
(15, 'INV-20250823175834-890', 1, NULL, 26000.00, 26000.00, 0.00, '2025-08-23 10:58:34', '2025-08-23 10:58:34'),
(16, 'INV-20250823193637-898', 1, NULL, 12000.00, 12000.00, 0.00, '2025-08-23 12:36:37', '2025-08-23 12:36:37'),
(17, 'INV-20250823195020-925', 1, NULL, 12000.00, 12000.00, 0.00, '2025-08-23 12:50:20', '2025-08-23 12:50:20'),
(18, 'INV-20250823195838-986', 1, NULL, 6000.00, 6000.00, 0.00, '2025-08-23 12:58:38', '2025-08-23 12:58:38'),
(19, 'INV-20250823204456-217', 1, NULL, 17000.00, 17000.00, 0.00, '2025-08-23 13:44:56', '2025-08-23 13:44:56'),
(20, 'INV-20250823205320-115', 1, NULL, 81000.00, 81000.00, 0.00, '2025-08-23 13:53:20', '2025-08-23 13:53:20'),
(21, 'INV-20250823214044-463', 1, NULL, 18000.00, 18000.00, 0.00, '2025-08-23 14:40:44', '2025-08-23 14:40:44'),
(22, 'INV-20250823230449-680', 1, NULL, 12000.00, 12000.00, 0.00, '2025-08-23 16:04:49', '2025-08-23 16:04:49'),
(23, 'INV-20250824112830-436', 1, NULL, 6000.00, 6000.00, 0.00, '2025-08-24 04:28:30', '2025-08-24 04:28:30'),
(24, 'INV-20250824115200-489', 1, NULL, 12000.00, 12000.00, 0.00, '2025-08-24 04:52:00', '2025-08-24 04:52:00'),
(25, 'INV-20250824130234-939', 1, NULL, 24000.00, 24000.00, 0.00, '2025-08-24 06:02:34', '2025-08-24 06:02:34'),
(26, 'INV-20250824131640-577', 1, NULL, 23000.00, 23000.00, 0.00, '2025-08-24 06:16:40', '2025-08-24 06:16:40'),
(27, 'INV-20250824131728-681', 1, NULL, 12000.00, 12000.00, 0.00, '2025-08-24 06:17:28', '2025-08-24 06:17:28'),
(28, 'INV-20250824140118-547', 1, NULL, 6000.00, 6000.00, 0.00, '2025-08-24 07:01:18', '2025-08-24 07:01:18'),
(29, 'INV-20250824140700-995', 1, NULL, 23000.00, 23000.00, 0.00, '2025-08-24 07:07:00', '2025-08-24 07:07:00'),
(30, 'INV-20250824141653-620', 1, NULL, 12000.00, 12000.00, 0.00, '2025-08-24 07:16:53', '2025-08-24 07:16:53'),
(31, 'INV-20250824144008-315', 1, NULL, 12000.00, 12000.00, 0.00, '2025-08-24 07:40:08', '2025-08-24 07:40:08'),
(32, 'INV-20250824145135-827', 1, NULL, 23000.00, 23000.00, 0.00, '2025-08-24 07:51:35', '2025-08-24 07:51:35'),
(33, 'INV-20250824145517-924', 1, NULL, 12000.00, 12000.00, 0.00, '2025-08-24 07:55:17', '2025-08-24 07:55:17'),
(34, 'INV-20250824200229-641', 1, NULL, 64000.00, 64000.00, 0.00, '2025-08-24 13:02:29', '2025-08-24 13:02:29'),
(35, 'INV-20250824201702-924', 1, NULL, 16000.00, 16000.00, 0.00, '2025-08-24 13:17:02', '2025-08-24 13:17:02'),
(36, 'INV-20250824202149-450', 1, NULL, 6000.00, 6000.00, 0.00, '2025-08-24 13:21:49', '2025-08-24 13:21:49'),
(37, 'INV-20250824203301-371', 1, NULL, 20000.00, 20000.00, 0.00, '2025-08-24 13:33:01', '2025-08-24 13:33:01'),
(38, 'INV-20250824204811-988', 1, NULL, 6000.00, 6000.00, 0.00, '2025-08-24 13:48:11', '2025-08-24 13:48:11'),
(39, 'INV-20250824210624-605', 1, NULL, 16000.00, 16000.00, 0.00, '2025-08-24 14:06:24', '2025-08-24 14:06:24'),
(40, 'INV-20250824211941-594', 1, NULL, 12000.00, 12000.00, 0.00, '2025-08-24 14:19:41', '2025-08-24 14:19:41'),
(41, 'INV-20250824220250-989', 1, NULL, 30000.00, 30000.00, 0.00, '2025-08-24 15:02:50', '2025-08-24 15:02:50'),
(42, 'INV-20250825164514-140', 1, NULL, 6000.00, 6000.00, 0.00, '2025-08-25 09:45:14', '2025-08-25 09:45:14'),
(43, 'INV-20250825175423-345', 1, NULL, 30000.00, 30000.00, 0.00, '2025-08-25 10:54:23', '2025-08-25 10:54:23'),
(44, 'INV-20250825182715-967', 1, NULL, 18000.00, 18000.00, 0.00, '2025-08-25 11:27:15', '2025-08-25 11:27:15'),
(45, 'INV-20250825193525-919', 1, NULL, 20000.00, 20000.00, 0.00, '2025-08-25 12:35:25', '2025-08-25 12:35:25'),
(46, 'INV-20250825195448-445', 1, NULL, 12000.00, 12000.00, 0.00, '2025-08-25 12:54:48', '2025-08-25 12:54:48'),
(47, 'INV-20250825195456-160', 1, NULL, 23000.00, 23000.00, 0.00, '2025-08-25 12:54:56', '2025-08-25 12:54:56'),
(48, 'INV-20250825202841-594', 1, NULL, 6000.00, 6000.00, 0.00, '2025-08-25 13:28:41', '2025-08-25 13:28:41'),
(49, 'INV-20250825204534-283', 1, NULL, 6000.00, 6000.00, 0.00, '2025-08-25 13:45:34', '2025-08-25 13:45:34'),
(50, 'INV-20250825211311-682', 1, NULL, 6000.00, 6000.00, 0.00, '2025-08-25 14:13:11', '2025-08-25 14:13:11'),
(51, 'INV-20250826185449-788', 1, NULL, 56000.00, 56000.00, 0.00, '2025-08-26 11:54:49', '2025-08-26 11:54:49'),
(52, 'INV-20250826205443-877', 1, NULL, 36000.00, 36000.00, 0.00, '2025-08-26 13:54:43', '2025-08-26 13:54:43'),
(53, 'INV-20250827102518-667', 1, NULL, 57000.00, 57000.00, 0.00, '2025-08-27 03:25:18', '2025-08-27 03:25:18'),
(54, 'INV-20250827123459-925', 1, NULL, 12000.00, 12000.00, 0.00, '2025-08-27 05:34:59', '2025-08-27 05:34:59'),
(55, 'INV-20250827124045-265', 1, NULL, 6000.00, 6000.00, 0.00, '2025-08-27 05:40:45', '2025-08-27 05:40:45'),
(56, 'INV-20250827124752-514', 1, NULL, 12000.00, 12000.00, 0.00, '2025-08-27 05:47:52', '2025-08-27 05:47:52'),
(57, 'INV-20250827132036-382', 1, NULL, 16000.00, 16000.00, 0.00, '2025-08-27 06:20:36', '2025-08-27 06:20:36'),
(58, 'INV-20250827150424-256', 1, NULL, 6000.00, 6000.00, 0.00, '2025-08-27 08:04:24', '2025-08-27 08:04:24'),
(59, 'INV-20250827181346-623', 1, NULL, 23000.00, 23000.00, 0.00, '2025-08-27 11:13:46', '2025-08-27 11:13:46'),
(60, 'INV-20250827181402-576', 1, NULL, 53000.00, 53000.00, 0.00, '2025-08-27 11:14:02', '2025-08-27 11:14:02'),
(61, 'INV-20250827213538-951', 1, NULL, 177000.00, 177000.00, 0.00, '2025-08-27 14:35:38', '2025-08-27 14:35:38'),
(62, 'INV-20250828223320-655', 1, NULL, 477000.00, 477000.00, 0.00, '2025-08-28 15:33:20', '2025-08-28 15:33:20'),
(63, 'INV-20250828223341-858', 1, NULL, 6000.00, 6000.00, 0.00, '2025-08-28 15:33:41', '2025-08-28 15:33:41'),
(64, 'INV-20250830131055-356', 1, NULL, 40000.00, 40000.00, 0.00, '2025-08-30 06:10:55', '2025-08-30 06:10:55'),
(65, 'INV-20250830134417-693', 1, NULL, 6000.00, 6000.00, 0.00, '2025-08-30 06:44:17', '2025-08-30 06:44:17'),
(66, 'INV-20250830172424-671', 1, NULL, 38000.00, 38000.00, 0.00, '2025-08-30 10:24:24', '2025-08-30 10:24:24'),
(67, 'INV-20250830172924-800', 1, NULL, 58000.00, 58000.00, 0.00, '2025-08-30 10:29:24', '2025-08-30 10:29:24'),
(68, 'INV-20250830173453-635', 1, NULL, 12000.00, 12000.00, 0.00, '2025-08-30 10:34:53', '2025-08-30 10:34:53'),
(69, 'INV-20250830174400-626', 1, NULL, 29000.00, 29000.00, 0.00, '2025-08-30 10:44:00', '2025-08-30 10:44:00'),
(70, 'INV-20250830193414-819', 1, NULL, 77000.00, 77000.00, 0.00, '2025-08-30 12:34:14', '2025-08-30 12:34:14'),
(71, 'INV-20250830203258-795', 1, NULL, 18000.00, 18000.00, 0.00, '2025-08-30 13:32:58', '2025-08-30 13:32:58'),
(72, 'INV-20250830203303-648', 1, NULL, 16000.00, 16000.00, 0.00, '2025-08-30 13:33:03', '2025-08-30 13:33:03'),
(73, 'INV-20250830203310-479', 1, NULL, 23000.00, 23000.00, 0.00, '2025-08-30 13:33:10', '2025-08-30 13:33:10'),
(74, 'INV-20250830203834-854', 1, NULL, 6000.00, 6000.00, 0.00, '2025-08-30 13:38:34', '2025-08-30 13:38:34'),
(75, 'INV-20250830204003-259', 1, NULL, 25000.00, 25000.00, 0.00, '2025-08-30 13:40:03', '2025-08-30 13:40:03'),
(76, 'INV-20250830204329-318', 1, NULL, 12000.00, 12000.00, 0.00, '2025-08-30 13:43:29', '2025-08-30 13:43:29'),
(77, 'INV-20250830211036-608', 1, NULL, 6000.00, 6000.00, 0.00, '2025-08-30 14:10:36', '2025-08-30 14:10:36'),
(78, 'INV-20250830213046-477', 1, NULL, 34000.00, 34000.00, 0.00, '2025-08-30 14:30:46', '2025-08-30 14:30:46'),
(79, 'INV-20250830213534-179', 1, NULL, 12000.00, 12000.00, 0.00, '2025-08-30 14:35:34', '2025-08-30 14:35:34'),
(80, 'INV-20250830232426-434', 1, NULL, 12000.00, 12000.00, 0.00, '2025-08-30 16:24:26', '2025-08-30 16:24:26'),
(81, 'INV-20250831114937-167', 1, NULL, 18000.00, 18000.00, 0.00, '2025-08-31 04:49:37', '2025-08-31 04:49:37'),
(82, 'INV-20250831131421-709', 1, NULL, 127000.00, 127000.00, 0.00, '2025-08-31 06:14:21', '2025-08-31 06:14:21'),
(83, 'INV-20250831132435-563', 1, NULL, 6000.00, 6000.00, 0.00, '2025-08-31 06:24:35', '2025-08-31 06:24:35'),
(84, 'INV-20250831132936-519', 1, NULL, 6000.00, 6000.00, 0.00, '2025-08-31 06:29:36', '2025-08-31 06:29:36'),
(85, 'INV-20250831200932-161', 1, NULL, 126000.00, 126000.00, 0.00, '2025-08-31 13:09:32', '2025-08-31 13:09:32'),
(86, 'INV-20250831203502-106', 1, NULL, 12000.00, 12000.00, 0.00, '2025-08-31 13:35:02', '2025-08-31 13:35:02'),
(87, 'INV-20250901231203-554', 1, NULL, 355000.00, 355000.00, 0.00, '2025-09-01 16:12:03', '2025-09-01 16:12:03'),
(88, 'INV-20250902223641-712', 1, NULL, 887000.00, 887000.00, 0.00, '2025-09-02 15:36:41', '2025-09-02 15:36:41'),
(89, 'INV-20250903122424-788', 1, NULL, 24000.00, 24000.00, 0.00, '2025-09-03 05:24:24', '2025-09-03 05:24:24'),
(90, 'INV-20250903122526-407', 1, NULL, 12000.00, 12000.00, 0.00, '2025-09-03 05:25:26', '2025-09-03 05:25:26'),
(91, 'INV-20250903135548-496', 1, NULL, 18000.00, 18000.00, 0.00, '2025-09-03 06:55:48', '2025-09-03 06:55:48'),
(92, 'INV-20250903140036-836', 1, NULL, 12000.00, 12000.00, 0.00, '2025-09-03 07:00:36', '2025-09-03 07:00:36'),
(93, 'INV-20250903140938-990', 1, NULL, 16000.00, 16000.00, 0.00, '2025-09-03 07:09:38', '2025-09-03 07:09:38'),
(94, 'INV-20250903143744-502', 1, NULL, 6000.00, 6000.00, 0.00, '2025-09-03 07:37:44', '2025-09-03 07:37:44'),
(95, 'INV-20250903143922-718', 1, NULL, 6000.00, 6000.00, 0.00, '2025-09-03 07:39:22', '2025-09-03 07:39:22'),
(96, 'INV-20250903150717-394', 1, NULL, 6000.00, 6000.00, 0.00, '2025-09-03 08:07:17', '2025-09-03 08:07:17'),
(97, 'INV-20250903165401-955', 1, NULL, 6000.00, 6000.00, 0.00, '2025-09-03 09:54:01', '2025-09-03 09:54:01'),
(98, 'INV-20250903165411-838', 1, NULL, 6000.00, 6000.00, 0.00, '2025-09-03 09:54:11', '2025-09-03 09:54:11'),
(99, 'INV-20250903165422-620', 1, NULL, 6000.00, 6000.00, 0.00, '2025-09-03 09:54:22', '2025-09-03 09:54:22'),
(100, 'INV-20250903170543-709', 1, NULL, 12000.00, 12000.00, 0.00, '2025-09-03 10:05:43', '2025-09-03 10:05:43'),
(101, 'INV-20250903170553-757', 1, NULL, 26000.00, 26000.00, 0.00, '2025-09-03 10:05:53', '2025-09-03 10:05:53'),
(102, 'INV-20250903174658-368', 1, NULL, 6000.00, 6000.00, 0.00, '2025-09-03 10:46:58', '2025-09-03 10:46:58'),
(103, 'INV-20250903175419-541', 1, NULL, 23000.00, 23000.00, 0.00, '2025-09-03 10:54:19', '2025-09-03 10:54:19'),
(104, 'INV-20250903185920-501', 1, NULL, 6000.00, 6000.00, 0.00, '2025-09-03 11:59:20', '2025-09-03 11:59:20'),
(105, 'INV-20250903190300-888', 1, NULL, 6000.00, 6000.00, 0.00, '2025-09-03 12:03:00', '2025-09-03 12:03:00'),
(106, 'INV-20250903195720-833', 1, NULL, 58000.00, 58000.00, 0.00, '2025-09-03 12:57:20', '2025-09-03 12:57:20'),
(107, 'INV-20250903200240-625', 1, NULL, 6000.00, 6000.00, 0.00, '2025-09-03 13:02:40', '2025-09-03 13:02:40'),
(108, 'INV-20250903201930-352', 1, NULL, 6000.00, 6000.00, 0.00, '2025-09-03 13:19:30', '2025-09-03 13:19:30'),
(109, 'INV-20250903202826-601', 1, NULL, 74000.00, 74000.00, 0.00, '2025-09-03 13:28:26', '2025-09-03 13:28:26'),
(110, 'INV-20250904125258-920', 1, NULL, 6000.00, 6000.00, 0.00, '2025-09-04 05:52:58', '2025-09-04 05:52:58'),
(111, 'INV-20250904125318-543', 1, NULL, 6000.00, 6000.00, 0.00, '2025-09-04 05:53:18', '2025-09-04 05:53:18'),
(112, 'INV-20250904125339-276', 1, NULL, 16000.00, 16000.00, 0.00, '2025-09-04 05:53:40', '2025-09-04 05:53:40'),
(113, 'INV-20250904125352-398', 1, NULL, 12000.00, 12000.00, 0.00, '2025-09-04 05:53:52', '2025-09-04 05:53:52'),
(114, 'INV-20250904125404-643', 1, NULL, 12000.00, 12000.00, 0.00, '2025-09-04 05:54:04', '2025-09-04 05:54:04'),
(115, 'INV-20250904125417-886', 1, NULL, 12000.00, 12000.00, 0.00, '2025-09-04 05:54:17', '2025-09-04 05:54:17'),
(116, 'INV-20250904125509-607', 1, NULL, 16000.00, 16000.00, 0.00, '2025-09-04 05:55:09', '2025-09-04 05:55:09'),
(117, 'INV-20250904130804-177', 1, NULL, 6000.00, 6000.00, 0.00, '2025-09-04 06:08:04', '2025-09-04 06:08:04'),
(118, 'INV-20250904130813-293', 1, NULL, 6000.00, 6000.00, 0.00, '2025-09-04 06:08:13', '2025-09-04 06:08:13'),
(119, 'INV-20250904142225-406', 1, NULL, 15000.00, 15000.00, 0.00, '2025-09-04 07:22:25', '2025-09-04 07:22:25'),
(120, 'INV-20250904144718-994', 1, NULL, 12000.00, 12000.00, 0.00, '2025-09-04 07:47:18', '2025-09-04 07:47:18'),
(121, 'INV-20250904151009-604', 1, NULL, 15000.00, 15000.00, 0.00, '2025-09-04 08:10:09', '2025-09-04 08:10:09'),
(122, 'INV-20250904151651-131', 1, NULL, 22000.00, 22000.00, 0.00, '2025-09-04 08:16:51', '2025-09-04 08:16:51'),
(123, 'INV-20250904151838-128', 1, NULL, 6000.00, 6000.00, 0.00, '2025-09-04 08:18:38', '2025-09-04 08:18:38'),
(124, 'INV-20250904151851-435', 1, NULL, 16000.00, 16000.00, 0.00, '2025-09-04 08:18:51', '2025-09-04 08:18:51'),
(125, 'INV-20250904181706-527', 1, NULL, 6000.00, 6000.00, 0.00, '2025-09-04 11:17:06', '2025-09-04 11:17:06'),
(126, 'INV-20250904181715-542', 1, NULL, 6000.00, 6000.00, 0.00, '2025-09-04 11:17:15', '2025-09-04 11:17:15'),
(127, 'INV-20250904181734-340', 1, NULL, 12000.00, 12000.00, 0.00, '2025-09-04 11:17:34', '2025-09-04 11:17:34'),
(128, 'INV-20250904182122-463', 1, NULL, 23000.00, 23000.00, 0.00, '2025-09-04 11:21:22', '2025-09-04 11:21:22'),
(129, 'INV-20250904192633-243', 1, NULL, 6000.00, 6000.00, 0.00, '2025-09-04 12:26:33', '2025-09-04 12:26:33'),
(130, 'INV-20250904193024-794', 1, NULL, 6000.00, 6000.00, 0.00, '2025-09-04 12:30:24', '2025-09-04 12:30:24'),
(131, 'INV-20250904205945-244', 1, NULL, 6000.00, 6000.00, 0.00, '2025-09-04 13:59:45', '2025-09-04 13:59:45'),
(132, 'INV-20250905121907-192', 1, NULL, 12000.00, 12000.00, 0.00, '2025-09-05 05:19:07', '2025-09-05 05:19:07'),
(133, 'INV-20250905121920-738', 1, NULL, 6000.00, 6000.00, 0.00, '2025-09-05 05:19:20', '2025-09-05 05:19:20'),
(134, 'INV-20250905165006-889', 1, NULL, 6000.00, 6000.00, 0.00, '2025-09-05 09:50:07', '2025-09-05 09:50:07'),
(135, 'INV-20250905165030-415', 1, NULL, 20000.00, 20000.00, 0.00, '2025-09-05 09:50:30', '2025-09-05 09:50:30'),
(136, 'INV-20250905171113-156', 1, NULL, 6000.00, 6000.00, 0.00, '2025-09-05 10:11:13', '2025-09-05 10:11:13'),
(137, 'INV-20250905194703-922', 1, NULL, 6000.00, 6000.00, 0.00, '2025-09-05 12:47:03', '2025-09-05 12:47:03'),
(138, 'INV-20250905200702-598', 1, NULL, 68000.00, 68000.00, 0.00, '2025-09-05 13:07:02', '2025-09-05 13:07:02'),
(139, 'INV-20250905202811-247', 1, NULL, 6000.00, 6000.00, 0.00, '2025-09-05 13:28:11', '2025-09-05 13:28:11'),
(140, 'INV-20250905205314-521', 1, NULL, 6000.00, 6000.00, 0.00, '2025-09-05 13:53:14', '2025-09-05 13:53:14'),
(141, 'INV-20250905205324-547', 1, NULL, 6000.00, 6000.00, 0.00, '2025-09-05 13:53:24', '2025-09-05 13:53:24'),
(142, 'INV-20250905210638-944', 1, NULL, 6000.00, 6000.00, 0.00, '2025-09-05 14:06:38', '2025-09-05 14:06:38'),
(143, 'INV-20250907115204-122', 1, NULL, 103000.00, 103000.00, 0.00, '2025-09-07 04:52:04', '2025-09-07 04:52:04'),
(144, 'INV-20250907120231-617', 1, NULL, 6000.00, 6000.00, 0.00, '2025-09-07 05:02:31', '2025-09-07 05:02:31'),
(145, 'INV-20250907120655-310', 1, NULL, 6000.00, 6000.00, 0.00, '2025-09-07 05:06:55', '2025-09-07 05:06:55'),
(146, 'INV-20250907121306-835', 1, NULL, 45000.00, 45000.00, 0.00, '2025-09-07 05:13:06', '2025-09-07 05:13:06'),
(147, 'INV-20251202144941-801', 1, NULL, 5000.00, 5000.00, 0.00, '2025-12-02 07:49:41', '2025-12-02 07:49:41'),
(148, 'INV-20251202145831-429', 1, NULL, 34000.00, 34000.00, 0.00, '2025-12-02 07:58:31', '2025-12-02 07:58:31');

-- --------------------------------------------------------

--
-- Table structure for table `sale_items`
--

CREATE TABLE `sale_items` (
  `id` bigint UNSIGNED NOT NULL,
  `sale_id` bigint UNSIGNED NOT NULL,
  `product_id` bigint UNSIGNED NOT NULL,
  `quantity` int NOT NULL,
  `cost_price` decimal(12,2) NOT NULL,
  `price` decimal(12,2) NOT NULL,
  `profit` decimal(12,2) NOT NULL,
  `subtotal` decimal(12,2) NOT NULL,
  `created_at` timestamp NULL DEFAULT NULL,
  `updated_at` timestamp NULL DEFAULT NULL
) ENGINE=InnoDB DEFAULT CHARSET=utf8mb4 COLLATE=utf8mb4_unicode_ci;

--
-- Dumping data for table `sale_items`
--

INSERT INTO `sale_items` (`id`, `sale_id`, `product_id`, `quantity`, `cost_price`, `price`, `profit`, `subtotal`, `created_at`, `updated_at`) VALUES
(1, 1, 1, 1, 5000.00, 6000.00, 1000.00, 6000.00, '2025-08-20 13:53:33', '2025-08-20 13:53:33'),
(2, 2, 1, 1, 5000.00, 6000.00, 1000.00, 6000.00, '2025-08-20 13:57:53', '2025-08-20 13:57:53'),
(3, 3, 1, 2, 5000.00, 6000.00, 2000.00, 12000.00, '2025-08-20 14:06:26', '2025-08-20 14:06:26'),
(4, 4, 1, 1, 5000.00, 6000.00, 1000.00, 6000.00, '2025-08-22 13:44:32', '2025-08-22 13:44:32'),
(5, 5, 1, 1, 5000.00, 6000.00, 1000.00, 6000.00, '2025-08-22 13:44:54', '2025-08-22 13:44:54'),
(6, 6, 3, 1, 10300.00, 12000.00, 1700.00, 12000.00, '2025-08-22 14:02:07', '2025-08-22 14:02:07'),
(7, 6, 5, 1, 14000.00, 16000.00, 2000.00, 16000.00, '2025-08-22 14:02:07', '2025-08-22 14:02:07'),
(8, 6, 1, 1, 5000.00, 6000.00, 1000.00, 6000.00, '2025-08-22 14:02:07', '2025-08-22 14:02:07'),
(9, 7, 1, 1, 5000.00, 6000.00, 1000.00, 6000.00, '2025-08-22 14:06:32', '2025-08-22 14:06:32'),
(10, 8, 1, 1, 5000.00, 6000.00, 1000.00, 6000.00, '2025-08-22 14:09:21', '2025-08-22 14:09:21'),
(11, 9, 1, 1, 5000.00, 6000.00, 1000.00, 6000.00, '2025-08-22 14:10:56', '2025-08-22 14:10:56'),
(12, 10, 1, 1, 5000.00, 6000.00, 1000.00, 6000.00, '2025-08-23 03:35:36', '2025-08-23 03:35:36'),
(13, 11, 8, 1, 14300.00, 16000.00, 1700.00, 16000.00, '2025-08-23 03:40:44', '2025-08-23 03:40:44'),
(14, 12, 1, 2, 5000.00, 6000.00, 2000.00, 12000.00, '2025-08-23 05:32:32', '2025-08-23 05:32:32'),
(15, 12, 3, 1, 10300.00, 12000.00, 1700.00, 12000.00, '2025-08-23 05:32:32', '2025-08-23 05:32:32'),
(16, 13, 1, 2, 5000.00, 6000.00, 2000.00, 12000.00, '2025-08-23 05:34:00', '2025-08-23 05:34:00'),
(17, 14, 3, 2, 10300.00, 12000.00, 3400.00, 24000.00, '2025-08-23 10:50:11', '2025-08-23 10:50:11'),
(18, 15, 1, 2, 5000.00, 6000.00, 2000.00, 12000.00, '2025-08-23 10:58:34', '2025-08-23 10:58:34'),
(19, 15, 4, 1, 12000.00, 14000.00, 2000.00, 14000.00, '2025-08-23 10:58:34', '2025-08-23 10:58:34'),
(20, 16, 1, 2, 5000.00, 6000.00, 2000.00, 12000.00, '2025-08-23 12:36:37', '2025-08-23 12:36:37'),
(21, 17, 3, 1, 10300.00, 12000.00, 1700.00, 12000.00, '2025-08-23 12:50:20', '2025-08-23 12:50:20'),
(22, 18, 1, 1, 5000.00, 6000.00, 1000.00, 6000.00, '2025-08-23 12:58:38', '2025-08-23 12:58:38'),
(23, 19, 2, 1, 9000.00, 11000.00, 2000.00, 11000.00, '2025-08-23 13:44:56', '2025-08-23 13:44:56'),
(24, 19, 1, 1, 5000.00, 6000.00, 1000.00, 6000.00, '2025-08-23 13:44:56', '2025-08-23 13:44:56'),
(25, 20, 9, 1, 20000.00, 22000.00, 2000.00, 22000.00, '2025-08-23 13:53:20', '2025-08-23 13:53:20'),
(26, 20, 26, 1, 50700.00, 53000.00, 2300.00, 53000.00, '2025-08-23 13:53:20', '2025-08-23 13:53:20'),
(27, 20, 1, 1, 5000.00, 6000.00, 1000.00, 6000.00, '2025-08-23 13:53:20', '2025-08-23 13:53:20'),
(28, 21, 1, 1, 5000.00, 6000.00, 1000.00, 6000.00, '2025-08-23 14:40:44', '2025-08-23 14:40:44'),
(29, 21, 3, 1, 10300.00, 12000.00, 1700.00, 12000.00, '2025-08-23 14:40:44', '2025-08-23 14:40:44'),
(30, 22, 3, 1, 10300.00, 12000.00, 1700.00, 12000.00, '2025-08-23 16:04:49', '2025-08-23 16:04:49'),
(31, 23, 1, 1, 5000.00, 6000.00, 1000.00, 6000.00, '2025-08-24 04:28:30', '2025-08-24 04:28:30'),
(32, 24, 1, 2, 5000.00, 6000.00, 2000.00, 12000.00, '2025-08-24 04:52:00', '2025-08-24 04:52:00'),
(33, 25, 3, 2, 10300.00, 12000.00, 3400.00, 24000.00, '2025-08-24 06:02:34', '2025-08-24 06:02:34'),
(34, 26, 25, 1, 20700.00, 23000.00, 2300.00, 23000.00, '2025-08-24 06:16:40', '2025-08-24 06:16:40'),
(35, 27, 3, 1, 10300.00, 12000.00, 1700.00, 12000.00, '2025-08-24 06:17:28', '2025-08-24 06:17:28'),
(36, 28, 1, 1, 5000.00, 6000.00, 1000.00, 6000.00, '2025-08-24 07:01:18', '2025-08-24 07:01:18'),
(37, 29, 25, 1, 20700.00, 23000.00, 2300.00, 23000.00, '2025-08-24 07:07:00', '2025-08-24 07:07:00'),
(38, 30, 3, 1, 10300.00, 12000.00, 1700.00, 12000.00, '2025-08-24 07:16:53', '2025-08-24 07:16:53'),
(39, 31, 3, 1, 10300.00, 12000.00, 1700.00, 12000.00, '2025-08-24 07:40:08', '2025-08-24 07:40:08'),
(40, 32, 25, 1, 20700.00, 23000.00, 2300.00, 23000.00, '2025-08-24 07:51:35', '2025-08-24 07:51:35'),
(41, 33, 3, 1, 10300.00, 12000.00, 1700.00, 12000.00, '2025-08-24 07:55:17', '2025-08-24 07:55:17'),
(42, 34, 1, 5, 5000.00, 6000.00, 5000.00, 30000.00, '2025-08-24 13:02:29', '2025-08-24 13:02:29'),
(43, 34, 3, 1, 10300.00, 12000.00, 1700.00, 12000.00, '2025-08-24 13:02:29', '2025-08-24 13:02:29'),
(44, 34, 2, 2, 9000.00, 11000.00, 4000.00, 22000.00, '2025-08-24 13:02:29', '2025-08-24 13:02:29'),
(45, 35, 8, 1, 14300.00, 16000.00, 1700.00, 16000.00, '2025-08-24 13:17:02', '2025-08-24 13:17:02'),
(46, 36, 1, 1, 5000.00, 6000.00, 1000.00, 6000.00, '2025-08-24 13:21:49', '2025-08-24 13:21:49'),
(47, 37, 23, 1, 18000.00, 20000.00, 2000.00, 20000.00, '2025-08-24 13:33:01', '2025-08-24 13:33:01'),
(48, 38, 1, 1, 5000.00, 6000.00, 1000.00, 6000.00, '2025-08-24 13:48:11', '2025-08-24 13:48:11'),
(49, 39, 22, 1, 14800.00, 16000.00, 1200.00, 16000.00, '2025-08-24 14:06:24', '2025-08-24 14:06:24'),
(50, 40, 1, 2, 5000.00, 6000.00, 2000.00, 12000.00, '2025-08-24 14:19:41', '2025-08-24 14:19:41'),
(51, 41, 3, 2, 10300.00, 12000.00, 3400.00, 24000.00, '2025-08-24 15:02:50', '2025-08-24 15:02:50'),
(52, 41, 1, 1, 5000.00, 6000.00, 1000.00, 6000.00, '2025-08-24 15:02:50', '2025-08-24 15:02:50'),
(53, 42, 1, 1, 5000.00, 6000.00, 1000.00, 6000.00, '2025-08-25 09:45:14', '2025-08-25 09:45:14'),
(54, 43, 1, 5, 5000.00, 6000.00, 5000.00, 30000.00, '2025-08-25 10:54:23', '2025-08-25 10:54:23'),
(55, 44, 1, 1, 5000.00, 6000.00, 1000.00, 6000.00, '2025-08-25 11:27:15', '2025-08-25 11:27:15'),
(56, 44, 3, 1, 10300.00, 12000.00, 1700.00, 12000.00, '2025-08-25 11:27:15', '2025-08-25 11:27:15'),
(57, 45, 1, 1, 5000.00, 6000.00, 1000.00, 6000.00, '2025-08-25 12:35:25', '2025-08-25 12:35:25'),
(58, 45, 4, 1, 12000.00, 14000.00, 2000.00, 14000.00, '2025-08-25 12:35:25', '2025-08-25 12:35:25'),
(59, 46, 1, 2, 5000.00, 6000.00, 2000.00, 12000.00, '2025-08-25 12:54:48', '2025-08-25 12:54:48'),
(60, 47, 25, 1, 20700.00, 23000.00, 2300.00, 23000.00, '2025-08-25 12:54:56', '2025-08-25 12:54:56'),
(61, 48, 1, 1, 5000.00, 6000.00, 1000.00, 6000.00, '2025-08-25 13:28:41', '2025-08-25 13:28:41'),
(62, 49, 1, 1, 5000.00, 6000.00, 1000.00, 6000.00, '2025-08-25 13:45:34', '2025-08-25 13:45:34'),
(63, 50, 1, 1, 5000.00, 6000.00, 1000.00, 6000.00, '2025-08-25 14:13:11', '2025-08-25 14:13:11'),
(64, 51, 3, 2, 10300.00, 12000.00, 3400.00, 24000.00, '2025-08-26 11:54:49', '2025-08-26 11:54:49'),
(65, 51, 4, 1, 12000.00, 14000.00, 2000.00, 14000.00, '2025-08-26 11:54:49', '2025-08-26 11:54:49'),
(66, 51, 1, 3, 5000.00, 6000.00, 3000.00, 18000.00, '2025-08-26 11:54:49', '2025-08-26 11:54:49'),
(67, 52, 3, 3, 10300.00, 12000.00, 5100.00, 36000.00, '2025-08-26 13:54:43', '2025-08-26 13:54:43'),
(68, 53, 25, 1, 20700.00, 23000.00, 2300.00, 23000.00, '2025-08-27 03:25:18', '2025-08-27 03:25:18'),
(69, 53, 1, 2, 5000.00, 6000.00, 2000.00, 12000.00, '2025-08-27 03:25:18', '2025-08-27 03:25:18'),
(70, 53, 9, 1, 20000.00, 22000.00, 2000.00, 22000.00, '2025-08-27 03:25:18', '2025-08-27 03:25:18'),
(71, 54, 3, 1, 10300.00, 12000.00, 1700.00, 12000.00, '2025-08-27 05:34:59', '2025-08-27 05:34:59'),
(72, 55, 1, 1, 5000.00, 6000.00, 1000.00, 6000.00, '2025-08-27 05:40:45', '2025-08-27 05:40:45'),
(73, 56, 1, 2, 5000.00, 6000.00, 2000.00, 12000.00, '2025-08-27 05:47:52', '2025-08-27 05:47:52'),
(74, 57, 5, 1, 14000.00, 16000.00, 2000.00, 16000.00, '2025-08-27 06:20:36', '2025-08-27 06:20:36'),
(75, 58, 1, 1, 5000.00, 6000.00, 1000.00, 6000.00, '2025-08-27 08:04:24', '2025-08-27 08:04:24'),
(76, 59, 25, 1, 20700.00, 23000.00, 2300.00, 23000.00, '2025-08-27 11:13:46', '2025-08-27 11:13:46'),
(77, 60, 26, 1, 50700.00, 53000.00, 2300.00, 53000.00, '2025-08-27 11:14:02', '2025-08-27 11:14:02'),
(78, 61, 27, 1, 100700.00, 103000.00, 2300.00, 103000.00, '2025-08-27 14:35:38', '2025-08-27 14:35:38'),
(79, 61, 3, 2, 10300.00, 12000.00, 3400.00, 24000.00, '2025-08-27 14:35:38', '2025-08-27 14:35:38'),
(80, 61, 1, 1, 5000.00, 6000.00, 1000.00, 6000.00, '2025-08-27 14:35:38', '2025-08-27 14:35:38'),
(81, 61, 19, 1, 13800.00, 15000.00, 1200.00, 15000.00, '2025-08-27 14:35:38', '2025-08-27 14:35:38'),
(82, 61, 20, 1, 27900.00, 29000.00, 1100.00, 29000.00, '2025-08-27 14:35:38', '2025-08-27 14:35:38'),
(83, 62, 1, 30, 5000.00, 6000.00, 30000.00, 180000.00, '2025-08-28 15:33:20', '2025-08-28 15:33:20'),
(84, 62, 18, 2, 10800.00, 13000.00, 4400.00, 26000.00, '2025-08-28 15:33:20', '2025-08-28 15:33:20'),
(85, 62, 5, 2, 14000.00, 16000.00, 4000.00, 32000.00, '2025-08-28 15:33:20', '2025-08-28 15:33:20'),
(86, 62, 9, 2, 20000.00, 22000.00, 4000.00, 44000.00, '2025-08-28 15:33:20', '2025-08-28 15:33:20'),
(87, 62, 3, 8, 10300.00, 12000.00, 13600.00, 96000.00, '2025-08-28 15:33:20', '2025-08-28 15:33:20'),
(88, 62, 25, 2, 20700.00, 23000.00, 4600.00, 46000.00, '2025-08-28 15:33:20', '2025-08-28 15:33:20'),
(89, 62, 26, 1, 50700.00, 53000.00, 2300.00, 53000.00, '2025-08-28 15:33:20', '2025-08-28 15:33:20'),
(90, 63, 1, 1, 5000.00, 6000.00, 1000.00, 6000.00, '2025-08-28 15:33:41', '2025-08-28 15:33:41'),
(91, 64, 1, 4, 5000.00, 6000.00, 4000.00, 24000.00, '2025-08-30 06:10:55', '2025-08-30 06:10:55'),
(92, 64, 8, 1, 14300.00, 16000.00, 1700.00, 16000.00, '2025-08-30 06:10:55', '2025-08-30 06:10:55'),
(93, 65, 1, 1, 5000.00, 6000.00, 1000.00, 6000.00, '2025-08-30 06:44:17', '2025-08-30 06:44:17'),
(94, 66, 4, 1, 12000.00, 14000.00, 2000.00, 14000.00, '2025-08-30 10:24:24', '2025-08-30 10:24:24'),
(95, 66, 3, 1, 10300.00, 12000.00, 1700.00, 12000.00, '2025-08-30 10:24:24', '2025-08-30 10:24:24'),
(96, 66, 1, 2, 5000.00, 6000.00, 2000.00, 12000.00, '2025-08-30 10:24:24', '2025-08-30 10:24:24'),
(97, 67, 1, 2, 5000.00, 6000.00, 2000.00, 12000.00, '2025-08-30 10:29:24', '2025-08-30 10:29:24'),
(98, 67, 25, 2, 20700.00, 23000.00, 4600.00, 46000.00, '2025-08-30 10:29:24', '2025-08-30 10:29:24'),
(99, 68, 3, 1, 10300.00, 12000.00, 1700.00, 12000.00, '2025-08-30 10:34:53', '2025-08-30 10:34:53'),
(100, 69, 1, 1, 5000.00, 6000.00, 1000.00, 6000.00, '2025-08-30 10:44:00', '2025-08-30 10:44:00'),
(101, 69, 25, 1, 20700.00, 23000.00, 2300.00, 23000.00, '2025-08-30 10:44:00', '2025-08-30 10:44:00'),
(102, 70, 1, 7, 5000.00, 6000.00, 7000.00, 42000.00, '2025-08-30 12:34:14', '2025-08-30 12:34:14'),
(103, 70, 3, 1, 10300.00, 12000.00, 1700.00, 12000.00, '2025-08-30 12:34:14', '2025-08-30 12:34:14'),
(104, 70, 25, 1, 20700.00, 23000.00, 2300.00, 23000.00, '2025-08-30 12:34:14', '2025-08-30 12:34:14'),
(105, 71, 1, 1, 5000.00, 6000.00, 1000.00, 6000.00, '2025-08-30 13:32:58', '2025-08-30 13:32:58'),
(106, 71, 3, 1, 10300.00, 12000.00, 1700.00, 12000.00, '2025-08-30 13:32:58', '2025-08-30 13:32:58'),
(107, 72, 5, 1, 14000.00, 16000.00, 2000.00, 16000.00, '2025-08-30 13:33:03', '2025-08-30 13:33:03'),
(108, 73, 25, 1, 20700.00, 23000.00, 2300.00, 23000.00, '2025-08-30 13:33:10', '2025-08-30 13:33:10'),
(109, 74, 1, 1, 5000.00, 6000.00, 1000.00, 6000.00, '2025-08-30 13:38:34', '2025-08-30 13:38:34'),
(110, 75, 24, 2, 5000.00, 6000.00, 2000.00, 12000.00, '2025-08-30 13:40:03', '2025-08-30 13:40:03'),
(111, 75, 18, 1, 10800.00, 13000.00, 2200.00, 13000.00, '2025-08-30 13:40:03', '2025-08-30 13:40:03'),
(112, 76, 1, 2, 5000.00, 6000.00, 2000.00, 12000.00, '2025-08-30 13:43:29', '2025-08-30 13:43:29'),
(113, 77, 1, 1, 5000.00, 6000.00, 1000.00, 6000.00, '2025-08-30 14:10:36', '2025-08-30 14:10:36'),
(114, 78, 1, 2, 5000.00, 6000.00, 2000.00, 12000.00, '2025-08-30 14:30:46', '2025-08-30 14:30:46'),
(115, 78, 2, 2, 9000.00, 11000.00, 4000.00, 22000.00, '2025-08-30 14:30:46', '2025-08-30 14:30:46'),
(116, 79, 1, 2, 5000.00, 6000.00, 2000.00, 12000.00, '2025-08-30 14:35:34', '2025-08-30 14:35:34'),
(117, 80, 3, 1, 10300.00, 12000.00, 1700.00, 12000.00, '2025-08-30 16:24:26', '2025-08-30 16:24:26'),
(118, 81, 1, 3, 5000.00, 6000.00, 3000.00, 18000.00, '2025-08-31 04:49:37', '2025-08-31 04:49:37'),
(119, 82, 1, 4, 5000.00, 6000.00, 4000.00, 24000.00, '2025-08-31 06:14:21', '2025-08-31 06:14:21'),
(120, 82, 27, 1, 100700.00, 103000.00, 2300.00, 103000.00, '2025-08-31 06:14:21', '2025-08-31 06:14:21'),
(121, 83, 1, 1, 5000.00, 6000.00, 1000.00, 6000.00, '2025-08-31 06:24:35', '2025-08-31 06:24:35'),
(122, 84, 1, 1, 5000.00, 6000.00, 1000.00, 6000.00, '2025-08-31 06:29:36', '2025-08-31 06:29:36'),
(123, 85, 1, 19, 5000.00, 6000.00, 19000.00, 114000.00, '2025-08-31 13:09:32', '2025-08-31 13:09:32'),
(124, 85, 3, 1, 10300.00, 12000.00, 1700.00, 12000.00, '2025-08-31 13:09:32', '2025-08-31 13:09:32'),
(125, 86, 3, 1, 10300.00, 12000.00, 1700.00, 12000.00, '2025-08-31 13:35:02', '2025-08-31 13:35:02'),
(126, 87, 8, 1, 14300.00, 16000.00, 1700.00, 16000.00, '2025-09-01 16:12:03', '2025-09-01 16:12:03'),
(127, 87, 25, 4, 20700.00, 23000.00, 9200.00, 92000.00, '2025-09-01 16:12:03', '2025-09-01 16:12:03'),
(128, 87, 3, 4, 10300.00, 12000.00, 6800.00, 48000.00, '2025-09-01 16:12:03', '2025-09-01 16:12:03'),
(129, 87, 13, 1, 25100.00, 27000.00, 1900.00, 27000.00, '2025-09-01 16:12:03', '2025-09-01 16:12:03'),
(130, 87, 19, 2, 13800.00, 15000.00, 2400.00, 30000.00, '2025-09-01 16:12:03', '2025-09-01 16:12:03'),
(131, 87, 24, 1, 5000.00, 6000.00, 1000.00, 6000.00, '2025-09-01 16:12:03', '2025-09-01 16:12:03'),
(132, 87, 1, 20, 5000.00, 6000.00, 20000.00, 120000.00, '2025-09-01 16:12:03', '2025-09-01 16:12:03'),
(133, 87, 5, 1, 14000.00, 16000.00, 2000.00, 16000.00, '2025-09-01 16:12:03', '2025-09-01 16:12:03'),
(134, 88, 25, 6, 20700.00, 23000.00, 13800.00, 138000.00, '2025-09-02 15:36:41', '2025-09-02 15:36:41'),
(135, 88, 18, 2, 10800.00, 13000.00, 4400.00, 26000.00, '2025-09-02 15:36:41', '2025-09-02 15:36:41'),
(136, 88, 20, 2, 27900.00, 29000.00, 2200.00, 58000.00, '2025-09-02 15:36:41', '2025-09-02 15:36:41'),
(137, 88, 21, 1, 6000.00, 7000.00, 1000.00, 7000.00, '2025-09-02 15:36:41', '2025-09-02 15:36:41'),
(138, 88, 5, 5, 14000.00, 16000.00, 10000.00, 80000.00, '2025-09-02 15:36:41', '2025-09-02 15:36:41'),
(139, 88, 3, 8, 10300.00, 12000.00, 13600.00, 96000.00, '2025-09-02 15:36:41', '2025-09-02 15:36:41'),
(140, 88, 1, 35, 5000.00, 6000.00, 35000.00, 210000.00, '2025-09-02 15:36:41', '2025-09-02 15:36:41'),
(141, 88, 8, 1, 14300.00, 16000.00, 1700.00, 16000.00, '2025-09-02 15:36:41', '2025-09-02 15:36:41'),
(142, 88, 26, 1, 50700.00, 53000.00, 2300.00, 53000.00, '2025-09-02 15:36:41', '2025-09-02 15:36:41'),
(143, 88, 28, 1, 200700.00, 203000.00, 2300.00, 203000.00, '2025-09-02 15:36:41', '2025-09-02 15:36:41'),
(144, 89, 1, 4, 5000.00, 6000.00, 4000.00, 24000.00, '2025-09-03 05:24:24', '2025-09-03 05:24:24'),
(145, 90, 3, 1, 10300.00, 12000.00, 1700.00, 12000.00, '2025-09-03 05:25:26', '2025-09-03 05:25:26'),
(146, 91, 1, 3, 5000.00, 6000.00, 3000.00, 18000.00, '2025-09-03 06:55:48', '2025-09-03 06:55:48'),
(147, 92, 3, 1, 10300.00, 12000.00, 1700.00, 12000.00, '2025-09-03 07:00:36', '2025-09-03 07:00:36'),
(148, 93, 8, 1, 14300.00, 16000.00, 1700.00, 16000.00, '2025-09-03 07:09:38', '2025-09-03 07:09:38'),
(149, 94, 1, 1, 5000.00, 6000.00, 1000.00, 6000.00, '2025-09-03 07:37:44', '2025-09-03 07:37:44'),
(150, 95, 1, 1, 5000.00, 6000.00, 1000.00, 6000.00, '2025-09-03 07:39:22', '2025-09-03 07:39:22'),
(151, 96, 1, 1, 5000.00, 6000.00, 1000.00, 6000.00, '2025-09-03 08:07:17', '2025-09-03 08:07:17'),
(152, 97, 1, 1, 5000.00, 6000.00, 1000.00, 6000.00, '2025-09-03 09:54:01', '2025-09-03 09:54:01'),
(153, 98, 1, 1, 5000.00, 6000.00, 1000.00, 6000.00, '2025-09-03 09:54:11', '2025-09-03 09:54:11'),
(154, 99, 1, 1, 5000.00, 6000.00, 1000.00, 6000.00, '2025-09-03 09:54:22', '2025-09-03 09:54:22'),
(155, 100, 3, 1, 10300.00, 12000.00, 1700.00, 12000.00, '2025-09-03 10:05:43', '2025-09-03 10:05:43'),
(156, 101, 4, 1, 12000.00, 14000.00, 2000.00, 14000.00, '2025-09-03 10:05:53', '2025-09-03 10:05:53'),
(157, 101, 3, 1, 10300.00, 12000.00, 1700.00, 12000.00, '2025-09-03 10:05:53', '2025-09-03 10:05:53'),
(158, 102, 24, 1, 5000.00, 6000.00, 1000.00, 6000.00, '2025-09-03 10:46:58', '2025-09-03 10:46:58'),
(159, 103, 25, 1, 20700.00, 23000.00, 2300.00, 23000.00, '2025-09-03 10:54:19', '2025-09-03 10:54:19'),
(160, 104, 24, 1, 5000.00, 6000.00, 1000.00, 6000.00, '2025-09-03 11:59:20', '2025-09-03 11:59:20'),
(161, 105, 1, 1, 5000.00, 6000.00, 1000.00, 6000.00, '2025-09-03 12:03:00', '2025-09-03 12:03:00'),
(162, 106, 3, 2, 10300.00, 12000.00, 3400.00, 24000.00, '2025-09-03 12:57:20', '2025-09-03 12:57:20'),
(163, 106, 1, 1, 5000.00, 6000.00, 1000.00, 6000.00, '2025-09-03 12:57:20', '2025-09-03 12:57:20'),
(164, 106, 24, 2, 5000.00, 6000.00, 2000.00, 12000.00, '2025-09-03 12:57:20', '2025-09-03 12:57:20'),
(165, 106, 5, 1, 14000.00, 16000.00, 2000.00, 16000.00, '2025-09-03 12:57:20', '2025-09-03 12:57:20'),
(166, 107, 1, 1, 5000.00, 6000.00, 1000.00, 6000.00, '2025-09-03 13:02:40', '2025-09-03 13:02:40'),
(167, 108, 1, 1, 5000.00, 6000.00, 1000.00, 6000.00, '2025-09-03 13:19:30', '2025-09-03 13:19:30'),
(168, 109, 1, 2, 5000.00, 6000.00, 2000.00, 12000.00, '2025-09-03 13:28:26', '2025-09-03 13:28:26'),
(169, 109, 5, 1, 14000.00, 16000.00, 2000.00, 16000.00, '2025-09-03 13:28:26', '2025-09-03 13:28:26'),
(170, 109, 25, 2, 20700.00, 23000.00, 4600.00, 46000.00, '2025-09-03 13:28:26', '2025-09-03 13:28:26'),
(171, 110, 1, 1, 5000.00, 6000.00, 1000.00, 6000.00, '2025-09-04 05:52:59', '2025-09-04 05:52:59'),
(172, 111, 1, 1, 5000.00, 6000.00, 1000.00, 6000.00, '2025-09-04 05:53:18', '2025-09-04 05:53:18'),
(173, 112, 5, 1, 14000.00, 16000.00, 2000.00, 16000.00, '2025-09-04 05:53:40', '2025-09-04 05:53:40'),
(174, 113, 3, 1, 10300.00, 12000.00, 1700.00, 12000.00, '2025-09-04 05:53:52', '2025-09-04 05:53:52'),
(175, 114, 3, 1, 10300.00, 12000.00, 1700.00, 12000.00, '2025-09-04 05:54:04', '2025-09-04 05:54:04'),
(176, 115, 3, 1, 10300.00, 12000.00, 1700.00, 12000.00, '2025-09-04 05:54:17', '2025-09-04 05:54:17'),
(177, 116, 5, 1, 14000.00, 16000.00, 2000.00, 16000.00, '2025-09-04 05:55:09', '2025-09-04 05:55:09'),
(178, 117, 1, 1, 5000.00, 6000.00, 1000.00, 6000.00, '2025-09-04 06:08:04', '2025-09-04 06:08:04'),
(179, 118, 1, 1, 5000.00, 6000.00, 1000.00, 6000.00, '2025-09-04 06:08:13', '2025-09-04 06:08:13'),
(180, 119, 19, 1, 13800.00, 15000.00, 1200.00, 15000.00, '2025-09-04 07:22:25', '2025-09-04 07:22:25'),
(181, 120, 3, 1, 10300.00, 12000.00, 1700.00, 12000.00, '2025-09-04 07:47:18', '2025-09-04 07:47:18'),
(182, 121, 19, 1, 13800.00, 15000.00, 1200.00, 15000.00, '2025-09-04 08:10:09', '2025-09-04 08:10:09'),
(183, 122, 9, 1, 20000.00, 22000.00, 2000.00, 22000.00, '2025-09-04 08:16:51', '2025-09-04 08:16:51'),
(184, 123, 1, 1, 5000.00, 6000.00, 1000.00, 6000.00, '2025-09-04 08:18:38', '2025-09-04 08:18:38'),
(185, 124, 5, 1, 14000.00, 16000.00, 2000.00, 16000.00, '2025-09-04 08:18:51', '2025-09-04 08:18:51'),
(186, 125, 1, 1, 5000.00, 6000.00, 1000.00, 6000.00, '2025-09-04 11:17:06', '2025-09-04 11:17:06'),
(187, 126, 1, 1, 5000.00, 6000.00, 1000.00, 6000.00, '2025-09-04 11:17:15', '2025-09-04 11:17:15'),
(188, 127, 3, 1, 10300.00, 12000.00, 1700.00, 12000.00, '2025-09-04 11:17:34', '2025-09-04 11:17:34'),
(189, 128, 25, 1, 20700.00, 23000.00, 2300.00, 23000.00, '2025-09-04 11:21:22', '2025-09-04 11:21:22'),
(190, 129, 1, 1, 5000.00, 6000.00, 1000.00, 6000.00, '2025-09-04 12:26:33', '2025-09-04 12:26:33'),
(191, 130, 1, 1, 5000.00, 6000.00, 1000.00, 6000.00, '2025-09-04 12:30:24', '2025-09-04 12:30:24'),
(192, 131, 1, 1, 5000.00, 6000.00, 1000.00, 6000.00, '2025-09-04 13:59:45', '2025-09-04 13:59:45'),
(193, 132, 3, 1, 10300.00, 12000.00, 1700.00, 12000.00, '2025-09-05 05:19:07', '2025-09-05 05:19:07'),
(194, 133, 1, 1, 5000.00, 6000.00, 1000.00, 6000.00, '2025-09-05 05:19:20', '2025-09-05 05:19:20'),
(195, 134, 1, 1, 5000.00, 6000.00, 1000.00, 6000.00, '2025-09-05 09:50:07', '2025-09-05 09:50:07'),
(196, 135, 23, 1, 18000.00, 20000.00, 2000.00, 20000.00, '2025-09-05 09:50:30', '2025-09-05 09:50:30'),
(197, 136, 1, 1, 5000.00, 6000.00, 1000.00, 6000.00, '2025-09-05 10:11:13', '2025-09-05 10:11:13'),
(198, 137, 1, 1, 5000.00, 6000.00, 1000.00, 6000.00, '2025-09-05 12:47:03', '2025-09-05 12:47:03'),
(199, 138, 26, 1, 50700.00, 53000.00, 2300.00, 53000.00, '2025-09-05 13:07:02', '2025-09-05 13:07:02'),
(200, 138, 19, 1, 13800.00, 15000.00, 1200.00, 15000.00, '2025-09-05 13:07:02', '2025-09-05 13:07:02'),
(201, 139, 1, 1, 5000.00, 6000.00, 1000.00, 6000.00, '2025-09-05 13:28:11', '2025-09-05 13:28:11'),
(202, 140, 1, 1, 5000.00, 6000.00, 1000.00, 6000.00, '2025-09-05 13:53:14', '2025-09-05 13:53:14'),
(203, 141, 1, 1, 5000.00, 6000.00, 1000.00, 6000.00, '2025-09-05 13:53:24', '2025-09-05 13:53:24'),
(204, 142, 1, 1, 5000.00, 6000.00, 1000.00, 6000.00, '2025-09-05 14:06:38', '2025-09-05 14:06:38'),
(205, 143, 1, 7, 5000.00, 6000.00, 7000.00, 42000.00, '2025-09-07 04:52:04', '2025-09-07 04:52:04'),
(206, 143, 3, 2, 10300.00, 12000.00, 3400.00, 24000.00, '2025-09-07 04:52:04', '2025-09-07 04:52:04'),
(207, 143, 4, 1, 12000.00, 14000.00, 2000.00, 14000.00, '2025-09-07 04:52:04', '2025-09-07 04:52:04'),
(208, 143, 25, 1, 20700.00, 23000.00, 2300.00, 23000.00, '2025-09-07 04:52:04', '2025-09-07 04:52:04'),
(209, 144, 1, 1, 5000.00, 6000.00, 1000.00, 6000.00, '2025-09-07 05:02:31', '2025-09-07 05:02:31'),
(210, 145, 1, 1, 5000.00, 6000.00, 1000.00, 6000.00, '2025-09-07 05:06:55', '2025-09-07 05:06:55'),
(211, 146, 9, 1, 20000.00, 22000.00, 2000.00, 22000.00, '2025-09-07 05:13:06', '2025-09-07 05:13:06'),
(212, 146, 25, 1, 20700.00, 23000.00, 2300.00, 23000.00, '2025-09-07 05:13:06', '2025-09-07 05:13:06'),
(213, 147, 54, 1, 3500.00, 5000.00, 1500.00, 5000.00, '2025-12-02 07:49:41', '2025-12-02 07:49:41'),
(214, 148, 3, 1, 10500.00, 12000.00, 1500.00, 12000.00, '2025-12-02 07:58:31', '2025-12-02 07:58:31'),
(215, 148, 1, 1, 5200.00, 6000.00, 800.00, 6000.00, '2025-12-02 07:58:31', '2025-12-02 07:58:31'),
(216, 148, 5, 1, 14000.00, 16000.00, 2000.00, 16000.00, '2025-12-02 07:58:31', '2025-12-02 07:58:31');

-- --------------------------------------------------------

--
-- Table structure for table `sessions`
--

CREATE TABLE `sessions` (
  `id` varchar(255) CHARACTER SET utf8mb4 COLLATE utf8mb4_unicode_ci NOT NULL,
  `user_id` bigint UNSIGNED DEFAULT NULL,
  `ip_address` varchar(45) CHARACTER SET utf8mb4 COLLATE utf8mb4_unicode_ci DEFAULT NULL,
  `user_agent` text CHARACTER SET utf8mb4 COLLATE utf8mb4_unicode_ci,
  `payload` longtext CHARACTER SET utf8mb4 COLLATE utf8mb4_unicode_ci NOT NULL,
  `last_activity` int NOT NULL
) ENGINE=InnoDB DEFAULT CHARSET=utf8mb4 COLLATE=utf8mb4_unicode_ci;

--
-- Dumping data for table `sessions`
--

INSERT INTO `sessions` (`id`, `user_id`, `ip_address`, `user_agent`, `payload`, `last_activity`) VALUES
('lsXaPz2JrSNHcXrvqnViq3BEDQInMucOkq9I4U8K', 1, '127.0.0.1', 'Mozilla/5.0 (Windows NT 10.0; Win64; x64) AppleWebKit/537.36 (KHTML, like Gecko) Chrome/142.0.0.0 Safari/537.36', 'YTo1OntzOjY6Il90b2tlbiI7czo0MDoiWEFtRkpsdkZqRHJVSWl2MnVsVk1xVHdvQzhPVnFPQW5zeFdHQ2VaciI7czozOiJ1cmwiO2E6MTp7czo4OiJpbnRlbmRlZCI7czoyNDoiaHR0cDovL3Bvcy1lbmhhbmNlZC50ZXN0Ijt9czo5OiJfcHJldmlvdXMiO2E6MTp7czozOiJ1cmwiO3M6MzY6Imh0dHA6Ly9wb3MtZW5oYW5jZWQudGVzdC9zYWxlcy1tb25leSI7fXM6NjoiX2ZsYXNoIjthOjI6e3M6Mzoib2xkIjthOjA6e31zOjM6Im5ldyI7YTowOnt9fXM6NTA6ImxvZ2luX3dlYl81OWJhMzZhZGRjMmIyZjk0MDE1ODBmMDE0YzdmNThlYTRlMzA5ODlkIjtpOjE7fQ==', 1764662382);

-- --------------------------------------------------------

--
-- Table structure for table `users`
--

CREATE TABLE `users` (
  `id` bigint UNSIGNED NOT NULL,
  `name` varchar(255) CHARACTER SET utf8mb4 COLLATE utf8mb4_unicode_ci NOT NULL,
  `email` varchar(255) CHARACTER SET utf8mb4 COLLATE utf8mb4_unicode_ci NOT NULL,
  `email_verified_at` timestamp NULL DEFAULT NULL,
  `password` varchar(255) CHARACTER SET utf8mb4 COLLATE utf8mb4_unicode_ci NOT NULL,
  `role` enum('admin','cashier') CHARACTER SET utf8mb4 COLLATE utf8mb4_unicode_ci NOT NULL,
  `remember_token` varchar(100) CHARACTER SET utf8mb4 COLLATE utf8mb4_unicode_ci DEFAULT NULL,
  `created_at` timestamp NULL DEFAULT NULL,
  `updated_at` timestamp NULL DEFAULT NULL
) ENGINE=InnoDB DEFAULT CHARSET=utf8mb4 COLLATE=utf8mb4_unicode_ci;

--
-- Dumping data for table `users`
--

INSERT INTO `users` (`id`, `name`, `email`, `email_verified_at`, `password`, `role`, `remember_token`, `created_at`, `updated_at`) VALUES
(1, 'Admin', 'admin@test.com', '2025-08-20 10:41:00', '$2y$12$Or3jZ5z.m3mT9Ij5Z5qSyu2gFmLJrRqiOIYGQtT.CZZ4bhQZsnlSK', 'admin', 'd5T5KHeH4Z8OwUdFMlusVlkp0rMGZptK4QGLfQTG2GA8y7EG18PIdDzWsEce', '2025-08-20 10:41:00', '2025-08-20 10:41:00');

--
-- Indexes for dumped tables
--

--
-- Indexes for table `accounts`
--
ALTER TABLE `accounts`
  ADD PRIMARY KEY (`id`);

--
-- Indexes for table `account_mutations`
--
ALTER TABLE `account_mutations`
  ADD PRIMARY KEY (`id`),
  ADD KEY `account_mutations_account_id_foreign` (`account_id`);

--
-- Indexes for table `cache`
--
ALTER TABLE `cache`
  ADD PRIMARY KEY (`key`);

--
-- Indexes for table `cache_locks`
--
ALTER TABLE `cache_locks`
  ADD PRIMARY KEY (`key`);

--
-- Indexes for table `categories`
--
ALTER TABLE `categories`
  ADD PRIMARY KEY (`id`);

--
-- Indexes for table `customers`
--
ALTER TABLE `customers`
  ADD PRIMARY KEY (`id`);

--
-- Indexes for table `debts`
--
ALTER TABLE `debts`
  ADD PRIMARY KEY (`id`),
  ADD KEY `debts_customer_id_foreign` (`customer_id`);

--
-- Indexes for table `expenses`
--
ALTER TABLE `expenses`
  ADD PRIMARY KEY (`id`);

--
-- Indexes for table `failed_jobs`
--
ALTER TABLE `failed_jobs`
  ADD PRIMARY KEY (`id`),
  ADD UNIQUE KEY `failed_jobs_uuid_unique` (`uuid`);

--
-- Indexes for table `incomes`
--
ALTER TABLE `incomes`
  ADD PRIMARY KEY (`id`);

--
-- Indexes for table `inventory_logs`
--
ALTER TABLE `inventory_logs`
  ADD PRIMARY KEY (`id`),
  ADD KEY `inventory_logs_product_id_foreign` (`product_id`);

--
-- Indexes for table `jobs`
--
ALTER TABLE `jobs`
  ADD PRIMARY KEY (`id`),
  ADD KEY `jobs_queue_index` (`queue`);

--
-- Indexes for table `job_batches`
--
ALTER TABLE `job_batches`
  ADD PRIMARY KEY (`id`);

--
-- Indexes for table `migrations`
--
ALTER TABLE `migrations`
  ADD PRIMARY KEY (`id`);

--
-- Indexes for table `password_reset_tokens`
--
ALTER TABLE `password_reset_tokens`
  ADD PRIMARY KEY (`email`);

--
-- Indexes for table `products`
--
ALTER TABLE `products`
  ADD PRIMARY KEY (`id`),
  ADD UNIQUE KEY `products_product_code_unique` (`product_code`),
  ADD UNIQUE KEY `products_barcode_unique` (`barcode`),
  ADD KEY `products_category_id_foreign` (`category_id`);

--
-- Indexes for table `retails`
--
ALTER TABLE `retails`
  ADD PRIMARY KEY (`id`);

--
-- Indexes for table `sales`
--
ALTER TABLE `sales`
  ADD PRIMARY KEY (`id`),
  ADD UNIQUE KEY `sales_invoice_unique` (`invoice`),
  ADD KEY `sales_user_id_foreign` (`user_id`),
  ADD KEY `sales_customer_id_foreign` (`customer_id`);

--
-- Indexes for table `sale_items`
--
ALTER TABLE `sale_items`
  ADD PRIMARY KEY (`id`),
  ADD KEY `sale_items_sale_id_foreign` (`sale_id`),
  ADD KEY `sale_items_product_id_foreign` (`product_id`);

--
-- Indexes for table `sessions`
--
ALTER TABLE `sessions`
  ADD PRIMARY KEY (`id`),
  ADD KEY `sessions_user_id_index` (`user_id`),
  ADD KEY `sessions_last_activity_index` (`last_activity`);

--
-- Indexes for table `users`
--
ALTER TABLE `users`
  ADD PRIMARY KEY (`id`),
  ADD UNIQUE KEY `users_email_unique` (`email`);

--
-- AUTO_INCREMENT for dumped tables
--

--
-- AUTO_INCREMENT for table `accounts`
--
ALTER TABLE `accounts`
  MODIFY `id` bigint UNSIGNED NOT NULL AUTO_INCREMENT, AUTO_INCREMENT=11;

--
-- AUTO_INCREMENT for table `account_mutations`
--
ALTER TABLE `account_mutations`
  MODIFY `id` bigint UNSIGNED NOT NULL AUTO_INCREMENT, AUTO_INCREMENT=1242;

--
-- AUTO_INCREMENT for table `categories`
--
ALTER TABLE `categories`
  MODIFY `id` bigint UNSIGNED NOT NULL AUTO_INCREMENT, AUTO_INCREMENT=11;

--
-- AUTO_INCREMENT for table `customers`
--
ALTER TABLE `customers`
  MODIFY `id` bigint UNSIGNED NOT NULL AUTO_INCREMENT, AUTO_INCREMENT=13;

--
-- AUTO_INCREMENT for table `debts`
--
ALTER TABLE `debts`
  MODIFY `id` bigint UNSIGNED NOT NULL AUTO_INCREMENT, AUTO_INCREMENT=13;

--
-- AUTO_INCREMENT for table `expenses`
--
ALTER TABLE `expenses`
  MODIFY `id` bigint UNSIGNED NOT NULL AUTO_INCREMENT, AUTO_INCREMENT=214;

--
-- AUTO_INCREMENT for table `failed_jobs`
--
ALTER TABLE `failed_jobs`
  MODIFY `id` bigint UNSIGNED NOT NULL AUTO_INCREMENT;

--
-- AUTO_INCREMENT for table `incomes`
--
ALTER TABLE `incomes`
  MODIFY `id` bigint UNSIGNED NOT NULL AUTO_INCREMENT, AUTO_INCREMENT=1183;

--
-- AUTO_INCREMENT for table `inventory_logs`
--
ALTER TABLE `inventory_logs`
  MODIFY `id` bigint UNSIGNED NOT NULL AUTO_INCREMENT, AUTO_INCREMENT=220;

--
-- AUTO_INCREMENT for table `jobs`
--
ALTER TABLE `jobs`
  MODIFY `id` bigint UNSIGNED NOT NULL AUTO_INCREMENT;

--
-- AUTO_INCREMENT for table `migrations`
--
ALTER TABLE `migrations`
  MODIFY `id` int UNSIGNED NOT NULL AUTO_INCREMENT, AUTO_INCREMENT=17;

--
-- AUTO_INCREMENT for table `products`
--
ALTER TABLE `products`
  MODIFY `id` bigint UNSIGNED NOT NULL AUTO_INCREMENT, AUTO_INCREMENT=74;

--
-- AUTO_INCREMENT for table `retails`
--
ALTER TABLE `retails`
  MODIFY `id` bigint UNSIGNED NOT NULL AUTO_INCREMENT;

--
-- AUTO_INCREMENT for table `sales`
--
ALTER TABLE `sales`
  MODIFY `id` bigint UNSIGNED NOT NULL AUTO_INCREMENT, AUTO_INCREMENT=149;

--
-- AUTO_INCREMENT for table `sale_items`
--
ALTER TABLE `sale_items`
  MODIFY `id` bigint UNSIGNED NOT NULL AUTO_INCREMENT, AUTO_INCREMENT=217;

--
-- AUTO_INCREMENT for table `users`
--
ALTER TABLE `users`
  MODIFY `id` bigint UNSIGNED NOT NULL AUTO_INCREMENT, AUTO_INCREMENT=2;

--
-- Constraints for dumped tables
--

--
-- Constraints for table `account_mutations`
--
ALTER TABLE `account_mutations`
  ADD CONSTRAINT `account_mutations_account_id_foreign` FOREIGN KEY (`account_id`) REFERENCES `accounts` (`id`) ON DELETE CASCADE;

--
-- Constraints for table `debts`
--
ALTER TABLE `debts`
  ADD CONSTRAINT `debts_customer_id_foreign` FOREIGN KEY (`customer_id`) REFERENCES `customers` (`id`) ON DELETE CASCADE;

--
-- Constraints for table `inventory_logs`
--
ALTER TABLE `inventory_logs`
  ADD CONSTRAINT `inventory_logs_product_id_foreign` FOREIGN KEY (`product_id`) REFERENCES `products` (`id`) ON DELETE CASCADE;

--
-- Constraints for table `products`
--
ALTER TABLE `products`
  ADD CONSTRAINT `products_category_id_foreign` FOREIGN KEY (`category_id`) REFERENCES `categories` (`id`) ON DELETE CASCADE;

--
-- Constraints for table `sales`
--
ALTER TABLE `sales`
  ADD CONSTRAINT `sales_customer_id_foreign` FOREIGN KEY (`customer_id`) REFERENCES `customers` (`id`) ON DELETE SET NULL,
  ADD CONSTRAINT `sales_user_id_foreign` FOREIGN KEY (`user_id`) REFERENCES `users` (`id`) ON DELETE CASCADE;

--
-- Constraints for table `sale_items`
--
ALTER TABLE `sale_items`
  ADD CONSTRAINT `sale_items_product_id_foreign` FOREIGN KEY (`product_id`) REFERENCES `products` (`id`) ON DELETE RESTRICT,
  ADD CONSTRAINT `sale_items_sale_id_foreign` FOREIGN KEY (`sale_id`) REFERENCES `sales` (`id`) ON DELETE CASCADE;
COMMIT;

/*!40101 SET CHARACTER_SET_CLIENT=@OLD_CHARACTER_SET_CLIENT */;
/*!40101 SET CHARACTER_SET_RESULTS=@OLD_CHARACTER_SET_RESULTS */;
/*!40101 SET COLLATION_CONNECTION=@OLD_COLLATION_CONNECTION */;
